<?xml version="1.0"?>
<COLLADA xmlns="http://www.collada.org/2005/11/COLLADASchema" version="1.4.1">
	<asset>
		<contributor>
			<author>Assimp</author>
			<authoring_tool>Assimp Exporter</authoring_tool>
		</contributor>
		<created>2022-03-27T21:48:31</created>
		<modified>2022-03-27T21:48:31</modified>
		<unit name="meter" meter="1.000000" />
		<up_axis>Y_UP</up_axis>
	</asset>
	<library_effects>
		<effect id="body-fx" name="body">
			<profile_COMMON>
				<technique sid="standard">
					<phong>
						<diffuse>
							<color sid="diffuse">0.800000   0.800000   0.800000   1.000000</color>
						</diffuse>
					</phong>
				</technique>
			</profile_COMMON>
		</effect>
		<effect id="base-fx" name="base">
			<profile_COMMON>
				<technique sid="standard">
					<phong>
						<diffuse>
							<color sid="diffuse">0.800000   0.800000   0.800000   1.000000</color>
						</diffuse>
					</phong>
				</technique>
			</profile_COMMON>
		</effect>
		<effect id="buton-fx" name="buton">
			<profile_COMMON>
				<technique sid="standard">
					<phong>
						<diffuse>
							<color sid="diffuse">0.800000   0.800000   0.800000   1.000000</color>
						</diffuse>
					</phong>
				</technique>
			</profile_COMMON>
		</effect>
		<effect id="foto-fx" name="foto">
			<profile_COMMON>
				<technique sid="standard">
					<phong>
						<diffuse>
							<color sid="diffuse">0.800000   0.800000   0.800000   1.000000</color>
						</diffuse>
					</phong>
				</technique>
			</profile_COMMON>
		</effect>
		<effect id="lens-fx" name="lens">
			<profile_COMMON>
				<technique sid="standard">
					<phong>
						<diffuse>
							<color sid="diffuse">0.800000   0.800000   0.800000   1.000000</color>
						</diffuse>
					</phong>
				</technique>
			</profile_COMMON>
		</effect>
		<effect id="glass-fx" name="glass">
			<profile_COMMON>
				<technique sid="standard">
					<phong>
						<diffuse>
							<color sid="diffuse">0.007628   0.007628   0.007628   1.000000</color>
						</diffuse>
					</phong>
				</technique>
			</profile_COMMON>
		</effect>
	</library_effects>
	<library_materials>
		<material id="body" name="body">
			<instance_effect url="#body-fx"/>
		</material>
		<material id="base" name="base">
			<instance_effect url="#base-fx"/>
		</material>
		<material id="buton" name="buton">
			<instance_effect url="#buton-fx"/>
		</material>
		<material id="foto" name="foto">
			<instance_effect url="#foto-fx"/>
		</material>
		<material id="lens" name="lens">
			<instance_effect url="#lens-fx"/>
		</material>
		<material id="glass" name="glass">
			<instance_effect url="#glass-fx"/>
		</material>
	</library_materials>
	<library_geometries>
		<geometry id="meshId0" name="meshId0_name" >
			<mesh>
				<source id="meshId0-positions" name="meshId0-positions">
					<float_array id="meshId0-positions-array" count="918"> 
						-1.646156 -1.984931 -0.321769 -0.941911 -1.984931 -0.321769 -0.618711 -2.339689 -0.321769 -1.329380 -2.339689 -0.321769 -1.487768 -2.297250 -0.321769 -1.603716 -2.181302 -0.321769 -1.646156 -2.022913 -0.321769 -0.618711 -1.984931 0.183897 -1.547322 -1.984931 0.183897 -1.646156 -1.984931 0.183897 -1.646156 -2.022913 0.181651 -1.603716 -2.181302 0.172283 -1.487768 -2.297250 0.165426 -1.329380 -2.339689 0.162916 -0.618711 -2.339689 0.162916 -1.225061 2.339689 0.321769 -1.329380 2.339689 0.321769 -1.487768 2.297250 0.321769 -1.603716 2.181302 0.321769 -1.646156 2.022913 0.321769 -1.646156 0.349554 0.321769 -1.547322 0.349554 0.321769 -0.603255 0.349554 0.321769 -1.329380 2.339689 -0.321769 -1.329380 2.339689 0.321769 -1.225061 2.339689 0.321769 -1.225061 2.339689 -0.321769 1.646156 -1.984931 0.183897 0.969637 -1.984931 0.183897 0.969637 -2.339689 0.162916 1.329380 -2.339689 0.162916 1.487768 -2.297250 0.165426 1.603716 -2.181302 0.172283 1.646156 -2.022913 0.181651 1.646156 2.022913 0.321769 1.603716 2.181302 0.321769 1.487768 2.297250 0.321769 1.329380 2.339689 0.321769 1.263867 2.339689 0.321769 0.969637 0.349554 0.321769 1.646156 0.349554 0.321769 1.263867 2.339689 -0.321769 1.263867 2.339689 0.321769 1.329380 2.339689 0.321769 1.329380 2.339689 -0.321769 1.329380 -2.339689 -0.321769 1.329380 -2.339689 0.162916 0.969637 -2.339689 0.162916 0.969637 -2.339689 -0.321769 -1.646156 -1.984931 -0.321769 -1.646156 -1.984931 0.183897 -1.646156 0.349554 0.321769 -1.646156 0.346193 -0.321769 -1.646156 2.022914 -0.321769 -1.603716 2.181302 -0.321769 -1.487768 2.297250 -0.321769 -1.329380 2.339689 -0.321769 -1.225061 2.339689 -0.321769 -0.941911 0.346193 -0.321769 -1.646156 0.346193 -0.321769 1.263867 2.339689 -0.321769 1.329380 2.339689 -0.321769 1.487768 2.297250 -0.321769 1.603716 2.181302 -0.321769 
						1.646156 2.022914 -0.321769 1.646156 0.346193 -0.321769 0.969637 0.346193 -0.321769 1.131078 2.339689 -0.102673 -1.092271 2.339689 -0.102673 -1.092271 1.892780 -0.102673 1.131078 1.892780 -0.102673 0.969637 -1.984931 -0.321769 0.969637 -2.339689 -0.321769 1.646156 -1.984931 -0.321769 1.646156 -1.984931 0.183897 1.646156 -2.022913 0.181651 1.646156 -2.022913 -0.321769 1.646156 -1.984931 -0.321769 1.646156 -2.022913 -0.321769 1.603716 -2.181302 -0.321769 1.487768 -2.297250 -0.321769 1.329380 -2.339689 -0.321769 -0.618711 -2.339689 -0.321769 -0.618711 -2.339689 0.162916 -1.329380 -2.339689 0.162916 -1.329380 -2.339689 -0.321769 1.646156 0.346193 -0.321769 1.646156 0.349554 0.321769 -1.646156 0.349554 0.321769 -1.646156 -1.984931 0.183897 -1.646156 -1.885836 0.918328 -1.646156 0.349554 0.936685 0.969637 0.349554 1.530563 -0.602880 0.349554 1.530563 -0.602880 0.349554 2.155870 0.860629 0.349554 2.155870 0.915133 0.349554 2.141266 0.955033 0.349554 2.101366 0.969637 0.349554 2.046862 -1.547322 0.349554 0.321769 -1.646156 0.349554 0.321769 -1.646156 0.349554 0.936685 -1.547322 0.349554 0.936685 -0.618711 -1.984931 0.183897 0.969637 -1.984931 0.183897 0.969637 -1.885836 0.918328 -0.618711 -1.885836 0.918328 0.969637 -1.984931 0.183897 0.969637 0.349554 0.321769 0.969637 0.349554 0.936685 0.969637 -1.885836 0.918328 0.860629 0.349554 2.155870 -0.602880 0.349554 2.155870 -0.602880 -0.962971 2.157130 0.860629 -0.962971 2.157130 -1.537148 -0.962972 2.157130 -1.591652 -0.973843 2.142536 -1.631552 -1.003546 2.102664 -1.646156 -1.044121 2.048199 -1.646156 -1.423721 1.538644 -1.499742 -1.423721 1.538644 -1.499742 -0.962972 2.157130 -1.499742 0.349554 2.155870 -1.499742 0.349554 1.530563 -1.646156 0.349554 1.530563 -1.646156 0.349554 2.046862 -1.631552 0.349554 2.101366 -1.591652 0.349554 2.141266 
						-1.537148 0.349554 2.155870 -0.602880 -1.423721 1.538644 0.969637 -1.423721 1.538644 0.969637 -1.044121 2.048199 0.955033 -1.003546 2.102664 0.915133 -0.973843 2.142536 0.860629 -0.962971 2.157130 -0.602880 -0.962971 2.157130 0.969637 -1.423721 1.538644 0.969637 0.349554 1.530563 0.969637 0.349554 2.046862 0.969637 -1.044121 2.048199 -1.547322 -1.984931 0.183897 -1.547322 -1.885836 0.918328 0.969637 0.349554 0.321769 -0.603255 0.349554 0.321769 -0.603255 0.349554 0.936685 0.969637 0.349554 0.936685 -1.646156 2.022913 0.321769 -1.646156 2.022914 -0.321769 -1.646156 -2.022913 -0.321769 -1.646156 -2.022913 0.181651 -1.646156 -1.423721 1.538644 -1.646156 0.349554 1.530563 1.131078 2.339689 0.102673 -1.092271 2.339689 0.102673 1.131078 2.339689 -0.102673 -1.092271 2.339689 -0.102673 1.057648 1.892780 -0.029244 -1.018842 1.892780 -0.029244 -1.018842 1.743327 -0.029244 1.057648 1.743327 -0.029244 -1.092271 2.339689 0.102673 1.131078 2.339689 0.102673 1.131078 1.892780 0.102673 -1.092271 1.892780 0.102673 -1.092271 2.339689 -0.102673 -1.092271 2.339689 0.102673 -1.092271 1.892780 0.102673 -1.092271 1.892780 -0.102673 1.131078 2.339689 0.102673 1.131078 2.339689 -0.102673 1.131078 1.892780 -0.102673 1.131078 1.892780 0.102673 1.057648 1.892780 0.029244 -1.018842 1.892780 0.029244 -1.092271 1.892780 0.102673 1.131078 1.892780 0.102673 1.057648 1.892780 -0.029244 1.131078 1.892780 -0.102673 -1.018842 1.892780 -0.029244 -1.092271 1.892780 -0.102673 -1.018842 1.743327 -0.029244 -1.018842 1.743327 0.029244 1.057648 1.743327 0.029244 1.057648 1.743327 -0.029244 -1.018842 1.892780 0.029244 1.057648 1.892780 0.029244 1.057648 1.743327 0.029244 -1.018842 1.743327 0.029244 -1.018842 1.892780 -0.029244 -1.018842 1.892780 0.029244 -1.018842 1.743327 0.029244 -1.018842 1.743327 -0.029244 
						1.057648 1.892780 0.029244 1.057648 1.892780 -0.029244 1.057648 1.743327 -0.029244 1.057648 1.743327 0.029244 1.646156 2.022913 0.321769 1.646156 2.022914 -0.321769 1.603716 2.181302 -0.321769 1.603716 2.181302 0.321769 1.487768 2.297250 -0.321769 1.487768 2.297250 0.321769 -1.487768 -2.297250 0.165426 -1.487768 -2.297250 -0.321769 -1.487768 -2.297250 -0.321769 -1.487768 -2.297250 0.165426 -1.603716 -2.181302 0.172283 -1.603716 -2.181302 -0.321769 1.487768 -2.297250 -0.321769 1.487768 -2.297250 0.165426 1.487768 -2.297250 0.165426 1.487768 -2.297250 -0.321769 1.603716 -2.181302 -0.321769 1.603716 -2.181302 0.172283 -1.487768 2.297250 -0.321769 -1.487768 2.297250 0.321769 -1.603716 2.181302 -0.321769 -1.603716 2.181302 0.321769 -1.475762 -1.409395 1.557875 -0.626861 -1.409395 1.557875 -0.626861 -1.434157 1.576322 -1.475762 -1.434157 1.576322 -1.499742 0.349554 2.155870 -1.537148 0.349554 2.155870 -1.537148 -0.962972 2.157130 -1.499742 -0.962972 2.157130 -1.315312 -1.850606 1.657178 -0.787311 -1.850606 1.657178 -0.634444 0.349554 1.562126 -1.468179 0.349554 1.562126 -1.646156 -1.885836 0.918328 -1.646156 -1.984931 0.183897 -1.591652 0.349554 2.141266 -1.591652 -0.973843 2.142536 -1.591652 -0.973843 2.142536 -1.591652 0.349554 2.141266 -1.631552 0.349554 2.101366 -1.631552 -1.003546 2.102664 -1.646156 0.349554 2.046862 -1.646156 -1.044121 2.048199 0.915133 -0.973843 2.142536 0.915133 0.349554 2.141266 0.915133 0.349554 2.141266 0.915133 -0.973843 2.142536 0.955033 -1.003546 2.102664 0.955033 0.349554 2.101366 -1.475762 -0.977297 2.137899 -0.626861 -0.977297 2.137899 -0.626861 -1.409395 1.557875 -1.475762 -1.409395 1.557875 -1.475762 -1.002059 2.156345 -1.475762 -1.434157 1.576322 -1.326372 -2.145710 1.638364 -1.326372 -2.145710 2.094303 -0.626861 -0.977297 2.137899 -1.475762 -0.977297 2.137899 
						-1.475762 -1.002059 2.156345 -0.626861 -1.002059 2.156345 -1.475762 -0.977297 2.137899 -1.475762 -1.409395 1.557875 -0.626861 -1.409395 1.557875 -0.626861 -0.977297 2.137899 -0.626861 -1.002059 2.156345 -0.626861 -1.434157 1.576322 -1.315312 -1.850606 2.070021 -1.315312 -1.850606 1.657178 -1.468179 0.349554 1.562126 -1.468179 0.349554 2.124307 -0.776251 -2.145710 2.094303 -0.776251 -2.145710 1.638364 -1.475762 -1.434157 1.576322 -0.626861 -1.434157 1.576322 -0.776251 -2.145710 1.638364 -1.326372 -2.145710 1.638364 -0.626861 -1.002059 2.156345 -1.475762 -1.002059 2.156345 -1.326372 -2.145710 2.094303 -0.776251 -2.145710 2.094303 -0.634444 0.349554 2.124307 -1.468179 0.349554 2.124307 -0.634444 0.349554 1.562126 -1.468179 0.349554 1.562126 -1.294809 -2.145710 2.062740 -0.807814 -2.145710 2.062740 -0.776251 -2.145710 2.094303 -1.326372 -2.145710 2.094303 -0.807814 -2.145710 1.669927 -0.776251 -2.145710 1.638364 -1.294809 -2.145710 1.669927 -1.326372 -2.145710 1.638364 -0.787311 -1.850606 1.657178 -0.787311 -1.850606 2.070021 -0.634444 0.349554 2.124307 -0.634444 0.349554 1.562126 -0.787311 -1.850606 2.070021 -1.315312 -1.850606 2.070021 -1.468179 0.349554 2.124307 -0.634444 0.349554 2.124307 -0.807814 -2.145710 2.062740 -1.294809 -2.145710 2.062740 -0.807814 -2.145710 1.669927 -0.807814 -2.145710 2.062740 -1.294809 -2.145710 2.062740 -1.294809 -2.145710 1.669927 -1.294809 -2.145710 1.669927 -0.807814 -2.145710 1.669927 
					</float_array>
					<technique_common>
						<accessor count="306" offset="0" source="#meshId0-positions-array" stride="3">
							<param name="X" type="float" />
							<param name="Y" type="float" />
							<param name="Z" type="float" />
						</accessor>
					</technique_common>
				</source>
				<source id="meshId0-normals" name="meshId0-normals">
					<float_array id="meshId0-normals-array" count="918"> 
						0.000000 -0.000000 -1.000000 0.000000 -0.000000 -1.000000 0.000000 -0.000000 -1.000000 0.000000 -0.000000 -1.000000 0.000000 -0.000000 -1.000000 0.000000 -0.000000 -1.000000 0.000000 -0.000000 -1.000000 0.000000 -0.059040 0.998256 0.000000 -0.059040 0.998256 0.000000 -0.059040 0.998256 0.000000 -0.059040 0.998256 0.000000 -0.059040 0.998256 0.000000 -0.059040 0.998256 0.000000 -0.059040 0.998256 0.000000 -0.059040 0.998256 0.000000 0.000000 1.000000 0.000000 0.000000 1.000000 0.000000 0.000000 1.000000 0.000000 0.000000 1.000000 0.000000 0.000000 1.000000 0.000000 0.000000 1.000000 0.000000 0.000000 1.000000 0.000000 0.000000 1.000000 -0.130526 0.991445 0.000000 -0.130526 0.991445 0.000000 0.000000 1.000000 -0.000000 0.000000 1.000000 -0.000000 -0.000000 -0.058998 0.998258 -0.000000 -0.059012 0.998257 -0.000000 -0.059040 0.998256 -0.000000 -0.059040 0.998256 -0.000000 -0.059040 0.998256 -0.000000 -0.059040 0.998256 -0.000000 -0.059040 0.998256 -0.000000 0.000000 1.000000 -0.000000 0.000000 1.000000 -0.000000 0.000000 1.000000 -0.000000 0.000000 1.000000 -0.000000 0.000000 1.000000 -0.000000 -0.019660 0.999807 -0.000000 -0.029491 0.999565 0.000000 1.000000 -0.000000 0.000000 1.000000 -0.000000 0.130526 0.991445 0.000000 0.130526 0.991445 0.000000 0.130526 -0.991445 0.000000 0.131158 -0.991361 0.000000 0.000000 -1.000000 0.000000 0.000000 -1.000000 0.000000 -1.000000 0.000000 0.000000 -1.000000 0.000000 0.000000 -1.000000 -0.000000 0.000000 -1.000000 -0.000000 0.000000 0.000000 -0.000000 -1.000000 0.000000 -0.000000 -1.000000 0.000000 -0.000000 -1.000000 0.000000 -0.000000 -1.000000 0.000000 -0.000000 -1.000000 0.000000 -0.000000 -1.000000 0.000000 -0.000000 -1.000000 -0.000000 -0.000000 -1.000000 -0.000000 -0.000000 -1.000000 -0.000000 -0.000000 -1.000000 -0.000000 -0.000000 -1.000000 
						-0.000000 -0.000000 -1.000000 -0.000000 -0.000000 -1.000000 -0.000000 -0.000000 -1.000000 0.000000 0.000000 1.000000 0.000000 0.000000 1.000000 0.000000 0.000000 1.000000 0.000000 0.000000 1.000000 -0.000000 -0.000000 -1.000000 -0.000000 -0.000000 -1.000000 1.000000 -0.000000 -0.000000 1.000000 -0.000000 -0.000000 0.992068 -0.125702 0.000000 0.991445 -0.130526 0.000000 -0.000000 -0.000000 -1.000000 -0.000000 -0.000000 -1.000000 -0.000000 -0.000000 -1.000000 -0.000000 -0.000000 -1.000000 -0.000000 -0.000000 -1.000000 0.000000 -1.000000 0.000000 0.000000 -1.000000 0.000000 -0.131158 -0.991361 0.000000 -0.130526 -0.991445 0.000000 1.000000 0.000000 -0.000000 1.000000 0.000000 -0.000000 -1.000000 -0.000000 0.000000 -1.000000 0.000000 0.000000 -1.000000 0.000000 -0.000000 -1.000000 0.000000 -0.000000 0.000000 1.000000 0.000000 0.000000 1.000000 -0.000000 0.000000 1.000000 0.000000 0.000000 1.000000 0.000000 0.000000 1.000000 0.000000 0.000000 1.000000 0.000000 0.000000 1.000000 0.000000 0.000000 1.000000 -0.000000 0.000000 1.000000 -0.000000 0.000000 1.000000 -0.000000 0.000000 1.000000 -0.000000 0.000000 -0.991020 0.133716 0.000000 -0.991020 0.133716 0.000000 -0.925972 0.377592 0.000000 -0.925972 0.377592 1.000000 -0.000000 -0.000000 1.000000 -0.000000 -0.000000 1.000000 0.000000 -0.000000 1.000000 0.000000 -0.000000 0.130537 0.000951 0.991443 0.000000 0.000959 1.000000 0.000000 0.000959 1.000000 0.137970 0.000950 0.990436 -0.000001 -0.801934 0.597413 -0.000001 -0.801934 0.597413 -0.000001 -0.801934 0.597413 -0.000001 -0.801934 0.597413 -0.000000 -0.801934 0.597413 0.000000 -0.801934 0.597413 0.000001 -0.801935 0.597412 0.000000 1.000000 0.000000 0.000000 1.000000 -0.000000 0.000000 1.000000 -0.000000 0.000000 1.000000 0.000000 0.000000 1.000000 0.000000 0.000000 1.000000 0.000000 
						0.000000 1.000000 0.000000 -0.000000 -0.801934 0.597413 0.000000 -0.801934 0.597413 0.000000 -0.801934 0.597413 0.000000 -0.801934 0.597413 0.000000 -0.801934 0.597413 0.000000 -0.801934 0.597413 -0.000001 -0.801934 0.597412 1.000000 0.000000 -0.000000 1.000000 0.000000 -0.000000 0.991455 0.000125 0.130448 0.996933 0.000075 0.078255 0.000000 -0.991020 0.133716 0.000000 -0.925972 0.377592 0.000000 1.000000 -0.000000 0.000000 1.000000 -0.000000 0.000000 1.000000 0.000000 0.000000 1.000000 -0.000000 -0.991445 0.130527 0.000000 -0.991445 0.130527 0.000000 -0.991445 -0.130526 0.000000 -0.992068 -0.125702 0.000000 -1.000000 0.000000 -0.000000 -1.000000 0.000000 -0.000000 0.000000 1.000000 -0.000000 0.000000 1.000000 -0.000000 0.000000 1.000000 -0.000000 0.000000 1.000000 -0.000000 0.000000 0.000000 1.000000 0.000000 0.000000 1.000000 0.000000 0.000000 1.000000 0.000000 0.000000 1.000000 0.000000 -0.000000 -1.000000 0.000000 -0.000000 -1.000000 0.000000 -0.000000 -1.000000 0.000000 -0.000000 -1.000000 1.000000 0.000000 0.000000 1.000000 0.000000 0.000000 1.000000 0.000000 0.000000 1.000000 0.000000 0.000000 -1.000000 0.000000 0.000000 -1.000000 0.000000 0.000000 -1.000000 0.000000 0.000000 -1.000000 0.000000 0.000000 0.000000 1.000000 -0.000000 0.000000 1.000000 -0.000000 0.000000 1.000000 -0.000000 0.000000 1.000000 -0.000000 0.000000 1.000000 -0.000000 0.000000 1.000000 -0.000000 0.000000 1.000000 -0.000000 0.000000 1.000000 -0.000000 0.000000 1.000000 -0.000000 0.000000 1.000000 -0.000000 0.000000 1.000000 -0.000000 0.000000 1.000000 -0.000000 0.000000 -0.000000 -1.000000 0.000000 -0.000000 -1.000000 0.000000 -0.000000 -1.000000 0.000000 -0.000000 -1.000000 1.000000 0.000000 0.000000 1.000000 0.000000 0.000000 1.000000 0.000000 0.000000 1.000000 0.000000 0.000000 
						-1.000000 0.000000 0.000000 -1.000000 0.000000 0.000000 -1.000000 0.000000 0.000000 -1.000000 0.000000 0.000000 0.991445 0.130527 -0.000000 0.991445 0.130527 -0.000000 0.866026 0.500000 0.000000 0.866026 0.500000 0.000000 0.500000 0.866025 -0.000000 0.500000 0.866025 -0.000000 -0.504177 -0.863600 0.000000 -0.500000 -0.866025 0.000000 -0.500000 -0.866025 0.000000 -0.504177 -0.863600 0.000000 -0.870191 -0.492715 0.000000 -0.866026 -0.499999 0.000000 0.500000 -0.866025 0.000000 0.504177 -0.863600 0.000000 0.504177 -0.863600 0.000000 0.500000 -0.866025 0.000000 0.866026 -0.499999 0.000000 0.870191 -0.492715 0.000000 -0.500000 0.866025 -0.000000 -0.500000 0.866025 -0.000000 -0.866026 0.500000 0.000000 -0.866026 0.500000 0.000000 0.000000 -0.597413 -0.801934 0.000000 -0.597413 -0.801934 0.000000 -0.597413 -0.801934 0.000000 -0.597413 -0.801934 0.000000 0.000959 1.000000 -0.130537 0.000951 0.991443 -0.137970 0.000950 0.990436 0.000000 0.000959 1.000000 0.000000 0.043162 0.999068 0.000000 0.043162 0.999068 0.000000 0.043162 0.999068 0.000000 0.043162 0.999068 0.000000 -0.925972 0.377592 0.000000 -0.991020 0.133716 -0.500069 0.000831 0.865985 -0.544780 0.000805 0.838578 -0.544780 0.000805 0.838578 -0.500069 0.000831 0.865985 -0.866094 0.000480 0.499881 -0.907527 0.000403 0.419993 -0.991455 0.000125 0.130448 -0.996933 0.000075 0.078254 0.544781 0.000805 0.838578 0.500069 0.000831 0.865985 0.500069 0.000831 0.865985 0.544781 0.000805 0.838578 0.907527 0.000403 0.419993 0.866094 0.000480 0.499882 0.000002 -0.801935 0.597411 -0.000002 -0.801935 0.597411 -0.000002 -0.801934 0.597413 0.000002 -0.801934 0.597413 -0.998071 -0.057300 0.023900 -0.995095 -0.091299 0.038081 -0.985115 -0.158652 0.066173 -0.985115 -0.158652 0.066173 0.000000 0.597410 0.801936 0.000000 0.597410 0.801936 
						0.000000 0.597410 0.801936 0.000000 0.597410 0.801936 -1.000000 0.000000 0.000000 -1.000000 0.000000 0.000000 1.000000 0.000000 0.000000 1.000000 0.000000 0.000000 0.998071 -0.057300 0.023900 0.995095 -0.091299 0.038081 0.997595 0.069312 -0.000000 0.997595 0.069312 -0.000000 0.997595 0.069313 0.000000 0.997595 0.069313 0.000000 0.985115 -0.158652 0.066173 0.985115 -0.158652 0.066173 0.000000 -0.086863 -0.996220 0.000000 -0.086863 -0.996220 0.000000 -0.086863 -0.996220 0.000000 -0.086863 -0.996220 0.000000 -0.054169 0.998532 0.000000 -0.054169 0.998532 0.000000 -0.054169 0.998532 0.000000 -0.054169 0.998532 0.000000 1.000000 0.000001 0.000000 1.000000 0.000001 0.000000 1.000000 -0.000001 0.000000 1.000000 -0.000001 0.000000 -1.000000 -0.000004 0.000000 -1.000000 -0.000004 0.000000 -1.000000 -0.000004 0.000000 -1.000000 -0.000004 0.000000 -1.000000 0.000004 0.000000 -1.000000 0.000004 0.000000 -1.000000 0.000004 0.000000 -1.000000 0.000004 -0.997595 0.069313 -0.000000 -0.997595 0.069313 -0.000000 -0.997595 0.069313 0.000000 -0.997595 0.069313 0.000000 0.000000 0.024666 -0.999696 0.000000 0.024666 -0.999696 0.000000 0.024666 -0.999696 0.000000 0.024666 -0.999696 0.000000 0.024666 -0.999696 0.000000 0.024666 -0.999696 -0.997595 0.069313 -0.000000 -0.997595 0.069313 -0.000000 0.997595 0.069312 -0.000000 0.997595 0.069312 -0.000000 0.000000 0.043162 0.999068 0.000000 0.043162 0.999068 
					</float_array>
					<technique_common>
						<accessor count="306" offset="0" source="#meshId0-normals-array" stride="3">
							<param name="X" type="float" />
							<param name="Y" type="float" />
							<param name="Z" type="float" />
						</accessor>
					</technique_common>
				</source>
				<source id="meshId0-tangents" name="meshId0-tangents">
					<float_array id="meshId0-tangents-array" count="918"> 
						-1.000000 -0.000000 -0.000000 -1.000000 -0.000000 -0.000000 -1.000000 -0.000000 -0.000000 -1.000000 -0.000000 -0.000000 -1.000000 -0.000001 -0.000000 -1.000000 0.000000 -0.000000 -1.000000 -0.000000 -0.000000 1.000000 -0.000000 -0.000000 1.000000 0.000001 0.000000 1.000000 -0.000000 -0.000000 1.000000 -0.000001 -0.000000 1.000000 -0.000000 -0.000000 1.000000 -0.000000 -0.000000 1.000000 -0.000000 -0.000000 1.000000 -0.000000 -0.000000 1.000000 -0.000005 -0.000000 1.000000 -0.000004 -0.000000 1.000000 -0.000002 -0.000000 1.000000 -0.000002 -0.000000 1.000000 0.000001 -0.000000 1.000000 -0.000001 -0.000000 1.000000 -0.000000 -0.000000 1.000000 -0.000001 -0.000000 -0.000000 -0.000000 1.000000 0.000000 0.000000 1.000000 0.000000 0.000000 1.000000 0.000002 0.000000 1.000000 1.000000 -0.000000 -0.000000 1.000000 -0.000000 -0.000000 1.000000 -0.000000 -0.000000 1.000000 -0.000001 -0.000000 1.000000 -0.000001 -0.000000 1.000000 0.000002 0.000000 1.000000 -0.000000 0.000000 1.000000 0.000006 0.000000 1.000000 0.000004 0.000000 1.000000 0.000001 0.000000 1.000000 0.000000 0.000000 1.000000 0.000000 0.000000 1.000000 -0.000000 0.000000 1.000000 0.000000 0.000000 -0.000001 0.000000 1.000000 0.000002 0.000000 1.000000 0.000002 -0.000000 1.000000 0.000001 -0.000000 1.000000 0.000000 0.000000 -1.000000 0.000000 0.000000 -1.000000 0.000000 -0.000000 -1.000000 0.000000 -0.000000 -1.000000 0.000000 0.000001 1.000000 0.000000 -0.000000 1.000000 0.000000 -0.000001 1.000000 0.000000 -0.000000 1.000000 -1.000000 0.000003 -0.000000 -1.000000 -0.000003 -0.000000 -1.000000 -0.000001 -0.000000 -1.000000 0.000000 -0.000000 -1.000000 -0.000000 -0.000000 -1.000000 -0.000000 -0.000000 -1.000000 -0.000000 -0.000000 -1.000000 -0.000000 0.000000 -1.000000 -0.000000 0.000000 -1.000000 -0.000002 0.000000 -1.000000 -0.000003 0.000000 
						-1.000000 0.000002 0.000000 -1.000000 -0.000000 0.000000 -1.000000 -0.000000 0.000000 0.000000 -1.000000 0.000000 0.000000 -1.000000 0.000000 0.000000 -1.000000 0.000000 0.000000 -1.000000 0.000000 -1.000000 -0.000000 0.000000 -1.000000 0.000000 0.000000 0.000000 -0.000006 1.000000 0.000000 -0.000002 1.000000 -0.000000 -0.000001 1.000000 -0.000000 -0.000001 1.000000 -1.000000 0.000000 0.000000 -1.000000 0.000002 0.000000 -1.000000 0.000001 0.000000 -1.000000 0.000000 0.000000 -1.000000 0.000000 0.000000 0.000000 0.000000 -1.000000 0.000000 -0.000000 -1.000000 -0.000000 0.000000 -1.000000 -0.000000 0.000000 -1.000000 0.000000 -0.000004 1.000000 0.000000 -0.000005 1.000000 -0.000000 1.000000 -0.000009 0.000000 1.000000 -0.000010 0.000000 1.000000 -0.000010 0.000000 1.000000 -0.000010 -1.000000 -0.000000 0.000001 -1.000000 -0.000000 -0.000001 -1.000000 -0.000000 0.000014 -1.000000 0.000000 -0.000001 -1.000000 0.000000 -0.000001 -1.000000 -0.000000 0.000024 -1.000000 -0.000000 0.000002 -1.000000 -0.000000 0.000000 -1.000000 -0.000000 0.000000 -1.000000 -0.000000 0.000000 -1.000000 -0.000000 0.000000 1.000000 0.000000 -0.000000 1.000000 -0.000000 -0.000001 1.000000 -0.000000 -0.000001 1.000000 -0.000000 -0.000000 0.000000 1.000000 -0.000009 0.000000 1.000000 -0.000009 -0.000000 1.000000 -0.000009 -0.000000 1.000000 -0.000009 0.000001 -1.000000 0.000959 0.000000 -1.000000 0.000959 0.000000 -1.000000 0.000959 -0.000000 -1.000000 0.000959 1.000000 -0.000024 -0.000031 1.000000 -0.000013 -0.000016 1.000000 -0.000015 -0.000019 1.000000 -0.000012 -0.000015 1.000000 -0.000006 -0.000008 1.000000 -0.000005 -0.000007 1.000000 -0.000010 -0.000015 -1.000000 0.000000 -0.000002 -1.000000 0.000000 0.000001 -1.000000 0.000000 0.000000 -1.000000 0.000000 -0.000001 -1.000000 0.000000 -0.000006 -1.000000 -0.000000 0.000008 
						-1.000000 -0.000000 0.000000 1.000000 0.000005 0.000007 1.000000 -0.000001 -0.000001 1.000000 0.000000 0.000000 1.000000 0.000000 0.000000 1.000000 0.000001 0.000001 1.000000 0.000001 0.000001 1.000000 -0.000006 -0.000007 -0.000000 1.000000 -0.000009 -0.000000 1.000000 -0.000010 -0.000123 1.000000 -0.000026 -0.000074 1.000000 -0.000019 1.000000 0.000000 -0.000000 1.000000 -0.000000 -0.000000 -1.000000 -0.000000 0.000000 -1.000000 -0.000000 0.000000 -1.000000 -0.000000 0.000000 -1.000000 -0.000000 0.000000 -0.000000 -0.000001 1.000000 -0.000000 -0.000001 1.000000 -0.000000 0.000001 1.000000 -0.000000 0.000001 1.000000 0.000000 1.000000 -0.000010 0.000000 1.000000 -0.000010 0.000002 0.000000 1.000000 -0.000001 0.000000 1.000000 -0.000002 0.000000 1.000000 0.000003 0.000000 1.000000 0.000000 1.000000 0.000000 0.000000 1.000000 -0.000000 0.000000 1.000000 0.000000 0.000000 1.000000 -0.000000 0.000000 -1.000000 0.000000 0.000000 -1.000000 0.000000 0.000000 -1.000000 0.000000 0.000000 -1.000000 0.000000 0.000000 -1.000000 -0.000000 0.000000 -1.000000 -0.000000 0.000000 -1.000000 0.000000 0.000000 -1.000000 0.000000 0.000000 -1.000000 0.000000 0.000000 -1.000000 0.000000 0.000000 -1.000000 -0.000000 0.000000 -1.000000 -0.000000 -1.000000 0.000000 0.000002 -1.000000 0.000000 0.000009 -1.000000 0.000000 0.000004 -1.000000 0.000000 0.000005 -1.000000 -0.000000 -0.000009 -1.000000 -0.000000 0.000001 -1.000000 0.000000 0.000002 -1.000000 0.000000 0.000001 0.000000 0.000000 -1.000000 0.000000 -0.000000 -1.000000 0.000000 0.000000 -1.000000 0.000000 -0.000000 -1.000000 0.000005 1.000000 0.000000 0.000005 1.000000 -0.000000 0.000005 1.000000 0.000000 0.000005 1.000000 -0.000000 0.000000 1.000000 0.000000 0.000000 1.000000 0.000001 0.000000 1.000000 0.000005 0.000000 1.000000 0.000004 
						0.000000 1.000000 -0.000005 0.000000 1.000000 -0.000004 0.000000 1.000000 0.000000 0.000000 1.000000 -0.000001 0.000000 -0.000003 1.000000 0.000000 -0.000002 1.000000 0.000001 -0.000001 1.000000 0.000001 -0.000001 1.000000 0.000002 -0.000001 1.000000 0.000002 -0.000001 1.000000 -0.000000 0.000000 -1.000000 -0.000000 0.000000 -1.000000 -0.000001 0.000001 1.000000 -0.000001 0.000000 1.000000 -0.000000 0.000001 1.000000 -0.000000 0.000001 1.000000 0.000000 0.000000 -1.000000 0.000000 0.000000 -1.000000 -0.000001 -0.000001 1.000000 -0.000004 -0.000003 1.000000 -0.000001 -0.000002 1.000000 -0.000002 -0.000004 1.000000 -0.000000 -0.000000 1.000000 -0.000000 -0.000000 1.000000 -0.000000 -0.000001 1.000000 -0.000000 -0.000000 1.000000 0.175591 -0.789474 0.588131 0.033015 -0.801497 0.597087 0.029628 -0.801582 0.597151 0.172254 -0.789947 0.588483 0.000000 -1.000000 0.000959 -0.000000 -1.000000 0.000959 0.000000 -1.000000 0.000959 0.000000 -1.000000 0.000959 0.057104 -0.997438 0.043091 0.057103 -0.997438 0.043091 0.057104 -0.997438 0.043091 0.057104 -0.997438 0.043091 1.000000 0.000000 0.000000 1.000000 0.000000 0.000000 -0.000000 -1.000000 0.000959 0.000000 -1.000000 0.000959 0.000780 1.000000 -0.000452 0.000796 1.000000 -0.000500 0.000459 1.000000 -0.000164 0.000388 1.000000 -0.000122 0.000123 1.000000 -0.000026 0.000074 1.000000 -0.000019 -0.000000 -1.000000 0.000960 0.000000 -1.000000 0.000959 -0.000793 1.000000 -0.000502 -0.000779 1.000000 -0.000453 -0.000387 1.000000 -0.000124 -0.000458 1.000000 -0.000166 1.000000 -0.000008 -0.000013 1.000000 -0.000013 -0.000015 1.000000 0.000020 0.000030 1.000000 -0.000008 -0.000014 0.061955 -0.894277 0.443205 0.098464 -0.951185 0.292491 0.168708 -0.966152 0.195160 0.168724 -0.966052 0.195644 0.170068 -0.790253 0.588707 -0.027967 -0.801622 0.597177 
						-0.032646 -0.801508 0.597092 0.165453 -0.790883 0.589177 0.000000 -0.820999 0.570930 0.000000 -0.907638 0.419753 0.000000 -0.783149 0.621834 0.000000 -0.832457 0.554090 -0.061262 -0.846451 0.528931 -0.097491 -0.839849 0.533994 0.069207 -0.996073 0.055212 0.069207 -0.996073 0.055212 0.069207 -0.996073 0.055213 0.069207 -0.996073 0.055213 -0.170116 -0.844449 0.507904 -0.170490 -0.852551 0.494055 0.108081 -0.990385 0.086354 0.148383 -0.985192 0.085901 0.204360 -0.975196 0.085030 0.151378 -0.984740 0.085862 0.333767 -0.941271 -0.051063 0.339970 -0.939056 -0.050943 0.355059 -0.933471 -0.050640 0.346592 -0.936639 -0.050812 -1.000000 -0.000000 0.000026 -1.000000 0.000000 -0.000005 -1.000000 -0.000000 -0.000007 -1.000000 0.000000 0.000005 -1.000000 -0.000000 0.000004 -1.000000 0.000000 -0.000004 -1.000000 0.000000 -0.000004 -1.000000 -0.000000 0.000004 -1.000000 -0.000000 -0.000003 -1.000000 -0.000000 -0.000003 -1.000000 0.000000 0.000003 -1.000000 0.000000 0.000003 -0.068319 -0.983297 0.168699 -0.068319 -0.983297 0.168699 -0.068319 -0.983297 0.168699 -0.068319 -0.983297 0.168699 0.148644 -0.988590 -0.024392 0.148644 -0.988590 -0.024392 0.148644 -0.988590 -0.024392 0.148644 -0.988590 -0.024392 0.148644 -0.988590 -0.024392 0.148644 -0.988590 -0.024392 -0.068319 -0.983297 0.168698 -0.068319 -0.983297 0.168698 0.069206 -0.996073 0.055212 0.069206 -0.996073 0.055212 0.057105 -0.997438 0.043091 0.057103 -0.997438 0.043091 
					</float_array>
					<technique_common>
						<accessor count="306" offset="0" source="#meshId0-tangents-array" stride="3">
							<param name="X" type="float" />
							<param name="Y" type="float" />
							<param name="Z" type="float" />
						</accessor>
					</technique_common>
				</source>
				<source id="meshId0-bitangents" name="meshId0-bitangents">
					<float_array id="meshId0-bitangents-array" count="918"> 
						-0.000000 1.000000 -0.000000 -0.000000 1.000000 -0.000000 -0.000000 1.000000 -0.000000 -0.000000 1.000000 -0.000000 -0.000001 1.000000 -0.000000 0.000000 1.000000 0.000000 -0.000000 1.000000 -0.000000 0.000000 0.998256 0.059040 -0.000001 0.998256 0.059040 0.000000 0.998256 0.059040 0.000001 0.998256 0.059040 0.000000 0.998256 0.059040 0.000000 0.998256 0.059040 0.000000 0.998256 0.059040 0.000000 0.998256 0.059040 0.000005 1.000000 -0.000000 0.000004 1.000000 -0.000000 0.000002 1.000000 -0.000000 0.000002 1.000000 -0.000000 -0.000001 1.000000 0.000000 0.000001 1.000000 -0.000000 0.000000 1.000000 -0.000000 0.000001 1.000000 -0.000000 0.991445 0.130526 0.000000 0.991445 0.130526 -0.000000 1.000000 -0.000000 -0.000000 1.000000 0.000000 -0.000002 0.000000 0.998258 0.058998 0.000000 0.998257 0.059012 0.000000 0.998256 0.059040 0.000001 0.998256 0.059040 0.000001 0.998256 0.059040 -0.000002 0.998256 0.059040 0.000000 0.998256 0.059040 -0.000006 1.000000 -0.000000 -0.000004 1.000000 -0.000000 -0.000001 1.000000 -0.000000 -0.000000 1.000000 -0.000000 -0.000000 1.000000 -0.000000 0.000000 0.999807 0.019660 -0.000000 0.999565 0.029491 1.000000 0.000000 0.000001 1.000000 -0.000000 -0.000002 0.991445 -0.130526 -0.000002 0.991445 -0.130526 -0.000001 0.991445 0.130526 0.000000 0.991361 0.131158 0.000000 1.000000 0.000000 0.000000 1.000000 0.000000 0.000000 0.000000 1.000000 -0.000001 0.000000 1.000000 0.000000 -0.000000 1.000000 0.000001 -0.000000 1.000000 0.000000 0.000003 1.000000 0.000000 -0.000003 1.000000 -0.000000 -0.000001 1.000000 -0.000000 0.000000 1.000000 -0.000000 -0.000000 1.000000 -0.000000 -0.000000 1.000000 -0.000000 -0.000000 1.000000 -0.000000 -0.000000 1.000000 -0.000000 -0.000000 1.000000 -0.000000 -0.000002 1.000000 0.000000 -0.000003 1.000000 0.000000 
						0.000002 1.000000 -0.000000 -0.000000 1.000000 0.000000 -0.000000 1.000000 -0.000000 1.000000 0.000000 0.000000 1.000000 0.000000 0.000000 1.000000 0.000000 0.000000 1.000000 0.000000 0.000000 -0.000000 1.000000 -0.000000 0.000000 1.000000 -0.000000 -0.000000 -1.000000 -0.000006 -0.000000 -1.000000 -0.000002 -0.125702 -0.992068 -0.000001 -0.130526 -0.991445 -0.000001 0.000000 1.000000 -0.000000 0.000002 1.000000 -0.000000 0.000001 1.000000 -0.000000 0.000000 1.000000 -0.000000 0.000000 1.000000 -0.000000 1.000000 0.000000 0.000000 1.000000 0.000000 0.000000 0.991361 -0.131158 -0.000000 0.991445 -0.130526 -0.000000 0.000000 -1.000000 -0.000004 0.000000 -1.000000 -0.000005 -0.000000 -0.000009 -1.000000 -0.000000 -0.000010 -1.000000 0.000000 -0.000010 -1.000000 0.000000 -0.000010 -1.000000 0.000001 -0.000000 1.000000 -0.000001 0.000000 1.000000 0.000014 -0.000000 1.000000 -0.000001 -0.000000 1.000000 -0.000001 -0.000000 1.000000 0.000024 -0.000000 1.000000 0.000002 -0.000000 1.000000 0.000000 0.000000 1.000000 0.000000 0.000000 1.000000 0.000000 0.000000 1.000000 0.000000 0.000000 1.000000 0.000000 0.133716 0.991020 0.000001 0.133716 0.991020 0.000001 0.377592 0.925972 0.000000 0.377592 0.925972 0.000000 0.000009 1.000000 0.000000 0.000009 1.000000 0.000000 0.000009 1.000000 0.000000 0.000009 1.000000 0.991444 -0.000125 -0.130537 1.000000 0.000000 -0.000000 1.000000 0.000000 -0.000000 0.990436 -0.000132 -0.137970 0.000040 0.597413 0.801934 0.000021 0.597413 0.801934 0.000024 0.597413 0.801934 0.000020 0.597413 0.801934 0.000010 0.597413 0.801934 0.000009 0.597413 0.801934 0.000018 0.597412 0.801935 -0.000002 -0.000000 1.000000 0.000001 0.000000 1.000000 0.000000 0.000000 1.000000 -0.000001 -0.000000 1.000000 -0.000006 -0.000000 1.000000 0.000008 -0.000000 1.000000 
						0.000000 -0.000000 1.000000 -0.000008 0.597413 0.801934 0.000001 0.597413 0.801934 -0.000000 0.597413 0.801934 -0.000000 0.597413 0.801934 -0.000001 0.597413 0.801934 -0.000001 0.597413 0.801934 0.000010 0.597412 0.801934 0.000000 0.000009 1.000000 0.000000 0.000010 1.000000 -0.130448 0.000010 0.991455 -0.078255 0.000014 0.996933 -0.000000 0.133716 0.991020 0.000000 0.377592 0.925972 0.000000 0.000000 1.000000 0.000000 0.000000 1.000000 0.000000 -0.000000 1.000000 0.000000 0.000000 1.000000 0.130527 0.991445 0.000001 0.130527 0.991445 0.000001 -0.130526 0.991445 -0.000001 -0.125702 0.992068 -0.000001 0.000000 -0.000010 -1.000000 0.000000 -0.000010 -1.000000 1.000000 -0.000000 -0.000002 1.000000 0.000000 0.000001 1.000000 0.000000 0.000002 1.000000 -0.000000 -0.000003 -1.000000 0.000000 0.000000 -1.000000 0.000000 0.000000 -1.000000 0.000000 0.000000 -1.000000 0.000000 0.000000 -1.000000 -0.000000 0.000000 -1.000000 -0.000000 0.000000 -1.000000 -0.000000 0.000000 -1.000000 -0.000000 0.000000 0.000000 0.000000 -1.000000 0.000000 0.000000 -1.000000 0.000000 -0.000000 -1.000000 0.000000 -0.000000 -1.000000 0.000000 0.000000 1.000000 0.000000 0.000000 1.000000 0.000000 -0.000000 1.000000 0.000000 -0.000000 1.000000 0.000002 0.000000 1.000000 0.000009 0.000000 1.000000 0.000004 0.000000 1.000000 0.000005 0.000000 1.000000 -0.000009 0.000000 1.000000 0.000001 0.000000 1.000000 0.000002 0.000000 1.000000 0.000001 0.000000 1.000000 -1.000000 0.000000 -0.000000 -1.000000 0.000000 -0.000000 -1.000000 0.000000 -0.000000 -1.000000 0.000000 -0.000000 1.000000 -0.000005 0.000000 1.000000 -0.000005 0.000000 1.000000 -0.000005 0.000000 1.000000 -0.000005 0.000000 0.000000 -0.000000 1.000000 0.000000 -0.000001 1.000000 0.000000 -0.000005 1.000000 0.000000 -0.000004 1.000000 
						0.000000 -0.000005 -1.000000 0.000000 -0.000004 -1.000000 0.000000 0.000000 -1.000000 0.000000 -0.000001 -1.000000 0.130527 -0.991445 -0.000003 0.130527 -0.991445 -0.000002 0.500000 -0.866026 -0.000002 0.500000 -0.866026 -0.000002 0.866025 -0.500000 -0.000002 0.866025 -0.500000 -0.000002 0.863601 -0.504177 -0.000000 0.866025 -0.500000 -0.000000 -0.866025 0.500000 -0.000001 -0.863600 0.504177 -0.000001 -0.492715 0.870191 -0.000001 -0.499999 0.866026 -0.000001 0.866025 0.500000 0.000000 0.863600 0.504177 0.000000 -0.863600 -0.504177 -0.000002 -0.866025 -0.500000 -0.000005 -0.499999 -0.866026 -0.000002 -0.492715 -0.870191 -0.000004 0.866025 0.500000 0.000000 0.866025 0.500000 0.000000 0.500000 0.866026 0.000001 0.500000 0.866026 0.000000 -0.984463 -0.140812 0.104900 -0.999455 -0.026476 0.019723 -0.999561 -0.023760 0.017700 -0.985053 -0.138137 0.102907 1.000000 0.000000 -0.000000 0.991444 0.000125 0.130537 0.990436 0.000132 0.137970 1.000000 0.000000 -0.000000 0.998368 0.057050 -0.002465 0.998368 0.057050 -0.002465 0.998368 0.057050 -0.002465 0.998368 0.057050 -0.002465 0.000000 0.377592 0.925972 0.000000 0.133716 0.991020 0.865986 0.000479 0.500068 0.838579 0.000523 0.544780 -0.838578 0.000408 -0.544781 -0.865985 0.000439 -0.500069 -0.499882 0.000087 -0.866094 -0.419993 0.000052 -0.907527 -0.130448 -0.000010 -0.991455 -0.078254 -0.000013 -0.996933 0.838579 -0.000523 -0.544780 0.865986 -0.000479 -0.500068 -0.865985 -0.000436 0.500069 -0.838578 -0.000406 0.544781 -0.419993 -0.000050 0.907527 -0.499882 -0.000085 0.866094 0.000015 0.597411 0.801935 0.000020 0.597411 0.801935 -0.000036 0.597413 0.801934 0.000016 0.597413 0.801934 -0.004023 0.443830 0.896102 0.009518 0.294806 0.955510 0.032971 0.203419 0.978536 0.032888 0.203897 0.978440 0.985432 0.136384 -0.101601 0.999609 -0.022428 0.016708 
						0.999467 -0.026180 0.019503 0.986218 0.132683 -0.098844 0.000000 0.570930 0.820999 0.000000 0.419753 0.907638 0.000000 -0.621834 -0.783149 0.000000 -0.554090 -0.832457 -0.010078 -0.529375 -0.848328 -0.016771 -0.535087 -0.844631 0.003827 -0.055079 -0.998475 0.003827 -0.055079 -0.998475 0.003827 -0.055080 -0.998475 0.003827 -0.055080 -0.998475 -0.024700 -0.511601 -0.858868 -0.021967 -0.497983 -0.866909 -0.994142 -0.107672 0.009388 -0.988930 -0.147822 0.012889 -0.978896 -0.203588 0.017751 -0.988476 -0.150806 0.013149 0.942655 0.333277 0.018080 0.940436 0.339471 0.018416 0.934844 0.354538 0.019233 0.938016 0.346083 0.018775 0.000026 -0.000001 1.000000 -0.000005 -0.000001 1.000000 -0.000007 0.000001 1.000000 0.000005 0.000001 1.000000 -0.000004 0.000004 -1.000000 0.000004 0.000004 -1.000000 0.000004 0.000004 -1.000000 -0.000004 0.000004 -1.000000 0.000003 -0.000004 -1.000000 0.000003 -0.000004 -1.000000 -0.000003 -0.000004 -1.000000 -0.000003 -0.000004 -1.000000 0.011693 0.168293 0.985668 0.011693 0.168293 0.985668 0.011693 0.168294 0.985668 0.011693 0.168294 0.985668 -0.988891 -0.148598 -0.003666 -0.988891 -0.148598 -0.003666 -0.988891 -0.148598 -0.003666 -0.988891 -0.148598 -0.003666 -0.988891 -0.148599 -0.003666 -0.988891 -0.148599 -0.003666 0.011693 0.168292 0.985668 0.011693 0.168293 0.985668 0.003827 -0.055080 -0.998475 0.003827 -0.055079 -0.998475 0.998368 0.057051 -0.002465 0.998368 0.057050 -0.002465 
					</float_array>
					<technique_common>
						<accessor count="306" offset="0" source="#meshId0-bitangents-array" stride="3">
							<param name="X" type="float" />
							<param name="Y" type="float" />
							<param name="Z" type="float" />
						</accessor>
					</technique_common>
				</source>
				<source id="meshId0-tex0" name="meshId0-tex0">
					<float_array id="meshId0-tex0-array" count="612"> 
						0.531925 0.028869 0.475114 0.028869 0.449042 0.000251 0.506371 0.000251 0.519148 0.003674 0.528501 0.013028 0.531925 0.025805 0.083133 0.028919 0.008224 0.028918 0.000251 0.028918 0.000251 0.025849 0.003674 0.013050 0.013028 0.003680 0.025805 0.000251 0.083133 0.000251 0.034220 0.378108 0.025805 0.378108 0.013028 0.374684 0.003674 0.365331 0.000251 0.352554 0.000251 0.217566 0.008224 0.217566 0.084380 0.217566 0.532426 0.392761 0.584340 0.392761 0.584340 0.401176 0.532426 0.401176 0.265837 0.028919 0.211263 0.028919 0.211263 0.000251 0.240283 0.000251 0.253060 0.003680 0.262414 0.013050 0.265837 0.025849 0.265837 0.352554 0.262414 0.365331 0.253060 0.374684 0.240283 0.378108 0.234998 0.378108 0.211263 0.217566 0.265837 0.217566 0.532426 0.601955 0.584339 0.601955 0.584339 0.607240 0.532426 0.607240 0.265837 0.606316 0.226738 0.606316 0.226738 0.577296 0.265837 0.577296 0.532426 0.029770 0.573218 0.029770 0.584340 0.218090 0.532426 0.217819 0.531925 0.352176 0.528501 0.364953 0.519148 0.374306 0.506371 0.377730 0.497956 0.377730 0.475114 0.216917 0.531925 0.216917 0.297177 0.377730 0.291892 0.377730 0.279115 0.374306 0.269762 0.364953 
						0.266338 0.352176 0.266338 0.216917 0.320912 0.216917 0.476376 0.557586 0.476376 0.378231 0.512428 0.378231 0.512428 0.557586 0.320912 0.028869 0.320912 0.000251 0.532427 0.970230 0.573218 0.970230 0.573037 0.973294 0.532427 0.973294 0.266338 0.028868 0.266338 0.025804 0.269762 0.013028 0.279115 0.003674 0.291892 0.000251 0.265837 0.449166 0.226738 0.449166 0.226738 0.391837 0.265837 0.391837 0.532426 0.782182 0.584340 0.781910 0.454658 0.750736 0.266338 0.761859 0.274332 0.702614 0.454658 0.701131 0.012555 0.941096 0.139408 0.941096 0.139408 0.991539 0.021348 0.991539 0.016951 0.990361 0.013733 0.987142 0.012555 0.982745 0.215594 0.843584 0.223567 0.843584 0.223567 0.893189 0.215594 0.893189 0.322508 0.808920 0.450638 0.808920 0.450638 0.868702 0.322508 0.868702 0.584841 0.000251 0.773161 0.011374 0.773160 0.060979 0.592834 0.059496 0.584842 0.606528 0.584842 0.488468 0.690722 0.488468 0.690722 0.606527 0.248418 0.993316 0.244021 0.991848 0.240802 0.987837 0.239625 0.982358 0.239625 0.931101 0.251436 0.931101 0.251435 0.993316 0.211756 0.991539 0.211756 0.941096 0.223567 0.941096 0.223567 0.982745 0.222389 0.987142 0.219170 0.990361 
						0.214773 0.991539 0.323784 0.931101 0.450638 0.931102 0.450638 0.982359 0.449460 0.987838 0.446241 0.991849 0.441844 0.993317 0.323784 0.993317 0.630112 0.109537 0.773160 0.108886 0.773159 0.150535 0.660733 0.150642 0.247598 0.808920 0.247598 0.868702 0.012555 0.843584 0.139438 0.843584 0.139438 0.893189 0.012555 0.893189 0.584340 0.353078 0.532426 0.353078 0.532426 0.026706 0.573037 0.026706 0.311609 0.652574 0.454657 0.653224 0.566665 0.591243 0.566665 0.411888 0.550100 0.591243 0.550100 0.411888 0.524985 0.555174 0.524985 0.722684 0.512929 0.722684 0.512929 0.555174 0.476376 0.753505 0.476376 0.574151 0.512428 0.574151 0.512428 0.753505 0.476376 0.770070 0.476376 0.753505 0.512428 0.753505 0.512428 0.770070 0.476376 0.574151 0.476376 0.557586 0.512428 0.557586 0.512428 0.574151 0.006174 0.749221 0.173682 0.749221 0.179605 0.755144 0.000251 0.755144 0.006174 0.744503 0.000251 0.738579 0.173682 0.744503 0.179605 0.738579 0.530204 0.545739 0.525486 0.545739 0.525486 0.378231 0.530204 0.378231 0.524985 0.382949 0.524985 0.550456 0.512929 0.550456 0.512929 0.382949 0.524985 0.378231 0.524985 0.382949 0.512929 0.382949 0.512929 0.378231 
						0.524985 0.550456 0.524985 0.555174 0.512929 0.555174 0.512929 0.550456 0.584339 0.646923 0.532426 0.646923 0.532426 0.633695 0.584339 0.633695 0.532426 0.620468 0.584339 0.620467 0.226536 0.378609 0.265837 0.378609 0.532426 0.000251 0.571728 0.000251 0.572281 0.013478 0.532426 0.013478 0.265837 0.619543 0.226536 0.619543 0.571728 0.999749 0.532427 0.999749 0.532427 0.986522 0.572281 0.986522 0.532426 0.379533 0.584340 0.379533 0.532426 0.366305 0.584340 0.366305 0.597422 0.294175 0.606261 0.220823 0.608849 0.220902 0.600037 0.294651 0.584842 0.416120 0.584842 0.413102 0.690722 0.413102 0.690722 0.416120 0.444402 0.492188 0.446835 0.534712 0.270179 0.557168 0.266338 0.490021 0.239625 0.868702 0.239625 0.808920 0.584841 0.408550 0.691598 0.408550 0.347902 0.602369 0.454658 0.602471 0.454657 0.607023 0.345504 0.606919 0.454657 0.611575 0.342231 0.611468 0.691598 0.611079 0.584841 0.611079 0.773161 0.159639 0.666404 0.159740 0.664007 0.155191 0.773159 0.155087 0.253370 0.991382 0.321850 0.991383 0.321850 0.933036 0.253370 0.933036 0.587154 0.346455 0.600037 0.294651 0.660318 0.288419 0.668039 0.323568 0.595483 0.408049 0.584841 0.346383 
						0.587154 0.346455 0.597726 0.407662 0.584841 0.346383 0.597422 0.294175 0.606261 0.220823 0.602800 0.160385 0.605253 0.160242 0.608849 0.220902 0.446241 0.458936 0.444402 0.492188 0.266338 0.490021 0.268842 0.444740 0.684239 0.212673 0.666842 0.244651 0.600037 0.294651 0.608849 0.220902 0.666842 0.244651 0.660318 0.288419 0.597726 0.407662 0.587154 0.346455 0.668039 0.323568 0.684239 0.367652 0.141954 0.988993 0.209210 0.988993 0.141954 0.943642 0.209210 0.943642 0.626672 0.614127 0.587387 0.614127 0.584841 0.611581 0.629218 0.611581 0.587387 0.645814 0.584841 0.648361 0.626672 0.645814 0.629218 0.648361 0.446835 0.534712 0.452453 0.567538 0.277829 0.601868 0.270179 0.557168 0.452572 0.416816 0.446241 0.458936 0.268842 0.444740 0.278839 0.378231 0.475875 0.421991 0.470035 0.460840 0.470529 0.531700 0.475875 0.562934 0.470035 0.460840 0.468286 0.492479 0.468286 0.492479 0.470529 0.531700 
					</float_array>
					<technique_common>
						<accessor count="306" offset="0" source="#meshId0-tex0-array" stride="2">
							<param name="S" type="float" />
							<param name="T" type="float" />
						</accessor>
					</technique_common>
				</source>
				<vertices id="meshId0-vertices">
					<input semantic="POSITION" source="#meshId0-positions" />
				</vertices>
				<polylist count="268" material="defaultMaterial">
					<input offset="0" semantic="VERTEX" source="#meshId0-vertices" />
					<input offset="0" semantic="NORMAL" source="#meshId0-normals" />
					<input offset="0" semantic="TANGENT" source="#meshId0-tangents" />
					<input offset="0" semantic="BINORMAL" source="#meshId0-bitangents" />
					<input offset="0" semantic="TEXCOORD" source="#meshId0-tex0" set="0" />
					<vcount>
						3 3 3 3 3 3 3 3 3 3 3 3 3 3 3 3 3 3 3 3 3 3 3 3 3 3 3 3 3 3 3 3 3 3 3 3 3 3 3 3 3 3 3 3 3 3 3 3 3 3 3 3 3 3 3 3 3 3 3 3 3 3 3 3 
						3 3 3 3 3 3 3 3 3 3 3 3 3 3 3 3 3 3 3 3 3 3 3 3 3 3 3 3 3 3 3 3 3 3 3 3 3 3 3 3 3 3 3 3 3 3 3 3 3 3 3 3 3 3 3 3 3 3 3 3 3 3 3 3 
						3 3 3 3 3 3 3 3 3 3 3 3 3 3 3 3 3 3 3 3 3 3 3 3 3 3 3 3 3 3 3 3 3 3 3 3 3 3 3 3 3 3 3 3 3 3 3 3 3 3 3 3 3 3 3 3 3 3 3 3 3 3 3 3 
						3 3 3 3 3 3 3 3 3 3 3 3 3 3 3 3 3 3 3 3 3 3 3 3 3 3 3 3 3 3 3 3 3 3 3 3 3 3 3 3 3 3 3 3 3 3 3 3 3 3 3 3 3 3 3 3 3 3 3 3 3 3 3 3 
						3 3 3 3 3 3 3 3 3 3 3 3 
					</vcount>
					<p>
						6 0 1 6 1 2 6 2 3 6 3 4 4 5 6 14 7 8 14 8 9 14 9 10 14 10 11 14 11 12 12 13 14 22 15 16 22 16 17 22 17 18 22 18 19 22 19 20 20 21 22 26 23 24 24 25 26 33 27 28 33 28 29 33 29 30 33 30 31 31 32 33 40 34 35 40 35 36 40 36 37 40 37 38 38 39 40 44 41 42 42 43 44 48 45 46 46 47 48 52 49 50 50 51 52 59 53 54 59 54 55 59 55 56 59 56 57 57 58 59 66 60 61 66 61 62 66 62 63 66 63 64 64 65 66 58 57 60 60 66 58 70 67 68 68 69 70 2 1 71 71 72 2 76 73 74 74 75 76 72 71 77 72 77 78 72 78 79 72 79 80 80 81 72 27 40 39 39 28 27 1 58 66 66 71 1 85 82 83 83 84 85 
						73 86 87 87 74 73 71 66 65 65 77 71 91 88 89 89 90 91 98 92 93 98 93 94 98 94 95 98 95 96 96 97 98 102 99 100 100 101 102 106 103 104 104 105 106 110 107 108 108 109 110 114 111 112 112 113 114 121 115 116 121 116 117 121 117 118 121 118 119 119 120 121 128 122 123 128 123 124 128 124 125 128 125 126 126 127 128 135 129 130 135 130 131 135 131 132 135 132 133 133 134 135 139 136 137 137 138 139 141 140 103 103 106 141 145 142 143 143 144 145 0 59 58 58 1 0 147 52 51 51 146 147 49 148 149 149 50 49 39 38 15 15 22 39 82 48 47 47 83 82 29 28 7 7 14 29 120 141 106 106 129 120 92 145 144 144 93 92 123 102 101 101 124 123 129 106 105 105 130 129 151 91 90 90 150 151 136 110 109 109 137 136 
						42 152 153 153 25 42 41 154 152 152 42 41 26 155 154 154 41 26 25 153 155 155 26 25 159 156 157 157 158 159 163 160 161 161 162 163 167 164 165 165 166 167 171 168 169 169 170 171 175 172 173 173 174 175 177 176 172 172 175 177 179 178 176 176 177 179 174 173 178 178 179 174 183 180 181 181 182 183 187 184 185 185 186 187 191 188 189 189 190 191 195 192 193 193 194 195 199 196 197 197 198 199 201 199 198 198 200 201 43 201 200 200 44 43 203 85 84 84 202 203 207 204 205 205 206 207 148 207 206 206 149 148 209 46 45 45 208 209 213 210 211 211 212 213 75 213 212 212 76 75 215 24 23 23 214 215 217 215 214 214 216 217 146 217 216 216 147 146 86 197 196 196 87 86 221 218 219 219 220 221 225 222 223 223 224 225 229 226 227 227 228 229 
						93 144 102 102 123 93 119 230 141 141 120 119 230 231 140 140 141 230 113 112 222 222 225 113 144 143 99 99 102 144 233 224 223 223 232 233 237 234 235 235 236 237 239 237 236 236 238 239 241 111 114 114 240 241 245 242 243 243 244 245 138 245 244 244 139 138 238 151 150 150 239 238 121 246 247 247 135 121 135 247 248 248 129 135 129 248 249 249 120 129 120 249 246 246 121 120 253 250 251 251 252 253 257 254 255 255 256 257 250 258 259 259 251 250 263 260 261 261 262 263 267 264 265 265 266 267 269 263 262 262 268 269 273 270 271 271 272 273 277 274 275 275 276 277 94 278 279 279 122 94 93 280 278 278 94 93 123 281 280 280 93 123 122 279 281 281 123 122 285 282 283 283 284 285 284 283 286 286 287 284 287 286 288 288 289 287 289 288 282 282 285 289 
						293 290 291 291 292 293 297 294 295 295 296 297 294 298 299 299 295 294 290 300 301 301 291 290 264 302 303 303 265 264 226 304 305 305 227 226 
					</p>
				</polylist>
			</mesh>
		</geometry>
		<geometry id="meshId1" name="meshId1_name" >
			<mesh>
				<source id="meshId1-positions" name="meshId1-positions">
					<float_array id="meshId1-positions-array" count="900"> 
						-1.646030 -0.533708 0.246007 -1.646030 -0.670943 0.108772 -1.646030 -1.000000 0.108772 -1.646030 -1.000000 1.632798 -1.646030 -0.533708 1.632798 1.646030 0.657225 0.108772 1.600106 0.828613 0.108772 1.474642 0.954077 0.108772 1.303255 1.000000 0.108772 1.121994 1.000000 0.108772 1.470057 -0.396473 0.108772 1.646030 -0.396473 0.108772 1.646030 -0.533708 -0.108772 1.646030 -0.533708 -0.028463 1.646030 -0.670943 0.108772 1.646030 -1.000000 0.108772 1.646030 -1.000000 -0.006327 1.646030 -0.986275 -0.057549 1.646030 -0.948778 -0.095047 1.646030 -0.897555 -0.108772 0.787675 -0.533708 -0.108772 1.470057 -0.533708 -0.108772 1.470057 -0.897555 -0.108772 0.787675 -0.897555 -0.108772 1.470057 -1.000000 0.108772 1.646030 -1.000000 0.108772 1.646030 -1.000000 1.587200 1.627670 -1.000000 1.655718 1.577511 -1.000000 1.705877 1.508993 -1.000000 1.724237 1.470057 -1.000000 1.724237 1.470057 -1.000000 1.176984 -1.507467 -0.533708 0.246007 -1.646030 -0.533708 0.246007 -1.646030 -0.533708 1.632798 -1.633780 -0.533708 1.678518 -1.600311 -0.533708 1.711986 -1.554591 -0.533708 1.724237 -1.507467 -0.533708 1.724237 -1.507467 -0.533708 1.177100 1.121994 1.000000 -0.108772 1.121994 1.000000 0.108772 1.303255 1.000000 0.108772 1.303255 1.000000 -0.108772 -0.638086 -1.000000 1.193776 -0.744447 -1.000000 1.217138 -1.364725 -1.000000 1.217138 -1.471086 -1.000000 1.193776 -1.507467 -1.000000 1.176984 -0.601704 -1.000000 1.176984 1.646030 -0.533708 0.246007 1.646030 -0.533708 1.587200 1.646030 -1.000000 1.587200 -1.507467 -1.000000 -0.006327 -1.507467 -1.000000 0.108772 -1.646030 -1.000000 0.108772 -1.646030 -1.000000 -0.006327 -0.841329 1.000000 0.108772 -1.303255 1.000000 0.108772 -1.474643 0.954077 0.108772 -1.600107 0.828613 0.108772 -1.646030 0.657225 0.108772 -1.646030 -0.396473 0.108772 -1.507467 -0.396473 0.108772 
						-0.340845 1.000000 0.108772 -0.601704 -0.396473 0.108772 -1.507467 -0.533708 1.724237 -1.554591 -0.533708 1.724237 -1.554591 -1.000000 1.724237 -1.507467 -1.000000 1.724237 -0.601704 -0.533708 1.724237 -0.601704 -1.000000 1.724237 -1.646030 -0.533708 -0.108772 -1.646030 -0.533708 -0.028463 -1.646030 -0.396473 0.108772 -1.646030 0.657225 0.108772 -1.646030 0.657225 -0.108772 -1.646030 -0.897555 -0.108772 -1.646030 -0.948778 -0.095047 -1.646030 -0.986275 -0.057549 -1.646030 -1.000000 -0.006327 -1.646030 0.657225 -0.108772 -1.600107 0.828613 -0.108772 -1.474643 0.954077 -0.108772 -1.303255 1.000000 -0.108772 -0.841329 1.000000 -0.108772 -1.507467 -0.533708 -0.108772 -1.646030 -0.533708 -0.108772 -1.600311 -0.533708 1.711986 -1.600311 -1.000000 1.711986 -1.633780 -0.533708 1.678518 -1.633780 -1.000000 1.678518 -1.507467 -1.000000 1.724237 -1.554591 -1.000000 1.724237 -1.600311 -1.000000 1.711986 -1.633780 -1.000000 1.678518 -1.646030 -1.000000 1.632798 1.646030 -0.533708 -0.108772 1.646030 -0.897555 -0.108772 1.646030 -0.533708 0.246007 1.470057 -0.533708 0.246007 1.470057 -0.533708 0.681997 1.470057 -0.533708 1.724237 1.508993 -0.533708 1.724237 1.577511 -0.533708 1.705877 1.627670 -0.533708 1.655718 1.646030 -0.533708 1.587200 1.121994 1.000000 -0.108772 1.303255 1.000000 -0.108772 1.474642 0.954077 -0.108772 1.600106 0.828613 -0.108772 1.646030 0.657225 -0.108772 1.646030 -1.000000 -0.006327 1.470057 -1.000000 -0.006327 0.787675 -1.000000 1.176984 0.787675 -1.000000 1.724237 0.640174 1.000000 -0.108772 -0.601704 -1.000000 -0.006327 -0.601704 -1.000000 0.108772 0.640174 1.000000 -0.108772 0.640174 1.000000 0.108772 1.508993 -0.533708 1.724237 1.508993 -1.000000 1.724237 1.577511 -1.000000 1.705877 1.577511 -0.533708 1.705877 1.627670 -1.000000 1.655718 1.627670 -0.533708 1.655718 1.470057 -0.533708 1.724237 
						1.470057 -1.000000 1.724237 -1.646030 -0.515322 0.177389 -1.646030 -0.465090 0.127158 1.646030 -0.396473 0.108772 1.646030 -0.465090 0.127158 1.646030 -0.515322 0.177389 1.646030 -0.515322 0.177389 1.470057 -0.515322 0.177389 1.646030 -0.465090 0.127158 1.470057 -0.465090 0.127158 -1.507467 -0.515322 0.177389 -1.646030 -0.515322 0.177389 -1.507467 -0.465090 0.127158 -1.646030 -0.465090 0.127158 0.787675 -0.533708 0.246007 0.787675 -0.515322 0.177389 0.787675 -0.465090 0.127158 0.787675 -0.396473 0.108772 1.646030 0.657225 -0.108772 1.646030 0.657225 0.108772 -1.303255 1.000000 0.108772 -1.303255 1.000000 -0.108772 -1.474643 0.954077 -0.108772 -1.474643 0.954077 0.108772 -1.600107 0.828613 -0.108772 -1.600107 0.828613 0.108772 1.600106 0.828613 -0.108772 1.600106 0.828613 0.108772 1.474642 0.954077 -0.108772 1.474642 0.954077 0.108772 -0.841329 1.000000 0.108772 -0.841329 1.000000 -0.108772 1.646030 -0.948778 -0.095047 1.470057 -0.948778 -0.095047 1.646030 -0.986275 -0.057549 1.470057 -0.986275 -0.057549 1.470057 -0.986275 -0.057549 1.646030 -0.986275 -0.057549 -1.646030 -0.897555 -0.108772 -1.507467 -0.897555 -0.108772 -1.507467 -0.948778 -0.095047 -1.646030 -0.948778 -0.095047 -1.507467 -0.986275 -0.057549 -1.646030 -0.986275 -0.057549 -1.646030 -0.986275 -0.057549 -1.507467 -0.986275 -0.057549 0.787675 -0.948778 -0.095047 0.787675 -0.986275 -0.057549 0.787675 -0.986275 -0.057549 0.787675 -1.000000 -0.006327 -0.601704 -0.986275 -0.057549 -0.601704 -0.948778 -0.095047 -0.601704 -0.986275 -0.057549 -0.601704 -0.897555 -0.108772 -0.601704 -0.465090 0.127158 -0.601704 -0.515322 0.177389 -0.601704 -0.533708 0.246007 -0.340845 1.000000 0.108772 -0.340845 1.000000 -0.108772 0.787675 -1.000000 0.108772 -0.340845 1.000000 -0.108772 -0.601704 -0.533708 -0.108772 -0.638086 -0.533708 1.193892 -0.688701 -0.533708 1.273000 
						-0.688701 -0.533708 1.581494 -0.649282 -0.533708 1.676659 -0.601704 -0.533708 1.724237 -0.601704 -0.533708 1.177100 0.787675 -0.533708 1.724237 0.787675 -1.000000 1.724237 0.640174 1.000000 0.108772 0.787675 -0.533708 0.681997 0.787675 -0.533708 1.724237 -1.420471 -0.533708 1.273000 -1.420471 -0.533708 1.581494 -1.420470 -1.000000 1.581494 -1.420471 -1.000000 1.272884 -0.744447 -0.533708 1.637241 -1.364725 -0.533708 1.637241 -1.459889 -0.533708 1.676659 -1.420471 -0.533708 1.581494 -1.420471 -0.533708 1.273000 -1.471086 -0.533708 1.193892 -0.688701 -0.533708 1.581494 -0.688701 -0.533708 1.273000 -0.688701 -1.000000 1.272884 -0.688701 -1.000000 1.581494 -1.364725 -0.533708 1.217254 -0.744447 -0.533708 1.217254 -0.649282 -1.000000 1.676659 -0.688701 -1.000000 1.581494 -0.688701 -1.000000 1.272884 -0.601704 -1.000000 1.724237 -0.744447 -0.533708 1.217254 -1.364725 -0.533708 1.217254 -1.364725 -1.000000 1.217138 -0.744447 -1.000000 1.217138 -1.420471 -1.000000 1.272884 -1.420470 -1.000000 1.581494 -1.459889 -1.000000 1.676659 -1.364724 -1.000000 1.637240 -0.744447 -1.000000 1.637240 -1.404143 -1.000000 1.620912 -1.404143 -0.533708 1.620912 -0.705028 -1.000000 1.620912 -0.705028 -0.533708 1.620912 -1.404143 -0.533708 1.233582 -0.705028 -0.533708 1.233582 -1.404143 -1.000000 1.233466 -0.705028 -1.000000 1.233466 -0.744447 -1.000000 1.637240 -0.744447 -0.533708 1.637241 -0.705028 -0.533708 1.620912 -0.705028 -1.000000 1.620912 -0.705028 -1.000000 1.233466 -0.705028 -0.533708 1.233582 -1.404143 -1.000000 1.233466 -1.404143 -0.533708 1.233582 -1.404143 -0.533708 1.233582 -1.404143 -1.000000 1.233466 -1.364725 -0.533708 1.637241 -1.364724 -1.000000 1.637240 -1.404143 -1.000000 1.620912 -1.404143 -0.533708 1.620912 0.853915 -0.533708 0.748237 0.853915 -0.533708 1.657997 0.853915 -0.580678 1.657997 0.853915 -0.580678 0.748237 
						1.403817 -0.533708 1.657997 0.853915 -0.533708 1.657997 1.403817 -0.533708 0.748237 0.853915 -0.533708 0.748237 1.370670 -0.580678 0.781384 0.887062 -0.580678 0.781384 0.887062 -0.686036 0.781384 1.370670 -0.686036 0.781384 1.403817 -0.533708 1.657997 1.403817 -0.533708 0.748237 1.403817 -0.580678 0.748237 1.403817 -0.580678 1.657997 1.403817 -0.533708 0.748237 0.853915 -0.533708 0.748237 0.853915 -0.580678 0.748237 1.403817 -0.580678 0.748237 0.853915 -0.533708 1.657997 1.403817 -0.533708 1.657997 1.403817 -0.580678 1.657997 0.853915 -0.580678 1.657997 1.370670 -0.580678 1.624850 0.887062 -0.580678 1.624850 0.853915 -0.580678 1.657997 1.403817 -0.580678 1.657997 1.370670 -0.580678 0.781384 1.403817 -0.580678 0.748237 0.887062 -0.580678 0.781384 0.853915 -0.580678 0.748237 1.370670 -0.686036 0.781384 0.887062 -0.686036 0.781384 0.887062 -0.686037 1.624850 1.370670 -0.686037 1.624850 0.887062 -0.580678 1.624850 1.370670 -0.580678 1.624850 1.370670 -0.686037 1.624850 0.887062 -0.686037 1.624850 0.887062 -0.580678 0.781384 0.887062 -0.580678 1.624850 0.887062 -0.686037 1.624850 0.887062 -0.686036 0.781384 1.370670 -0.580678 1.624850 1.370670 -0.580678 0.781384 1.370670 -0.686036 0.781384 1.370670 -0.686037 1.624850 
					</float_array>
					<technique_common>
						<accessor count="300" offset="0" source="#meshId1-positions-array" stride="3">
							<param name="X" type="float" />
							<param name="Y" type="float" />
							<param name="Z" type="float" />
						</accessor>
					</technique_common>
				</source>
				<source id="meshId1-normals" name="meshId1-normals">
					<float_array id="meshId1-normals-array" count="900"> 
						-1.000000 -0.000000 0.000000 -1.000000 -0.000000 0.000000 -1.000000 -0.000000 0.000000 -0.991445 0.000000 0.130525 -0.991445 0.000000 0.130525 0.000000 0.000000 1.000000 0.000000 0.000000 1.000000 0.000000 0.000000 1.000000 0.000000 0.000000 1.000000 0.000000 0.000000 1.000000 0.000000 0.130526 0.991445 0.000000 0.130526 0.991445 1.000000 0.000000 -0.000000 1.000000 0.000000 -0.000000 1.000000 0.000000 0.000000 1.000000 0.000000 0.000000 1.000000 0.000000 -0.000000 1.000000 0.000000 -0.000000 1.000000 0.000000 -0.000000 1.000000 0.000000 -0.000000 0.000000 -0.000000 -1.000000 0.000000 -0.000000 -1.000000 0.000000 -0.130526 -0.991445 0.000000 -0.130526 -0.991445 0.000000 -1.000000 0.000000 0.000000 -1.000000 0.000000 0.000000 -1.000000 0.000000 0.000000 -1.000000 0.000000 0.000000 -1.000000 0.000000 0.000000 -1.000000 0.000000 0.000000 -1.000000 0.000000 0.000000 -1.000000 0.000000 -0.000000 0.991445 0.130526 -0.000000 0.991445 0.130526 0.000000 1.000000 0.000000 0.000000 1.000000 0.000000 0.000000 1.000000 0.000000 0.000000 1.000000 0.000000 0.000000 1.000000 -0.000000 0.000000 1.000000 -0.000000 0.000000 1.000000 -0.000000 0.000000 1.000000 -0.000000 0.130526 0.991445 0.000000 0.130526 0.991445 0.000000 0.000000 -1.000000 0.000000 0.000000 -1.000000 0.000000 0.000000 -1.000000 0.000000 0.000000 -1.000000 0.000000 0.000000 -1.000000 0.000000 0.000000 -1.000000 0.000000 1.000000 0.000000 -0.000000 0.991445 0.000000 0.130526 0.991445 0.000000 0.130526 0.000000 -0.991445 -0.130526 0.000000 -1.000000 0.000000 0.000000 -1.000000 0.000000 0.000000 -0.991445 -0.130526 -0.000000 0.000000 1.000000 -0.000000 0.000000 1.000000 -0.000000 0.000000 1.000000 -0.000000 0.000000 1.000000 -0.000000 0.000000 1.000000 -0.000000 0.130526 0.991445 -0.000000 0.130526 0.991445 
						0.000000 0.000000 1.000000 0.000000 0.130526 0.991445 0.000000 0.000000 1.000000 -0.130525 0.000000 0.991445 -0.130525 0.000000 0.991445 0.000000 0.000000 1.000000 0.000000 0.000000 1.000000 0.000000 0.000000 1.000000 -1.000000 -0.000000 0.000000 -1.000000 -0.000000 0.000000 -1.000000 -0.000000 0.000000 -0.991445 0.130526 -0.000000 -0.991445 0.130526 -0.000000 -1.000000 -0.000000 0.000000 -1.000000 -0.000000 0.000000 -1.000000 -0.000000 0.000000 -1.000000 -0.000000 0.000000 -0.000000 -0.000000 -1.000000 -0.000000 -0.000000 -1.000000 -0.000000 -0.000000 -1.000000 -0.000000 -0.000000 -1.000000 -0.000000 -0.000000 -1.000000 -0.000000 -0.000000 -1.000000 -0.000000 -0.000000 -1.000000 -0.499999 0.000000 0.866026 -0.499999 0.000000 0.866026 -0.866026 0.000000 0.499999 -0.866026 0.000000 0.499999 0.000000 -1.000000 0.000000 0.000000 -1.000000 0.000000 0.000000 -1.000000 0.000000 0.000000 -1.000000 0.000000 0.000000 -1.000000 0.000000 0.000000 -0.000000 -1.000000 0.000000 -0.130526 -0.991445 0.000000 0.991445 0.130526 0.000000 0.991445 0.130526 0.000000 1.000000 0.000000 0.000000 1.000000 -0.000000 0.000000 1.000000 -0.000000 0.000000 1.000000 -0.000000 0.000000 1.000000 -0.000000 0.000000 1.000000 -0.000000 0.000000 -0.000000 -1.000000 0.000000 -0.000000 -1.000000 0.000000 -0.000000 -1.000000 0.000000 -0.000000 -1.000000 0.000000 -0.000000 -1.000000 0.000000 -0.991445 -0.130526 0.000000 -0.991445 -0.130526 0.000000 -1.000000 0.000000 0.000000 -1.000000 0.000000 0.000000 -0.000000 -1.000000 0.000000 -0.991445 -0.130525 0.000000 -1.000000 0.000000 0.000000 1.000000 -0.000000 0.000000 1.000000 -0.000000 0.130526 0.000000 0.991445 0.130526 0.000000 0.991445 0.500000 0.000000 0.866026 0.500000 0.000000 0.866026 0.866026 0.000000 0.500000 0.866026 0.000000 0.500000 0.000000 0.000000 1.000000 
						0.000000 0.000000 1.000000 -1.000000 -0.000000 -0.000000 -1.000000 -0.000000 -0.000000 1.000000 0.000000 -0.000000 1.000000 0.000000 0.000000 1.000000 0.000000 0.000000 0.000000 0.866025 0.500000 0.000000 0.866025 0.500000 0.000000 0.500000 0.866025 0.000000 0.500000 0.866025 -0.000000 0.866025 0.500000 -0.000000 0.866025 0.500000 -0.000000 0.500000 0.866025 -0.000000 0.500000 0.866025 0.000000 0.991445 0.130526 0.000000 0.866025 0.500000 0.000000 0.500000 0.866025 0.000000 0.130526 0.991445 0.991445 0.130526 -0.000000 0.991445 0.130526 -0.000000 -0.130526 0.991445 0.000000 -0.130526 0.991445 0.000000 -0.500000 0.866025 -0.000000 -0.500000 0.866025 -0.000000 -0.866025 0.500000 -0.000000 -0.866025 0.500000 -0.000000 0.866025 0.500000 -0.000000 0.866025 0.500000 -0.000000 0.500000 0.866025 0.000000 0.500000 0.866025 0.000000 0.000000 1.000000 -0.000000 0.000000 1.000000 -0.000000 0.000000 -0.500000 -0.866025 0.000000 -0.500000 -0.866025 0.000000 -0.866026 -0.500000 0.000000 -0.866026 -0.500000 0.000000 -0.866026 -0.500000 0.000000 -0.866026 -0.500000 0.000000 -0.130526 -0.991445 0.000000 -0.130526 -0.991445 0.000000 -0.500000 -0.866026 0.000000 -0.500000 -0.866026 0.000000 -0.866026 -0.500000 0.000000 -0.866026 -0.500000 0.000000 -0.866026 -0.500000 0.000000 -0.866026 -0.500000 0.000000 -0.500000 -0.866026 0.000000 -0.866026 -0.500000 0.000000 -0.866026 -0.500000 0.000000 -0.991445 -0.130526 0.000000 -0.866026 -0.500000 0.000000 -0.500000 -0.866026 0.000000 -0.866026 -0.500000 0.000000 -0.130526 -0.991445 0.000000 0.500000 0.866025 0.000000 0.866025 0.500000 0.000000 0.991445 0.130526 0.000000 1.000000 -0.000000 0.000000 1.000000 -0.000000 0.000000 -1.000000 0.000000 0.000000 -0.000000 -1.000000 0.000000 -0.000000 -1.000000 0.000000 1.000000 -0.000000 0.000000 1.000000 -0.000000 
						0.000000 1.000000 0.000000 0.000000 1.000000 -0.000000 0.000000 1.000000 -0.000000 0.000000 1.000000 -0.000000 0.000000 0.000000 1.000000 0.000000 0.000000 1.000000 0.000000 0.000000 1.000000 0.000000 1.000000 0.000000 0.000000 1.000000 -0.000000 0.980791 -0.000048 0.195063 0.980785 0.000000 -0.195091 0.980785 0.000000 -0.195091 0.980779 -0.000048 0.195122 0.000000 1.000000 -0.000000 0.000000 1.000000 -0.000001 0.000000 1.000000 -0.000000 0.000000 1.000000 -0.000000 0.000000 1.000000 -0.000000 0.000000 1.000000 -0.000000 -0.980785 0.000000 -0.195091 -0.980791 -0.000048 0.195061 -0.980779 -0.000048 0.195120 -0.980785 0.000000 -0.195090 0.000000 1.000000 -0.000000 0.000000 1.000000 -0.000000 0.000000 -1.000000 0.000000 0.000000 -1.000000 0.000000 0.000000 -1.000000 0.000000 0.000000 -1.000000 0.000000 -0.195098 -0.000243 0.980784 0.195099 -0.000243 0.980784 0.195087 -0.000243 0.980786 -0.195086 -0.000243 0.980786 0.000000 -1.000000 0.000000 0.000000 -1.000000 0.000000 0.000000 -1.000000 0.000000 0.000000 -1.000000 0.000000 0.000000 -1.000000 0.000000 0.000000 -1.000000 0.000000 0.000000 1.000000 -0.000001 0.000000 -1.000000 0.000000 0.000000 1.000000 -0.000000 0.000000 1.000000 0.000002 0.000000 1.000000 0.000001 0.000000 -1.000000 0.000000 0.000000 -1.000000 0.000000 -0.195089 0.000000 -0.980785 -0.195089 0.000000 -0.980785 -0.707106 0.000000 -0.707108 -0.707106 0.000000 -0.707108 -0.707078 -0.000175 0.707136 -0.707138 -0.000175 0.707076 0.707077 -0.000175 0.707137 0.707137 -0.000175 0.707076 0.707137 -0.000175 0.707076 0.707077 -0.000175 0.707137 0.195089 0.000000 -0.980785 0.195089 0.000000 -0.980785 0.707106 0.000000 -0.707108 0.707106 0.000000 -0.707108 1.000000 0.000000 0.000000 1.000000 0.000000 0.000000 1.000000 0.000000 0.000000 1.000000 0.000000 0.000000 
						0.000000 1.000000 -0.000000 0.000000 1.000000 -0.000000 0.000000 1.000000 0.000000 0.000000 1.000000 0.000000 0.000000 0.000000 1.000000 0.000000 0.000000 1.000000 0.000000 0.000000 1.000000 0.000000 0.000000 1.000000 -1.000000 0.000000 0.000000 -1.000000 0.000000 0.000000 -1.000000 0.000000 0.000000 -1.000000 0.000000 0.000000 0.000000 0.000000 1.000000 0.000000 0.000000 1.000000 0.000000 0.000000 1.000000 0.000000 0.000000 1.000000 0.000000 -0.000000 -1.000000 0.000000 -0.000000 -1.000000 0.000000 -0.000000 -1.000000 0.000000 -0.000000 -1.000000 0.000000 1.000000 -0.000000 0.000000 1.000000 -0.000000 0.000000 1.000000 -0.000000 0.000000 1.000000 -0.000000 0.000000 1.000000 -0.000000 0.000000 1.000000 -0.000000 0.000000 1.000000 -0.000000 0.000000 1.000000 -0.000000 0.000000 1.000000 -0.000000 0.000000 1.000000 -0.000000 0.000000 1.000000 -0.000000 0.000000 1.000000 -0.000000 0.000000 -0.000000 -1.000000 0.000000 -0.000000 -1.000000 0.000000 -0.000000 -1.000000 0.000000 -0.000000 -1.000000 1.000000 0.000000 0.000000 1.000000 0.000000 0.000000 1.000000 0.000000 0.000000 1.000000 0.000000 0.000000 -1.000000 0.000000 0.000000 -1.000000 0.000000 0.000000 -1.000000 0.000000 0.000000 -1.000000 0.000000 0.000000 
					</float_array>
					<technique_common>
						<accessor count="300" offset="0" source="#meshId1-normals-array" stride="3">
							<param name="X" type="float" />
							<param name="Y" type="float" />
							<param name="Z" type="float" />
						</accessor>
					</technique_common>
				</source>
				<source id="meshId1-tangents" name="meshId1-tangents">
					<float_array id="meshId1-tangents-array" count="900"> 
						0.000000 -0.547428 0.836853 0.000000 -0.606015 0.795453 0.000000 -0.639983 0.768389 0.042186 -0.946329 0.320439 0.058153 -0.895268 0.441717 -1.000000 -0.000003 0.000000 -1.000000 -0.000001 0.000000 -1.000000 -0.000001 0.000000 -1.000000 -0.000000 -0.000000 -1.000000 -0.000000 0.000000 -1.000000 -0.000000 0.000000 -1.000000 -0.000000 0.000000 0.000000 -0.726779 0.686872 0.000000 -0.742639 0.669692 0.000000 -0.745266 0.666767 0.000000 -0.747847 0.663871 0.000000 -0.742049 0.670346 0.000000 -0.742049 0.670346 0.000000 -0.742047 0.670348 0.000000 -0.741293 0.671182 1.000000 0.000000 -0.000000 1.000000 0.000000 0.000000 1.000000 0.000000 0.000000 1.000000 0.000000 0.000000 1.000000 0.000000 0.000000 1.000000 -0.000000 0.000000 1.000000 0.000000 0.000013 1.000000 0.000000 -0.000001 1.000000 -0.000000 -0.000005 1.000000 -0.000000 -0.000002 1.000000 0.000000 0.000001 1.000000 -0.000000 0.000001 -1.000000 -0.000000 0.000000 -1.000000 0.000000 -0.000000 -1.000000 0.000000 -0.000011 -1.000000 -0.000000 0.000004 -1.000000 0.000000 -0.000000 -1.000000 0.000000 -0.000002 -1.000000 0.000000 0.000003 -1.000000 -0.000000 -0.000001 0.134626 0.000000 0.990897 0.174271 0.000000 0.984698 0.267139 -0.035170 0.963016 0.197711 -0.026029 0.979915 1.000000 -0.000000 0.000003 1.000000 -0.000000 -0.000000 1.000000 0.000000 -0.000001 1.000000 -0.000000 -0.000007 1.000000 -0.000000 0.000005 1.000000 -0.000000 0.000002 0.000000 -0.763164 0.646205 -0.070484 -0.841667 0.535378 -0.067238 -0.857113 0.510722 1.000000 -0.000000 0.000001 1.000000 -0.000000 0.000001 1.000000 0.000000 0.000000 1.000000 0.000000 0.000000 -1.000000 0.000001 -0.000000 -1.000000 -0.000000 -0.000000 -1.000000 -0.000001 -0.000000 -1.000000 -0.000001 -0.000000 -1.000000 0.000005 -0.000000 -1.000000 -0.000000 -0.000000 -1.000000 -0.000000 -0.000000 
						-1.000000 0.000002 0.000000 -1.000000 0.000001 -0.000000 0.198187 -0.980164 0.000000 0.224986 -0.973912 0.029620 0.218007 -0.975525 0.028701 0.221121 -0.975246 0.000000 0.039984 -0.999200 0.000000 0.080304 -0.996770 0.000000 0.000000 -0.642824 0.766014 0.000000 -0.643161 0.765731 0.000000 -0.659581 0.751634 -0.073650 -0.559424 0.825603 -0.074840 -0.568468 0.819294 0.000000 -0.615617 0.788045 0.000000 -0.627501 0.778616 0.000000 -0.630769 0.775971 0.000000 -0.632026 0.774948 1.000000 -0.000009 -0.000000 1.000000 -0.000004 -0.000000 1.000000 -0.000000 -0.000000 1.000000 -0.000000 -0.000000 1.000000 -0.000000 -0.000000 1.000000 -0.000000 -0.000000 1.000000 -0.000000 -0.000000 0.225130 -0.965620 0.129978 0.183457 -0.977305 0.105918 0.169849 -0.940534 0.294188 0.111480 -0.974828 0.193089 1.000000 -0.000000 -0.000001 1.000000 0.000000 0.000004 1.000000 0.000000 0.000014 1.000000 -0.000000 -0.000040 1.000000 -0.000000 0.000001 1.000000 0.000000 0.000000 1.000000 0.000000 0.000000 -1.000000 -0.000000 0.000000 -1.000000 -0.000000 0.000001 -1.000000 -0.000000 0.000004 -1.000000 0.000000 0.000000 -1.000000 -0.000000 -0.000002 -1.000000 -0.000000 -0.000007 -1.000000 0.000000 0.000023 -1.000000 -0.000000 -0.000001 1.000000 -0.000001 0.000000 1.000000 0.000001 0.000000 1.000000 -0.000000 0.000000 1.000000 -0.000004 0.000000 1.000000 0.000008 0.000000 1.000000 0.000000 0.000000 1.000000 0.000000 0.000000 1.000000 0.000000 0.000000 1.000000 0.000000 0.000001 1.000000 -0.000001 0.000000 1.000000 -0.000000 0.000001 1.000000 0.000000 0.000000 0.042509 0.000000 0.999096 0.060159 0.000000 0.998189 -0.353165 -0.934405 0.046495 -0.362271 -0.930852 0.047694 -0.322333 -0.928153 0.186099 -0.357050 -0.911055 0.206143 -0.209331 -0.908142 0.362572 -0.239216 -0.878124 0.414335 -0.365341 -0.930874 0.000000 
						-0.332576 -0.943076 0.000000 0.000000 -0.667690 0.744439 0.000000 -0.714019 0.700126 0.000000 -0.721080 0.692851 0.000000 -0.744395 0.667740 0.000000 -0.741429 0.671031 -1.000000 -0.000000 0.000000 -1.000000 -0.000000 0.000000 -1.000000 -0.000000 0.000000 -1.000000 -0.000000 0.000000 -1.000000 -0.000000 0.000000 -1.000000 -0.000000 -0.000000 -1.000000 -0.000000 0.000000 -1.000000 -0.000000 -0.000000 -1.000000 -0.000000 0.000000 -1.000000 -0.000000 0.000000 -1.000000 0.000000 -0.000000 -1.000000 0.000000 -0.000000 0.082089 -0.623530 0.777478 0.088741 -0.674052 0.733335 -0.197415 -0.025990 0.979975 -0.238082 -0.031344 0.970739 -0.309322 -0.178587 0.934038 -0.280087 -0.161708 0.946257 -0.240891 -0.417235 0.876291 -0.232369 -0.402474 0.885449 0.229644 -0.397754 0.888288 0.286642 -0.496479 0.819357 0.262586 -0.151604 0.952924 0.354751 -0.204816 0.912251 -0.049863 0.000000 0.998756 -0.076673 0.000000 0.997056 1.000000 0.000000 0.000000 1.000000 -0.000000 0.000000 1.000000 0.000000 0.000000 1.000000 -0.000000 0.000001 1.000000 0.000000 0.000000 1.000000 0.000000 0.000000 1.000000 0.000000 0.000000 1.000000 0.000001 -0.000000 1.000000 0.000002 -0.000001 1.000000 0.000003 -0.000002 1.000000 0.000000 0.000000 1.000000 0.000003 -0.000004 1.000000 0.000000 0.000000 1.000000 -0.000001 0.000001 1.000000 0.000000 -0.000000 1.000000 0.000000 -0.000000 1.000000 0.000000 0.000000 1.000000 0.000000 0.000000 1.000000 -0.000000 0.000000 1.000000 0.000000 0.000000 1.000000 0.000000 -0.000000 1.000000 0.000000 -0.000000 -1.000000 0.000000 -0.000000 -1.000000 -0.000000 0.000000 -1.000000 -0.000000 0.000000 0.000632 0.000000 1.000000 -0.009331 0.000000 0.999956 1.000000 0.000000 0.000000 1.000000 0.000000 0.000000 1.000000 0.000000 -0.000000 -1.000000 0.000000 0.000018 -1.000000 0.000000 0.000005 
						-1.000000 -0.000000 0.000019 -1.000000 0.000000 0.000010 -1.000000 0.000000 0.000003 -1.000000 0.000000 0.000004 -0.155448 -0.987844 0.000000 -0.076848 -0.997043 0.000000 -1.000000 0.000001 0.000000 -1.000000 0.000000 -0.000000 -1.000000 0.000000 0.000003 -0.195063 0.000096 0.980791 0.195091 0.000074 0.980785 0.195091 0.000080 0.980785 -0.195122 0.000086 0.980779 -1.000000 0.000000 0.000002 -1.000000 0.000000 0.000002 -1.000000 0.000000 0.000003 -1.000000 0.000000 0.000012 -1.000000 -0.000000 0.000009 -1.000000 0.000000 0.000003 0.195091 0.000080 -0.980785 -0.195061 0.000069 -0.980791 -0.195120 0.000074 -0.980779 0.195090 0.000080 -0.980785 -1.000000 0.000000 0.000002 -1.000000 -0.000000 -0.000000 1.000000 0.000000 0.000010 1.000000 -0.000000 0.000008 1.000000 -0.000000 0.000010 1.000000 0.000000 0.000002 -0.980784 -0.000120 -0.195098 -0.980784 -0.000220 0.195099 -0.980786 -0.000214 0.195087 -0.980786 -0.000125 -0.195086 1.000000 0.000000 0.000001 1.000000 -0.000000 0.000000 1.000000 -0.000000 -0.000003 1.000000 0.000000 -0.000001 1.000000 0.000000 -0.000002 1.000000 0.000000 -0.000003 -1.000000 0.000000 0.000005 1.000000 -0.000000 0.000012 -1.000000 0.000000 0.000007 -1.000000 0.000000 -0.000001 -1.000000 -0.000000 0.000003 1.000000 0.000000 -0.000002 1.000000 0.000000 0.000002 0.980785 0.000085 -0.195089 0.980785 0.000080 -0.195089 0.707108 0.000083 -0.707106 0.707108 0.000089 -0.707106 -0.707136 -0.000006 -0.707078 -0.707076 -0.000006 -0.707138 -0.707137 0.000168 0.707077 -0.707076 0.000190 0.707137 -0.707076 -0.000358 0.707137 -0.707137 -0.000347 0.707077 0.980785 0.000085 0.195089 0.980785 0.000080 0.195089 0.707108 0.000083 0.707106 0.707108 0.000083 0.707106 0.000000 0.085379 -0.996348 0.000000 0.045449 -0.998967 0.000000 0.044092 -0.999027 0.000000 0.084026 -0.996464 
						-1.000000 0.000000 0.000002 -1.000000 0.000000 0.000006 -1.000000 -0.000000 0.000001 -1.000000 0.000000 -0.000000 1.000000 0.000000 0.000000 1.000000 0.000000 0.000000 1.000000 0.000000 0.000000 1.000000 0.000000 0.000000 0.000000 0.071016 -0.997475 0.000000 0.069883 -0.997555 0.000000 0.069845 -0.997558 0.000000 0.070978 -0.997478 -0.733306 0.679899 -0.000000 0.729311 0.684182 -0.000000 0.767264 0.641332 -0.000000 -0.693202 0.720743 -0.000000 0.292281 -0.956332 0.000000 0.675862 -0.737028 0.000000 0.693872 -0.720098 0.000000 0.315829 -0.948816 0.000000 0.109591 -0.000000 -0.993977 -0.107303 -0.000000 -0.994226 -0.112268 -0.000000 -0.993678 0.096241 -0.000000 -0.995358 0.017280 0.000000 -0.999851 0.015549 -0.000000 -0.999879 0.004208 -0.000000 -0.999991 -0.000733 -0.000000 -1.000000 1.000000 0.000000 0.000001 1.000000 0.000000 0.000001 1.000000 0.000000 0.000000 1.000000 0.000000 0.000000 -1.000000 -0.000000 0.000000 -1.000000 -0.000000 0.000000 -1.000000 -0.000000 0.000000 -1.000000 -0.000000 0.000000 0.000000 -0.000000 -1.000000 0.000000 0.000000 -1.000000 0.000000 0.000000 -1.000000 0.000000 -0.000000 -1.000000 0.000000 0.000000 1.000000 0.000000 -0.000000 1.000000 0.000000 -0.000000 1.000000 0.000000 0.000000 1.000000 
					</float_array>
					<technique_common>
						<accessor count="300" offset="0" source="#meshId1-tangents-array" stride="3">
							<param name="X" type="float" />
							<param name="Y" type="float" />
							<param name="Z" type="float" />
						</accessor>
					</technique_common>
				</source>
				<source id="meshId1-bitangents" name="meshId1-bitangents">
					<float_array id="meshId1-bitangents-array" count="900"> 
						-0.000000 0.836853 0.547428 -0.000000 0.795453 0.606015 -0.000000 0.768389 0.639983 0.123520 0.323204 0.938233 0.116855 0.445529 0.887609 0.000003 -1.000000 0.000000 0.000001 -1.000000 0.000000 0.000001 -1.000000 0.000000 0.000000 -1.000000 0.000000 0.000000 -1.000000 0.000000 0.000000 -0.991445 0.130526 0.000000 -0.991445 0.130526 0.000000 -0.686872 -0.726779 0.000000 -0.669692 -0.742639 0.000000 -0.666767 -0.745266 0.000000 -0.663871 -0.747847 0.000000 -0.670346 -0.742049 0.000000 -0.670346 -0.742049 0.000000 -0.670348 -0.742047 0.000000 -0.671182 -0.741293 0.000000 -1.000000 0.000000 0.000000 -1.000000 0.000000 0.000000 -0.991445 0.130526 0.000000 -0.991445 0.130526 0.000000 0.000000 1.000000 -0.000000 0.000000 1.000000 -0.000013 0.000000 1.000000 0.000001 0.000000 1.000000 0.000005 0.000000 1.000000 0.000002 0.000000 1.000000 -0.000001 0.000000 1.000000 -0.000001 0.000000 1.000000 0.000000 -0.130526 0.991445 -0.000000 -0.130526 0.991445 -0.000011 -0.000000 1.000000 0.000004 -0.000000 1.000000 -0.000000 -0.000000 1.000000 -0.000002 -0.000000 1.000000 0.000003 0.000000 1.000000 -0.000001 0.000000 1.000000 0.990897 -0.000000 -0.134626 0.984698 -0.000000 -0.174271 0.954777 -0.125699 -0.269444 0.971531 -0.127905 -0.199417 -0.000003 0.000000 1.000000 0.000000 0.000000 1.000000 0.000001 0.000000 1.000000 0.000007 0.000000 1.000000 -0.000005 0.000000 1.000000 -0.000002 0.000000 1.000000 0.000000 -0.646205 -0.763164 0.109860 -0.539997 -0.834466 0.111876 -0.515129 -0.849780 -0.000001 -0.130526 0.991445 -0.000001 0.000000 1.000000 0.000000 0.000000 1.000000 0.000000 -0.130526 0.991445 -0.000001 -1.000000 0.000000 0.000000 -1.000000 0.000000 0.000001 -1.000000 0.000000 0.000001 -1.000000 0.000000 -0.000005 -1.000000 -0.000000 -0.000000 -0.991445 0.130526 0.000000 -0.991445 0.130526 
						-0.000002 -1.000000 0.000000 -0.000001 -0.991445 0.130526 0.980164 0.198187 0.000000 0.965580 0.226927 0.127120 0.967179 0.219888 0.127330 0.975246 0.221121 -0.000000 0.999200 0.039984 -0.000000 0.996770 0.080304 -0.000000 -0.000000 0.766014 0.642824 -0.000000 0.765731 0.643161 -0.000000 0.751634 0.659581 0.107763 0.818540 0.564251 0.106939 0.812285 0.573373 -0.000000 0.788045 0.615617 -0.000000 0.778616 0.627501 -0.000000 0.775971 0.630769 -0.000000 0.774948 0.632026 -0.000009 -1.000000 0.000000 -0.000004 -1.000000 0.000000 -0.000000 -1.000000 0.000000 -0.000000 -1.000000 0.000000 -0.000000 -1.000000 0.000000 0.000000 -1.000000 0.000000 -0.000000 -1.000000 0.000000 0.836252 0.259957 0.482809 0.846371 0.211837 0.488652 0.470266 0.339699 0.814527 0.487413 0.222960 0.844226 0.000001 0.000000 1.000000 -0.000004 0.000000 1.000000 -0.000014 0.000000 1.000000 0.000040 0.000000 1.000000 -0.000001 0.000000 1.000000 -0.000000 -1.000000 0.000000 0.000000 -0.991445 0.130526 0.000000 -0.130526 0.991445 0.000001 -0.130526 0.991445 0.000004 -0.000000 1.000000 0.000000 0.000000 1.000000 -0.000002 0.000000 1.000000 -0.000007 0.000000 1.000000 0.000023 0.000000 1.000000 -0.000001 0.000000 1.000000 -0.000001 -1.000000 0.000000 0.000001 -1.000000 0.000000 -0.000000 -1.000000 0.000000 -0.000004 -1.000000 -0.000000 0.000008 -1.000000 0.000000 -0.000000 -0.130526 0.991445 0.000000 -0.130526 0.991445 -0.000000 0.000000 1.000000 -0.000001 0.000000 1.000000 -0.000001 -1.000000 0.000000 -0.000001 -0.130525 0.991445 -0.000000 0.000000 1.000000 0.999096 -0.000000 -0.042509 0.998189 0.000000 -0.060159 0.926411 -0.356212 -0.121964 0.922888 -0.365397 -0.121500 0.803804 -0.372199 -0.464076 0.788997 -0.412285 -0.455527 0.454071 -0.418662 -0.786474 0.439062 -0.478432 -0.760478 0.930874 -0.365341 0.000000 
						0.943076 -0.332576 0.000000 -0.000000 0.744439 0.667690 -0.000000 0.700126 0.714019 0.000000 -0.692851 -0.721080 0.000000 -0.667740 -0.744395 0.000000 -0.671031 -0.741429 0.000000 -0.500000 0.866026 0.000000 -0.500000 0.866025 0.000000 -0.866025 0.500000 0.000000 -0.866025 0.500000 0.000000 -0.500000 0.866025 -0.000000 -0.500000 0.866025 0.000000 -0.866025 0.500000 0.000000 -0.866025 0.500000 0.000000 -0.130526 0.991445 0.000000 -0.500000 0.866025 -0.000000 -0.866025 0.500000 -0.000000 -0.991445 0.130526 0.101481 -0.770826 -0.628911 0.095719 -0.727061 -0.679868 0.971592 0.127912 0.199119 0.962434 0.126707 0.240136 0.808900 0.467019 0.357175 0.819482 0.473128 0.323417 0.438145 0.758891 0.481782 0.442724 0.766821 0.464737 0.444144 -0.769280 -0.459287 0.409678 -0.709584 -0.573284 0.825257 -0.476462 -0.303208 0.790033 -0.456125 -0.409632 0.998756 0.000000 0.049863 0.997056 0.000000 0.076673 0.000000 -0.866025 0.500000 -0.000000 -0.866026 0.500000 0.000000 -0.500000 0.866026 -0.000001 -0.500000 0.866026 0.000000 -0.500000 0.866026 0.000000 -0.500000 0.866026 0.000000 -0.991445 0.130526 0.000001 -0.991445 0.130526 0.000002 -0.866026 0.500000 0.000004 -0.866026 0.500000 0.000000 -0.500000 0.866026 0.000005 -0.500000 0.866026 0.000000 -0.500000 0.866026 -0.000001 -0.500000 0.866026 0.000000 -0.866026 0.500000 0.000000 -0.500000 0.866026 0.000000 -0.500000 0.866026 0.000000 -0.130526 0.991445 -0.000001 -0.500000 0.866026 0.000000 -0.866026 0.500000 0.000000 -0.500000 0.866026 0.000000 -0.991445 0.130526 -0.000000 -0.866025 0.500000 0.000000 -0.500000 0.866025 0.000000 -0.130526 0.991445 1.000000 -0.000000 -0.000632 0.999956 0.000000 0.009331 0.000000 0.000000 1.000000 0.000000 -1.000000 0.000000 0.000000 -1.000000 0.000000 0.000018 0.000000 1.000000 0.000005 0.000000 1.000000 
						0.000019 -0.000000 1.000000 0.000010 0.000000 1.000000 0.000003 0.000000 1.000000 0.000004 0.000000 1.000000 0.987844 -0.155448 0.000000 0.997043 -0.076848 0.000000 -0.000001 -1.000000 0.000000 -0.000000 -0.000000 1.000000 0.000003 0.000000 1.000000 -0.000066 -1.000000 0.000085 0.000015 -1.000000 0.000073 0.000016 -1.000000 0.000079 -0.000064 -1.000000 0.000075 0.000002 0.000000 1.000000 0.000002 0.000001 1.000000 0.000003 0.000000 1.000000 0.000012 0.000000 1.000000 0.000009 0.000000 1.000000 0.000003 0.000000 1.000000 0.000016 -1.000000 -0.000079 0.000034 -1.000000 -0.000077 0.000033 -1.000000 -0.000082 0.000016 -1.000000 -0.000078 0.000002 0.000000 1.000000 -0.000000 0.000000 1.000000 -0.000010 0.000000 1.000000 -0.000008 0.000000 1.000000 -0.000010 0.000000 1.000000 -0.000002 0.000000 1.000000 0.000165 -1.000000 -0.000215 0.000168 -1.000000 -0.000282 0.000163 -1.000000 -0.000281 0.000170 -1.000000 -0.000214 -0.000001 0.000000 1.000000 -0.000000 0.000000 1.000000 0.000003 0.000000 1.000000 0.000001 0.000000 1.000000 0.000002 0.000000 1.000000 0.000003 0.000000 1.000000 0.000005 0.000001 1.000000 -0.000012 0.000000 1.000000 0.000007 0.000000 1.000000 -0.000001 -0.000002 1.000000 0.000003 -0.000001 1.000000 0.000002 0.000000 1.000000 -0.000002 0.000000 1.000000 0.000084 -1.000000 -0.000017 0.000078 -1.000000 -0.000016 0.000059 -1.000000 -0.000059 0.000063 -1.000000 -0.000063 0.000128 -1.000000 -0.000120 0.000128 -1.000000 -0.000120 -0.000243 -1.000000 -0.000006 -0.000258 -1.000000 0.000010 0.000129 -1.000000 -0.000377 0.000121 -1.000000 -0.000369 0.000084 -1.000000 0.000016 0.000078 -1.000000 0.000015 0.000059 -1.000000 0.000058 0.000059 -1.000000 0.000058 0.000000 0.996348 0.085379 0.000000 0.998967 0.045449 0.000000 0.999027 0.044092 0.000000 0.996464 0.084026 
						0.000002 0.000000 1.000000 0.000006 0.000000 1.000000 0.000001 -0.000000 1.000000 -0.000000 -0.000000 1.000000 0.000000 1.000000 -0.000000 0.000000 1.000000 -0.000000 0.000000 1.000000 -0.000000 0.000000 1.000000 -0.000000 0.000000 -0.997475 -0.071016 0.000000 -0.997555 -0.069883 0.000000 -0.997558 -0.069845 0.000000 -0.997478 -0.070978 -0.679899 -0.733306 0.000000 -0.684182 0.729311 -0.000000 -0.641332 0.767264 -0.000000 -0.720743 -0.693202 0.000000 -0.956332 -0.292281 0.000000 -0.737028 -0.675862 0.000000 -0.720098 -0.693872 0.000000 -0.948816 -0.315829 0.000000 -0.993977 -0.000000 -0.109591 -0.994226 0.000000 0.107303 -0.993678 0.000000 0.112268 -0.995358 -0.000000 -0.096241 -0.999851 -0.000000 -0.017280 -0.999879 -0.000000 -0.015549 -0.999991 -0.000000 -0.004208 -1.000000 0.000000 0.000733 0.000001 -0.000000 -1.000000 0.000001 -0.000000 -1.000000 0.000000 -0.000000 -1.000000 0.000000 -0.000000 -1.000000 -0.000000 1.000000 -0.000000 -0.000000 1.000000 -0.000000 -0.000000 1.000000 -0.000000 -0.000000 1.000000 -0.000000 0.000000 1.000000 -0.000000 0.000000 1.000000 0.000000 0.000000 1.000000 0.000000 0.000000 1.000000 -0.000000 0.000000 1.000000 -0.000000 0.000000 1.000000 0.000000 0.000000 1.000000 0.000000 0.000000 1.000000 -0.000000 
					</float_array>
					<technique_common>
						<accessor count="300" offset="0" source="#meshId1-bitangents-array" stride="3">
							<param name="X" type="float" />
							<param name="Y" type="float" />
							<param name="Z" type="float" />
						</accessor>
					</technique_common>
				</source>
				<source id="meshId1-tex0" name="meshId1-tex0">
					<float_array id="meshId1-tex0-array" count="600"> 
						0.171562 0.076429 0.168861 0.048889 0.198283 0.013366 0.360274 0.157542 0.301377 0.176780 0.568839 0.396351 0.574678 0.374560 0.590630 0.358608 0.612421 0.352770 0.635467 0.352770 0.591213 0.530322 0.568839 0.530322 0.155063 0.752565 0.162271 0.744816 0.187519 0.743743 0.219823 0.772642 0.209611 0.783946 0.203719 0.787759 0.196709 0.788115 0.190461 0.784918 0.871567 0.245040 0.958327 0.245040 0.958327 0.291301 0.871567 0.291301 0.965050 0.781752 0.987423 0.781752 0.987424 0.969724 0.985089 0.978436 0.978712 0.984813 0.970000 0.987147 0.965050 0.987147 0.965050 0.917568 0.969786 0.557418 0.987403 0.557418 0.987403 0.733739 0.985846 0.739552 0.981590 0.743808 0.975777 0.745365 0.969786 0.745365 0.969786 0.675800 0.007161 0.551833 0.034941 0.547618 0.038033 0.569390 0.011483 0.575738 0.697013 0.919703 0.683490 0.922673 0.604626 0.922673 0.591103 0.919703 0.586477 0.917568 0.701639 0.917568 0.186124 0.718595 0.295239 0.595718 0.350355 0.624424 0.586477 0.767118 0.586477 0.781752 0.568860 0.781752 0.568860 0.767118 0.885091 0.352770 0.943821 0.352770 0.965612 0.358609 0.981564 0.374561 0.987403 0.396351 0.987403 0.530322 0.969786 0.530322 
						0.821457 0.352770 0.854624 0.530322 0.304101 0.199300 0.304967 0.192880 0.365240 0.178038 0.366609 0.184617 0.318201 0.314602 0.379644 0.311225 0.134023 0.044548 0.142302 0.051478 0.144437 0.077541 0.058554 0.179017 0.036784 0.163689 0.165577 0.005337 0.171586 0.000973 0.178972 0.000198 0.185757 0.003219 0.562137 0.093621 0.567976 0.071830 0.583928 0.055878 0.605718 0.050039 0.664449 0.050039 0.579754 0.245040 0.562137 0.245040 0.306347 0.186492 0.363800 0.171392 0.305301 0.181248 0.362147 0.164466 0.586477 0.987148 0.580486 0.987148 0.574673 0.985590 0.570417 0.981335 0.568860 0.975522 0.980701 0.245040 0.980701 0.291301 0.568839 0.557418 0.591213 0.557418 0.591213 0.612852 0.591213 0.745366 0.586262 0.745366 0.577551 0.743031 0.571173 0.736654 0.568839 0.727942 0.914073 0.050039 0.937119 0.050039 0.958910 0.055878 0.974862 0.071830 0.980701 0.093621 0.987423 0.767118 0.965050 0.767118 0.878290 0.917568 0.878290 0.987148 0.852813 0.050039 0.701639 0.767118 0.701639 0.781752 0.001412 0.488374 0.030157 0.487042 0.307088 0.573933 0.363807 0.596970 0.359429 0.606588 0.304837 0.581913 0.354812 0.615874 0.300637 0.589371 0.307956 0.568134 
						0.365836 0.591997 0.161655 0.071892 0.152182 0.072412 0.161513 0.719928 0.169443 0.724024 0.178494 0.723560 0.568839 0.548386 0.591213 0.548386 0.568839 0.539354 0.591213 0.539354 0.969786 0.548386 0.987403 0.548386 0.969786 0.539354 0.987403 0.539354 0.677973 0.557418 0.677973 0.548386 0.677973 0.539354 0.677973 0.530322 0.044432 0.641087 0.066931 0.622601 0.034870 0.232292 0.008039 0.226403 0.014682 0.203465 0.039113 0.212740 0.024663 0.182538 0.047117 0.195145 0.029842 0.621157 0.053515 0.606782 0.018601 0.599072 0.043723 0.589255 0.030389 0.288381 0.001691 0.286809 0.980701 0.298043 0.958327 0.298043 0.980701 0.304786 0.958327 0.304786 0.965050 0.760375 0.987423 0.760375 0.562137 0.291301 0.579754 0.291301 0.579754 0.298043 0.562137 0.298043 0.579754 0.304786 0.562137 0.304786 0.568860 0.760376 0.586477 0.760376 0.871567 0.298043 0.871567 0.304786 0.878290 0.760375 0.878290 0.767118 0.701639 0.760375 0.694916 0.298043 0.694916 0.304786 0.694916 0.291301 0.854624 0.539354 0.854624 0.548386 0.854624 0.557418 0.029594 0.354228 0.000198 0.354149 0.878290 0.781752 0.728083 0.050039 0.694916 0.245040 0.859250 0.677935 0.865685 0.687994 
						0.865685 0.727217 0.860673 0.739316 0.854624 0.745366 0.854624 0.675801 0.317895 0.490860 0.379644 0.496611 0.696727 0.352770 0.677973 0.612852 0.677973 0.745366 0.242738 0.926724 0.281961 0.926727 0.281956 0.986013 0.242719 0.986010 0.872773 0.734304 0.951637 0.734304 0.963736 0.739316 0.958725 0.727217 0.958725 0.687994 0.965160 0.677935 0.382524 0.926735 0.421747 0.926738 0.421757 0.986024 0.382519 0.986021 0.951637 0.680906 0.872773 0.680906 0.695590 0.981099 0.690578 0.968999 0.690578 0.929761 0.701639 0.987148 0.432597 0.926738 0.511461 0.926725 0.511471 0.986011 0.432607 0.986024 0.597538 0.929761 0.597538 0.968999 0.592526 0.981099 0.604626 0.976087 0.683490 0.976087 0.599614 0.974011 0.956649 0.732228 0.688502 0.974011 0.867761 0.732228 0.956649 0.682982 0.867761 0.682982 0.599614 0.924749 0.688502 0.924749 0.371670 0.986020 0.371675 0.926734 0.377099 0.926735 0.377095 0.986021 0.427182 0.986025 0.427172 0.926739 0.237294 0.986010 0.237313 0.926723 0.516886 0.926723 0.516896 0.986010 0.292810 0.926728 0.292806 0.986014 0.287381 0.986014 0.287386 0.926728 0.155329 0.931441 0.024672 0.941478 0.024101 0.932807 0.148144 0.925394 
						0.599635 0.736944 0.669551 0.736944 0.599635 0.621274 0.669551 0.621274 0.168927 0.801905 0.107439 0.801905 0.107439 0.788510 0.168927 0.788510 0.041653 0.851021 0.155329 0.859597 0.149421 0.866216 0.046584 0.857240 0.155329 0.859597 0.155329 0.931441 0.148144 0.925394 0.149421 0.866216 0.017293 0.930726 0.041653 0.851021 0.046584 0.857240 0.024101 0.932807 0.050018 0.862380 0.031784 0.927425 0.024101 0.932807 0.046584 0.857240 0.144957 0.869934 0.149421 0.866216 0.144380 0.921590 0.148144 0.925394 0.228259 0.985824 0.166771 0.985824 0.166771 0.878582 0.228259 0.878582 0.337655 0.801905 0.276168 0.801905 0.276168 0.788510 0.337655 0.788510 0.107439 0.801905 0.000198 0.801905 0.000198 0.788510 0.107439 0.788510 0.276168 0.801905 0.168927 0.801905 0.168927 0.788510 0.276168 0.788510 
					</float_array>
					<technique_common>
						<accessor count="300" offset="0" source="#meshId1-tex0-array" stride="2">
							<param name="S" type="float" />
							<param name="T" type="float" />
						</accessor>
					</technique_common>
				</source>
				<vertices id="meshId1-vertices">
					<input semantic="POSITION" source="#meshId1-positions" />
				</vertices>
				<polylist count="336" material="defaultMaterial">
					<input offset="0" semantic="VERTEX" source="#meshId1-vertices" />
					<input offset="0" semantic="NORMAL" source="#meshId1-normals" />
					<input offset="0" semantic="TANGENT" source="#meshId1-tangents" />
					<input offset="0" semantic="BINORMAL" source="#meshId1-bitangents" />
					<input offset="0" semantic="TEXCOORD" source="#meshId1-tex0" set="0" />
					<vcount>
						3 3 3 3 3 3 3 3 3 3 3 3 3 3 3 3 3 3 3 3 3 3 3 3 3 3 3 3 3 3 3 3 3 3 3 3 3 3 3 3 3 3 3 3 3 3 3 3 3 3 3 3 3 3 3 3 3 3 3 3 3 3 3 3 
						3 3 3 3 3 3 3 3 3 3 3 3 3 3 3 3 3 3 3 3 3 3 3 3 3 3 3 3 3 3 3 3 3 3 3 3 3 3 3 3 3 3 3 3 3 3 3 3 3 3 3 3 3 3 3 3 3 3 3 3 3 3 3 3 
						3 3 3 3 3 3 3 3 3 3 3 3 3 3 3 3 3 3 3 3 3 3 3 3 3 3 3 3 3 3 3 3 3 3 3 3 3 3 3 3 3 3 3 3 3 3 3 3 3 3 3 3 3 3 3 3 3 3 3 3 3 3 3 3 
						3 3 3 3 3 3 3 3 3 3 3 3 3 3 3 3 3 3 3 3 3 3 3 3 3 3 3 3 3 3 3 3 3 3 3 3 3 3 3 3 3 3 3 3 3 3 3 3 3 3 3 3 3 3 3 3 3 3 3 3 3 3 3 3 
						3 3 3 3 3 3 3 3 3 3 3 3 3 3 3 3 3 3 3 3 3 3 3 3 3 3 3 3 3 3 3 3 3 3 3 3 3 3 3 3 3 3 3 3 3 3 3 3 3 3 3 3 3 3 3 3 3 3 3 3 3 3 3 3 
						3 3 3 3 3 3 3 3 3 3 3 3 3 3 3 3 
					</vcount>
					<p>
						4 0 1 4 1 2 2 3 4 11 5 6 11 6 7 11 7 8 11 8 9 9 10 11 19 12 13 19 13 14 19 14 15 19 15 16 19 16 17 17 18 19 23 20 21 21 22 23 31 24 25 31 25 26 31 26 27 31 27 28 31 28 29 29 30 31 39 32 33 39 33 34 39 34 35 39 35 36 39 36 37 37 38 39 43 40 41 41 42 43 49 44 45 49 45 46 49 46 47 47 48 49 52 15 14 52 14 50 50 51 52 56 53 54 54 55 56 63 57 58 63 58 59 63 59 60 63 60 61 61 62 63 65 64 57 57 63 65 69 66 67 67 68 69 71 70 66 66 69 71 76 72 73 76 73 74 74 75 76 72 77 78 72 78 79 72 79 80 72 80 2 72 2 1 1 73 72 87 81 82 87 82 83 87 83 84 87 84 85 85 86 87 
						89 68 67 67 88 89 91 89 88 88 90 91 3 91 90 90 4 3 96 55 54 96 54 48 96 48 92 96 92 93 96 93 94 94 95 96 22 21 97 97 98 22 106 99 100 106 100 101 106 101 102 106 102 103 106 103 104 104 105 106 21 107 108 21 108 109 21 109 110 21 110 111 111 97 21 113 112 25 25 24 113 115 114 31 31 30 115 20 116 107 107 21 20 53 117 118 118 54 53 40 119 120 120 41 40 124 121 122 122 123 124 126 124 123 123 125 126 51 126 125 125 52 51 122 121 127 127 128 122 1 0 129 1 129 130 1 130 74 74 73 1 13 131 132 13 132 133 13 133 50 50 14 13 135 100 99 99 134 135 137 135 134 134 136 137 10 137 136 136 11 10 139 33 32 32 138 139 141 139 138 138 140 141 62 141 140 140 63 62 143 142 100 
						100 135 143 144 143 135 135 137 144 145 144 137 137 10 145 12 146 147 12 147 131 131 13 12 151 148 149 149 150 151 153 151 150 150 152 153 75 153 152 152 76 75 155 147 146 146 154 155 157 155 154 154 156 157 42 157 156 156 43 42 159 149 148 148 158 159 161 22 98 98 160 161 163 161 160 160 162 163 113 164 165 165 112 113 169 166 167 167 168 169 171 169 168 168 170 171 56 172 173 173 53 56 174 23 22 22 161 174 175 174 161 161 163 175 177 176 164 164 113 177 166 87 86 86 167 166 53 173 178 178 117 53 170 168 179 179 180 170 168 167 181 181 179 168 63 140 182 182 65 63 140 138 183 183 182 140 138 32 184 184 183 138 186 159 158 158 185 186 117 177 187 187 118 117 86 85 188 188 189 86 195 190 191 195 191 192 195 192 193 193 194 195 
						197 196 70 70 71 197 145 198 64 64 65 145 200 199 195 195 194 200 167 86 189 189 181 167 199 142 184 184 195 199 195 184 32 32 39 195 48 54 118 118 49 48 114 187 24 24 31 114 204 201 202 202 203 204 194 193 205 194 205 206 194 206 207 207 38 194 38 207 208 38 208 209 38 209 210 210 39 38 214 211 212 212 213 214 39 210 215 39 215 216 39 216 190 190 195 39 220 217 218 220 218 219 220 219 44 44 49 220 224 221 222 222 223 224 48 47 225 48 225 226 48 226 227 227 92 48 92 227 228 92 228 229 92 229 217 217 220 92 226 230 227 230 228 227 206 231 207 231 208 207 229 232 217 232 218 217 192 233 193 233 205 193 209 234 210 234 215 210 216 235 190 235 191 190 46 236 47 236 225 47 219 237 44 237 45 44 241 238 239 239 240 241 
						214 241 240 240 211 214 243 221 224 224 242 243 212 243 242 242 213 212 245 201 204 204 244 245 222 246 247 247 223 222 251 248 249 249 250 251 202 251 250 250 203 202 249 248 239 239 238 249 49 118 187 187 114 49 101 100 142 142 199 101 255 252 253 253 254 255 10 9 198 198 145 10 128 127 196 196 197 128 177 113 24 24 187 177 117 178 176 176 177 117 180 179 174 174 175 180 179 181 23 23 174 179 65 182 144 144 145 65 182 183 143 143 144 182 183 184 142 142 143 183 119 186 185 185 120 119 189 188 116 116 20 189 220 49 114 114 115 220 181 189 20 20 23 181 102 256 257 257 200 102 101 258 256 256 102 101 199 259 258 258 101 199 200 257 259 259 199 200 263 260 261 261 262 263 267 264 265 265 266 267 271 268 269 269 270 271 275 272 273 273 274 275 
						279 276 277 277 278 279 281 280 276 276 279 281 283 282 280 280 281 283 278 277 282 282 283 278 287 284 285 285 286 287 291 288 289 289 290 291 295 292 293 293 294 295 299 296 297 297 298 299 
					</p>
				</polylist>
			</mesh>
		</geometry>
		<geometry id="meshId2" name="meshId2_name" >
			<mesh>
				<source id="meshId2-positions" name="meshId2-positions">
					<float_array id="meshId2-positions-array" count="2052"> 
						0.000000 1.000000 -1.987907 0.000000 1.000000 0.999999 0.195091 0.980785 0.999999 0.195091 0.980785 -1.987907 0.382684 0.923880 0.999999 0.382684 0.923879 -1.987907 0.555570 0.831470 0.999999 0.555570 0.831470 -1.987907 0.707107 0.707107 0.999999 0.707107 0.707107 -1.987907 0.831470 0.555570 0.999999 0.831470 0.555570 -1.987907 0.923880 0.382683 0.999999 0.923880 0.382683 -1.987907 0.980785 0.195090 0.999999 0.980785 0.195090 -1.987907 1.000000 -0.000000 0.999999 1.000000 -0.000000 -1.987907 0.980785 -0.195090 0.999999 0.980785 -0.195090 -1.987907 0.923880 -0.382684 0.999999 0.923880 -0.382684 -1.987907 0.831470 -0.555570 0.999999 0.831470 -0.555570 -1.987907 0.707107 -0.707107 0.999999 0.707107 -0.707107 -1.987907 0.555570 -0.831470 0.999999 0.555570 -0.831470 -1.987907 0.382684 -0.923880 0.999999 0.382684 -0.923880 -1.987907 0.195091 -0.980785 0.999999 0.195091 -0.980785 -1.987907 0.000000 -1.000000 0.999999 0.000000 -1.000000 -1.987907 0.000000 -1.000000 -1.987907 0.000000 -1.000000 0.999999 -0.195090 -0.980785 0.999999 -0.195090 -0.980785 -1.987907 -0.382684 -0.923880 0.999999 -0.382684 -0.923880 -1.987907 -0.555570 -0.831469 0.999999 -0.555570 -0.831469 -1.987907 -0.707107 -0.707107 0.999999 -0.707107 -0.707107 -1.987907 -0.767744 -0.633221 -0.851835 -0.767744 -0.633221 -0.136071 -1.097526 -0.853575 -0.136071 -1.097526 -0.853575 -0.851835 -0.767744 -0.633221 -0.136071 -0.831469 -0.555570 -0.136071 -1.161252 -0.775925 -0.136071 -1.097526 -0.853575 -0.136071 -0.923879 -0.382684 -1.987907 -0.923879 -0.382684 0.999999 -0.980785 -0.195090 0.999999 -0.980785 -0.195090 -1.987907 -1.000000 -0.000000 0.999999 -1.000000 -0.000000 -1.987907 -0.980785 0.195090 0.999999 -0.980785 0.195091 -1.987907 -0.923879 0.382683 0.999999 -0.923879 0.382683 -1.987907 -0.831470 0.555570 0.999999 -0.831470 0.555570 -1.987907 
						-0.707107 0.707107 0.999999 -0.707107 0.707107 -1.987907 -0.555570 0.831470 0.999999 -0.555570 0.831470 -1.987907 -0.382684 0.923880 0.999999 -0.382684 0.923879 -1.987907 0.195091 0.980785 0.999999 0.000000 1.000000 0.999999 -0.195090 0.980785 0.999999 -0.382684 0.923880 0.999999 -0.555570 0.831470 0.999999 -0.707107 0.707107 0.999999 -0.831470 0.555570 0.999999 -0.923879 0.382683 0.999999 -0.980785 0.195090 0.999999 -1.000000 -0.000000 0.999999 -0.980785 -0.195090 0.999999 -0.923879 -0.382684 0.999999 -0.831469 -0.555570 0.999999 -0.707107 -0.707107 0.999999 -0.555570 -0.831469 0.999999 -0.382684 -0.923880 0.999999 -0.195090 -0.980785 0.999999 0.000000 -1.000000 0.999999 0.195091 -0.980785 0.999999 0.382684 -0.923880 0.999999 0.555570 -0.831470 0.999999 0.707107 -0.707107 0.999999 0.831470 -0.555570 0.999999 0.923880 -0.382684 0.999999 0.980785 -0.195090 0.999999 1.000000 -0.000000 0.999999 0.980785 0.195090 0.999999 0.923880 0.382683 0.999999 0.831470 0.555570 0.999999 0.707107 0.707107 0.999999 0.555570 0.831470 0.999999 0.382684 0.923880 0.999999 -0.195090 0.980785 0.999999 -0.195090 0.980785 -1.987907 -0.851523 0.352713 -1.987907 -0.766351 0.512059 -1.987907 -0.766351 0.512059 -1.494560 -0.851523 0.352713 -1.494560 0.179811 0.903972 -1.987907 0.000000 0.921682 -1.987907 0.000000 1.000000 -1.987907 0.195091 0.980785 -1.987907 0.352712 0.851523 -1.987907 0.382684 0.923879 -1.987907 0.512059 0.766351 -1.987907 0.555570 0.831470 -1.987907 0.651728 0.651728 -1.987907 0.707107 0.707107 -1.987907 0.766351 0.512059 -1.987907 0.831470 0.555570 -1.987907 0.851523 0.352712 -1.987907 0.923880 0.382683 -1.987907 0.903972 0.179811 -1.987907 0.980785 0.195090 -1.987907 0.921682 -0.000000 -1.987907 1.000000 -0.000000 -1.987907 0.903972 -0.179811 -1.987907 0.980785 -0.195090 -1.987907 
						0.851523 -0.352712 -1.987907 0.923880 -0.382684 -1.987907 0.766351 -0.512059 -1.987907 0.831470 -0.555570 -1.987907 0.651728 -0.651728 -1.987907 0.707107 -0.707107 -1.987907 0.512059 -0.766351 -1.987907 0.555570 -0.831470 -1.987907 0.352712 -0.851523 -1.987907 0.382684 -0.923880 -1.987907 0.179811 -0.903972 -1.987907 0.195091 -0.980785 -1.987907 0.000000 -0.921682 -1.987907 0.000000 -1.000000 -1.987907 -0.179811 -0.903972 -1.987907 -0.195090 -0.980785 -1.987907 -0.352712 -0.851523 -1.987907 -0.382684 -0.923880 -1.987907 -0.512059 -0.766350 -1.987907 -0.555570 -0.831469 -1.987907 -0.651727 -0.651728 -1.987907 -0.707107 -0.707107 -1.987907 -0.766350 -0.512059 -1.987907 -0.831469 -0.555570 -1.987907 -0.851523 -0.352712 -1.987907 -0.923879 -0.382684 -1.987907 -0.903972 -0.179811 -1.987907 -0.980785 -0.195090 -1.987907 -0.921682 -0.000000 -1.987907 -1.000000 -0.000000 -1.987907 -0.903972 0.179811 -1.987907 -0.980785 0.195091 -1.987907 -0.851523 0.352713 -1.987907 -0.923879 0.382683 -1.987907 -0.766351 0.512059 -1.987907 -0.831470 0.555570 -1.987907 -0.651728 0.651727 -1.987907 -0.707107 0.707107 -1.987907 -0.512059 0.766351 -1.987907 -0.555570 0.831470 -1.987907 -0.352712 0.851523 -1.987907 -0.382684 0.923879 -1.987907 -0.179811 0.903972 -1.987907 -0.195090 0.980785 -1.987907 -0.755413 -0.312903 -1.494560 -0.801942 -0.159516 -1.494560 -0.728800 -0.144967 -0.263623 -0.686514 -0.284364 -0.263623 0.512059 -0.766351 -1.987907 0.352712 -0.851523 -1.987907 0.352712 -0.851523 -1.494560 0.512059 -0.766351 -1.494560 0.000000 0.921682 -1.987907 0.179811 0.903972 -1.987907 0.179811 0.903972 -1.494560 0.000000 0.921682 -1.494560 -0.651728 0.651727 -1.987907 -0.651728 0.651727 -1.494560 0.179811 -0.903972 -1.987907 0.179811 -0.903972 -1.494560 0.352712 0.851523 -1.987907 0.352712 0.851523 -1.494560 -0.512059 0.766351 -1.987907 -0.512059 0.766351 -1.494560 
						0.000000 -0.921682 -1.987907 0.000000 -0.921682 -1.494560 0.512059 0.766351 -1.987907 0.512059 0.766351 -1.494560 -0.352712 0.851523 -1.987907 -0.352712 0.851523 -1.494560 0.000000 -0.921682 -1.987907 -0.179811 -0.903972 -1.987907 -0.179811 -0.903972 -1.494560 0.000000 -0.921682 -1.494560 0.651728 0.651728 -1.987907 0.651728 0.651728 -1.494560 -0.179811 0.903972 -1.987907 -0.179811 0.903972 -1.494560 -0.352712 -0.851523 -1.987907 -0.352712 -0.851523 -1.494560 0.766351 0.512059 -1.987907 0.766351 0.512059 -1.494560 -0.512059 -0.766350 -1.987907 -0.512059 -0.766350 -1.494560 0.851523 0.352712 -1.987907 0.851523 0.352712 -1.494560 -0.651727 -0.651728 -1.987907 -0.651727 -0.651728 -1.494560 0.903972 0.179811 -1.987907 0.903972 0.179811 -1.494560 -0.766350 -0.512059 -1.987907 -0.766350 -0.512059 -1.494560 0.921682 -0.000000 -1.987907 0.921682 -0.000000 -1.494560 -0.851523 -0.352712 -1.987907 -0.851523 -0.352712 -1.494560 0.903972 -0.179811 -1.987907 0.903972 -0.179811 -1.494560 -0.903972 -0.179811 -1.987907 -0.903972 -0.179811 -1.494560 0.851523 -0.352712 -1.987907 0.851523 -0.352712 -1.494560 -0.921682 -0.000000 -1.987907 -0.921682 -0.000000 -1.494560 0.766351 -0.512059 -1.987907 0.766351 -0.512059 -1.494560 -0.903972 0.179811 -1.987907 -0.903972 0.179811 -1.494560 0.651728 -0.651728 -1.987907 0.651728 -0.651728 -1.494560 0.159516 0.801942 -1.494560 0.000000 0.817653 -1.494560 0.000000 0.921682 -1.494560 0.179811 0.903972 -1.494560 0.312902 0.755413 -1.494560 0.352712 0.851523 -1.494560 0.454264 0.679854 -1.494560 0.512059 0.766351 -1.494560 0.578168 0.578168 -1.494560 0.651728 0.651728 -1.494560 0.679854 0.454264 -1.494560 0.766351 0.512059 -1.494560 0.755413 0.312903 -1.494560 0.851523 0.352712 -1.494560 0.801942 0.159516 -1.494560 0.903972 0.179811 -1.494560 0.817653 -0.000000 -1.494560 0.921682 -0.000000 -1.494560 
						0.801942 -0.159516 -1.494560 0.903972 -0.179811 -1.494560 0.755413 -0.312903 -1.494560 0.851523 -0.352712 -1.494560 0.679854 -0.454264 -1.494560 0.766351 -0.512059 -1.494560 0.578168 -0.578169 -1.494560 0.651728 -0.651728 -1.494560 0.454264 -0.679854 -1.494560 0.512059 -0.766351 -1.494560 0.312902 -0.755413 -1.494560 0.352712 -0.851523 -1.494560 0.159516 -0.801942 -1.494560 0.179811 -0.903972 -1.494560 0.000000 -0.817653 -1.494560 0.000000 -0.921682 -1.494560 -0.159516 -0.801942 -1.494560 -0.179811 -0.903972 -1.494560 -0.312902 -0.755413 -1.494560 -0.352712 -0.851523 -1.494560 -0.454264 -0.679854 -1.494560 -0.512059 -0.766350 -1.494560 -0.578168 -0.578169 -1.494560 -0.651727 -0.651728 -1.494560 -0.679854 -0.454264 -1.494560 -0.766350 -0.512059 -1.494560 -0.755413 -0.312903 -1.494560 -0.851523 -0.352712 -1.494560 -0.801942 -0.159516 -1.494560 -0.903972 -0.179811 -1.494560 -0.817653 -0.000000 -1.494560 -0.921682 -0.000000 -1.494560 -0.801942 0.159516 -1.494560 -0.903972 0.179811 -1.494560 -0.755413 0.312903 -1.494560 -0.851523 0.352713 -1.494560 -0.679854 0.454264 -1.494560 -0.766351 0.512059 -1.494560 -0.578168 0.578168 -1.494560 -0.651728 0.651727 -1.494560 -0.454264 0.679854 -1.494560 -0.512059 0.766351 -1.494560 -0.312902 0.755413 -1.494560 -0.352712 0.851523 -1.494560 -0.159516 0.801942 -1.494560 -0.179811 0.903972 -1.494560 0.000000 0.671681 -0.263623 0.131038 0.658775 -0.263623 0.114428 0.575269 0.366435 0.000000 0.586539 0.366435 0.801942 -0.159516 -1.494560 0.755413 -0.312903 -1.494560 0.686514 -0.284364 -0.263623 0.728800 -0.144967 -0.263623 -0.817653 -0.000000 -1.494560 -0.743078 -0.000000 -0.263623 0.679854 -0.454264 -1.494560 0.617847 -0.412832 -0.263623 -0.801942 0.159516 -1.494560 -0.728800 0.144967 -0.263623 0.578168 -0.578169 -1.494560 0.525435 -0.525435 -0.263623 -0.755413 0.312903 -1.494560 -0.686514 0.284364 -0.263623 
						0.454264 -0.679854 -1.494560 0.412832 -0.617847 -0.263623 -0.679854 0.454264 -1.494560 -0.617847 0.412832 -0.263623 0.312902 -0.755413 -1.494560 0.284364 -0.686514 -0.263623 0.000000 0.817653 -1.494560 0.159516 0.801942 -1.494560 0.144967 0.728800 -0.263623 0.000000 0.743078 -0.263623 -0.578168 0.578168 -1.494560 -0.525435 0.525435 -0.263623 0.159516 -0.801942 -1.494560 0.144967 -0.728800 -0.263623 0.312902 0.755413 -1.494560 0.284364 0.686514 -0.263623 -0.454264 0.679854 -1.494560 -0.412832 0.617847 -0.263623 0.000000 -0.817653 -1.494560 0.000000 -0.743078 -0.263623 0.454264 0.679854 -1.494560 0.412832 0.617847 -0.263623 -0.312902 0.755413 -1.494560 -0.284364 0.686514 -0.263623 0.000000 -0.817653 -1.494560 -0.159516 -0.801942 -1.494560 -0.144967 -0.728800 -0.263623 0.000000 -0.743078 -0.263623 0.578168 0.578168 -1.494560 0.525435 0.525435 -0.263623 -0.159516 0.801942 -1.494560 -0.144967 0.728800 -0.263623 -0.312902 -0.755413 -1.494560 -0.284364 -0.686514 -0.263623 0.679854 0.454264 -1.494560 0.617847 0.412832 -0.263623 -0.454264 -0.679854 -1.494560 -0.412832 -0.617847 -0.263623 0.755413 0.312903 -1.494560 0.686514 0.284364 -0.263623 -0.578168 -0.578169 -1.494560 -0.525435 -0.525435 -0.263623 0.801942 0.159516 -1.494560 0.728800 0.144967 -0.263623 -0.679854 -0.454264 -1.494560 -0.617846 -0.412832 -0.263623 0.817653 -0.000000 -1.494560 0.743078 -0.000000 -0.263623 0.131038 0.658775 -0.263623 0.000000 0.671681 -0.263623 0.000000 0.743078 -0.263623 0.144967 0.728800 -0.263623 0.257041 0.620552 -0.263623 0.284364 0.686514 -0.263623 0.373166 0.558483 -0.263623 0.412832 0.617847 -0.263623 0.474950 0.474950 -0.263623 0.525435 0.525435 -0.263623 0.558482 0.373166 -0.263623 0.617847 0.412832 -0.263623 0.620552 0.257041 -0.263623 0.686514 0.284364 -0.263623 0.658775 0.131038 -0.263623 0.728800 0.144967 -0.263623 
						0.671681 -0.000000 -0.263623 0.743078 -0.000000 -0.263623 0.658775 -0.131038 -0.263623 0.728800 -0.144967 -0.263623 0.620552 -0.257041 -0.263623 0.686514 -0.284364 -0.263623 0.558482 -0.373166 -0.263623 0.617847 -0.412832 -0.263623 0.474950 -0.474950 -0.263623 0.525435 -0.525435 -0.263623 0.373166 -0.558483 -0.263623 0.412832 -0.617847 -0.263623 0.257041 -0.620552 -0.263623 0.284364 -0.686514 -0.263623 0.131038 -0.658775 -0.263623 0.144967 -0.728800 -0.263623 0.000000 -0.671681 -0.263623 0.000000 -0.743078 -0.263623 -0.131038 -0.658775 -0.263623 -0.144967 -0.728800 -0.263623 -0.257041 -0.620552 -0.263623 -0.284364 -0.686514 -0.263623 -0.373166 -0.558482 -0.263623 -0.412832 -0.617847 -0.263623 -0.474950 -0.474950 -0.263623 -0.525435 -0.525435 -0.263623 -0.558482 -0.373166 -0.263623 -0.617846 -0.412832 -0.263623 -0.620553 -0.257041 -0.263623 -0.686514 -0.284364 -0.263623 -0.658775 -0.131038 -0.263623 -0.728800 -0.144967 -0.263623 -0.671681 -0.000000 -0.263623 -0.743078 -0.000000 -0.263623 -0.658775 0.131038 -0.263623 -0.728800 0.144967 -0.263623 -0.620553 0.257041 -0.263623 -0.686514 0.284364 -0.263623 -0.558482 0.373166 -0.263623 -0.617847 0.412832 -0.263623 -0.474950 0.474950 -0.263623 -0.525435 0.525435 -0.263623 -0.373166 0.558483 -0.263623 -0.412832 0.617847 -0.263623 -0.257041 0.620552 -0.263623 -0.284364 0.686514 -0.263623 -0.131038 0.658775 -0.263623 -0.144967 0.728800 -0.263623 0.249043 0.249043 0.366434 0.292843 0.195672 0.366434 0.268768 0.179585 0.669369 0.228568 0.228568 0.669369 -0.558482 0.373166 -0.263623 -0.474950 0.474950 -0.263623 -0.414745 0.414745 0.366435 -0.487689 0.325863 0.366435 0.257041 -0.620552 -0.263623 0.131038 -0.658775 -0.263623 0.114428 -0.575268 0.366434 0.224459 -0.541891 0.366434 0.257041 0.620552 -0.263623 0.224459 0.541891 0.366435 -0.373166 0.558483 -0.263623 -0.325863 0.487689 0.366435 
						0.000000 -0.671681 -0.263623 0.000000 -0.586538 0.366434 0.373166 0.558483 -0.263623 0.325863 0.487689 0.366435 -0.257041 0.620552 -0.263623 -0.224458 0.541891 0.366435 0.000000 -0.671681 -0.263623 -0.131038 -0.658775 -0.263623 -0.114428 -0.575268 0.366434 0.000000 -0.586538 0.366434 0.474950 0.474950 -0.263623 0.414746 0.414745 0.366435 -0.131038 0.658775 -0.263623 -0.114428 0.575269 0.366435 -0.257041 -0.620552 -0.263623 -0.224458 -0.541891 0.366434 0.558482 0.373166 -0.263623 0.487689 0.325864 0.366435 -0.373166 -0.558482 -0.263623 -0.325863 -0.487689 0.366434 0.620552 0.257041 -0.263623 0.541891 0.224459 0.366434 -0.474950 -0.474950 -0.263623 -0.414745 -0.414746 0.366434 0.658775 0.131038 -0.263623 0.575268 0.114428 0.366434 -0.558482 -0.373166 -0.263623 -0.487689 -0.325863 0.366434 0.671681 -0.000000 -0.263623 0.586539 -0.000000 0.366434 -0.620553 -0.257041 -0.263623 -0.541891 -0.224458 0.366434 0.658775 -0.131038 -0.263623 0.575268 -0.114428 0.366434 -0.658775 -0.131038 -0.263623 -0.575268 -0.114428 0.366434 0.620552 -0.257041 -0.263623 0.541891 -0.224458 0.366434 -0.671681 -0.000000 -0.263623 -0.586539 -0.000000 0.366434 0.558482 -0.373166 -0.263623 0.487689 -0.325863 0.366434 -0.658775 0.131038 -0.263623 -0.575268 0.114428 0.366434 0.474950 -0.474950 -0.263623 0.414746 -0.414746 0.366434 -0.620553 0.257041 -0.263623 -0.541891 0.224459 0.366434 0.373166 -0.558483 -0.263623 0.325863 -0.487689 0.366434 0.068711 0.345432 0.366435 0.000000 0.352199 0.366435 0.000000 0.586539 0.366435 0.114428 0.575269 0.366435 0.134781 0.325390 0.366435 0.224459 0.541891 0.366435 0.195672 0.292843 0.366435 0.325863 0.487689 0.366435 0.249043 0.249043 0.366434 0.414746 0.414745 0.366435 0.292843 0.195672 0.366434 0.487689 0.325864 0.366435 0.325390 0.134781 0.366434 0.541891 0.224459 0.366434 
						0.345432 0.068711 0.366434 0.575268 0.114428 0.366434 0.352200 -0.000000 0.366434 0.586539 -0.000000 0.366434 0.345432 -0.068711 0.366434 0.575268 -0.114428 0.366434 0.325390 -0.134781 0.366434 0.541891 -0.224458 0.366434 0.292843 -0.195672 0.366434 0.487689 -0.325863 0.366434 0.249043 -0.249043 0.366434 0.414746 -0.414746 0.366434 0.195672 -0.292843 0.366434 0.325863 -0.487689 0.366434 0.134781 -0.325390 0.366434 0.224459 -0.541891 0.366434 0.068711 -0.345432 0.366434 0.114428 -0.575268 0.366434 0.000000 -0.352200 0.366434 0.000000 -0.586538 0.366434 -0.068711 -0.345432 0.366434 -0.114428 -0.575268 0.366434 -0.134781 -0.325390 0.366434 -0.224458 -0.541891 0.366434 -0.195672 -0.292843 0.366434 -0.325863 -0.487689 0.366434 -0.249043 -0.249043 0.366434 -0.414745 -0.414746 0.366434 -0.292843 -0.195672 0.366434 -0.487689 -0.325863 0.366434 -0.325390 -0.134781 0.366434 -0.541891 -0.224458 0.366434 -0.345432 -0.068711 0.366434 -0.575268 -0.114428 0.366434 -0.352199 -0.000000 0.366434 -0.586539 -0.000000 0.366434 -0.345432 0.068711 0.366434 -0.575268 0.114428 0.366434 -0.325390 0.134781 0.366434 -0.541891 0.224459 0.366434 -0.292843 0.195671 0.366434 -0.487689 0.325863 0.366435 -0.249043 0.249043 0.366434 -0.414745 0.414745 0.366435 -0.195672 0.292843 0.366435 -0.325863 0.487689 0.366435 -0.134781 0.325390 0.366435 -0.224458 0.541891 0.366435 -0.068711 0.345432 0.366435 -0.114428 0.575269 0.366435 0.000000 0.323244 0.669369 0.063062 0.317033 0.669369 0.123700 0.298638 0.669369 0.179585 0.268768 0.669369 0.228568 0.228568 0.669369 0.268768 0.179585 0.669369 0.298638 0.123700 0.669369 0.317033 0.063062 0.669369 0.323244 -0.000000 0.669369 0.317033 -0.063062 0.669369 0.298639 -0.123700 0.669369 0.268768 -0.179584 0.669369 0.228568 -0.228568 0.669369 0.179585 -0.268768 0.669369 
						0.123700 -0.298638 0.669369 0.063062 -0.317033 0.669369 0.000000 -0.323244 0.669369 -0.063062 -0.317033 0.669369 -0.123700 -0.298638 0.669369 -0.179585 -0.268767 0.669369 -0.228568 -0.228568 0.669369 -0.268767 -0.179585 0.669369 -0.298638 -0.123700 0.669369 -0.317033 -0.063062 0.669369 -0.323244 -0.000000 0.669369 -0.317033 0.063062 0.669369 -0.298638 0.123700 0.669369 -0.268767 0.179585 0.669369 -0.228568 0.228568 0.669369 -0.179585 0.268768 0.669369 -0.123700 0.298639 0.669369 -0.063062 0.317033 0.669369 -0.068711 0.345432 0.366435 0.000000 0.352199 0.366435 0.000000 0.323244 0.669369 -0.063062 0.317033 0.669369 -0.134781 -0.325390 0.366434 -0.195672 -0.292843 0.366434 -0.179585 -0.268767 0.669369 -0.123700 -0.298638 0.669369 0.325390 0.134781 0.366434 0.298638 0.123700 0.669369 -0.249043 -0.249043 0.366434 -0.228568 -0.228568 0.669369 0.345432 0.068711 0.366434 0.317033 0.063062 0.669369 -0.292843 -0.195672 0.366434 -0.268767 -0.179585 0.669369 0.352200 -0.000000 0.366434 0.323244 -0.000000 0.669369 -0.325390 -0.134781 0.366434 -0.298638 -0.123700 0.669369 0.345432 -0.068711 0.366434 0.317033 -0.063062 0.669369 -0.345432 -0.068711 0.366434 -0.317033 -0.063062 0.669369 0.325390 -0.134781 0.366434 0.298639 -0.123700 0.669369 -0.352199 -0.000000 0.366434 -0.323244 -0.000000 0.669369 0.292843 -0.195672 0.366434 0.268768 -0.179584 0.669369 -0.345432 0.068711 0.366434 -0.317033 0.063062 0.669369 0.249043 -0.249043 0.366434 0.228568 -0.228568 0.669369 -0.325390 0.134781 0.366434 -0.298638 0.123700 0.669369 0.195672 -0.292843 0.366434 0.179585 -0.268768 0.669369 -0.292843 0.195671 0.366434 -0.268767 0.179585 0.669369 0.134781 -0.325390 0.366434 0.123700 -0.298638 0.669369 0.068711 0.345432 0.366435 0.063062 0.317033 0.669369 -0.249043 0.249043 0.366434 -0.228568 0.228568 0.669369 
						0.068711 -0.345432 0.366434 0.063062 -0.317033 0.669369 0.134781 0.325390 0.366435 0.123700 0.298638 0.669369 -0.195672 0.292843 0.366435 -0.179585 0.268768 0.669369 0.000000 -0.352200 0.366434 0.000000 -0.323244 0.669369 0.195672 0.292843 0.366435 0.179585 0.268768 0.669369 -0.134781 0.325390 0.366435 -0.123700 0.298639 0.669369 0.000000 -0.352200 0.366434 -0.068711 -0.345432 0.366434 -0.063062 -0.317033 0.669369 0.000000 -0.323244 0.669369 -0.767744 -0.633221 -0.136071 -0.767744 -0.633221 -0.851835 -0.831469 -0.555570 -0.851835 -0.831469 -0.555570 -1.987907 -0.831469 -0.555570 -0.136071 -0.831469 -0.555570 0.999999 -0.878822 -0.466980 -0.851835 -0.878822 -0.466980 -0.136070 -1.097526 -0.853575 -0.851835 -1.097526 -0.853575 -0.136071 -1.161252 -0.775925 -0.136071 -1.161252 -0.775925 -0.851835 -1.208605 -0.687334 -0.136071 -1.208605 -0.687334 -0.851835 -0.878822 -0.466980 -0.136070 -0.878822 -0.466980 -0.851835 -1.208605 -0.687334 -0.851835 -1.208605 -0.687334 -0.136071 -0.878822 -0.466980 -0.851835 -0.831469 -0.555570 -0.851835 -1.161252 -0.775925 -0.851835 -1.208605 -0.687334 -0.851835 -0.767744 -0.633221 -0.851835 -1.097526 -0.853575 -0.851835 -0.831469 -0.555570 -0.136071 -0.878822 -0.466980 -0.136070 -1.208605 -0.687334 -0.136071 -1.161252 -0.775925 -0.136071 
					</float_array>
					<technique_common>
						<accessor count="684" offset="0" source="#meshId2-positions-array" stride="3">
							<param name="X" type="float" />
							<param name="Y" type="float" />
							<param name="Z" type="float" />
						</accessor>
					</technique_common>
				</source>
				<source id="meshId2-normals" name="meshId2-normals">
					<float_array id="meshId2-normals-array" count="2052"> 
						0.000000 1.000000 0.000000 0.000000 1.000000 0.000000 0.195090 0.980785 0.000000 0.195090 0.980785 0.000000 0.382683 0.923880 0.000000 0.382683 0.923880 0.000000 0.555570 0.831470 0.000000 0.555570 0.831470 0.000000 0.707107 0.707107 0.000000 0.707107 0.707107 0.000000 0.831470 0.555570 0.000000 0.831470 0.555570 0.000000 0.923880 0.382683 -0.000000 0.923880 0.382683 -0.000000 0.980785 0.195090 -0.000000 0.980785 0.195090 -0.000000 1.000000 -0.000000 0.000000 1.000000 -0.000000 0.000000 0.980785 -0.195090 0.000000 0.980785 -0.195090 0.000000 0.923880 -0.382683 0.000000 0.923880 -0.382683 0.000000 0.831470 -0.555570 -0.000000 0.831470 -0.555570 -0.000000 0.707107 -0.707107 -0.000000 0.707107 -0.707107 -0.000000 0.555570 -0.831470 -0.000000 0.555570 -0.831470 -0.000000 0.382684 -0.923880 -0.000000 0.382684 -0.923880 -0.000000 0.195090 -0.980785 -0.000000 0.195090 -0.980785 -0.000000 -0.000000 -1.000000 -0.000000 -0.000000 -1.000000 -0.000000 -0.000000 -1.000000 -0.000000 -0.000000 -1.000000 -0.000000 -0.195090 -0.980785 -0.000000 -0.195090 -0.980785 -0.000000 -0.382684 -0.923879 -0.000000 -0.382684 -0.923879 -0.000000 -0.555570 -0.831470 -0.000000 -0.555570 -0.831470 -0.000000 -0.707107 -0.707107 0.000000 -0.707107 -0.707107 -0.000000 0.555570 -0.831470 -0.000000 0.555570 -0.831470 -0.000000 0.555570 -0.831470 -0.000000 0.555570 -0.831470 -0.000000 -0.000000 0.000000 1.000000 -0.000000 -0.000000 1.000000 -0.000000 0.000000 1.000000 -0.000000 0.000000 1.000000 -0.923879 -0.382684 0.000000 -0.923880 -0.382683 0.000000 -0.980785 -0.195090 0.000000 -0.980785 -0.195090 0.000000 -1.000000 0.000000 0.000000 -1.000000 0.000000 0.000000 -0.980785 0.195090 -0.000000 -0.980785 0.195090 -0.000000 -0.923880 0.382683 -0.000000 -0.923880 0.382683 -0.000000 -0.831470 0.555570 0.000000 -0.831470 0.555570 0.000000 
						-0.707107 0.707107 0.000000 -0.707107 0.707107 0.000000 -0.555570 0.831470 0.000000 -0.555570 0.831470 0.000000 -0.382683 0.923880 0.000000 -0.382683 0.923880 0.000000 0.000000 0.000000 1.000000 0.000000 0.000000 1.000000 0.000000 0.000000 1.000000 0.000000 0.000000 1.000000 0.000000 0.000000 1.000000 0.000000 0.000000 1.000000 0.000000 0.000000 1.000000 0.000000 0.000000 1.000000 0.000000 0.000000 1.000000 0.000000 0.000000 1.000000 0.000000 0.000000 1.000000 0.000000 0.000000 1.000000 0.000000 0.000000 1.000000 0.000000 0.000000 1.000000 0.000000 0.000000 1.000000 0.000000 0.000000 1.000000 0.000000 0.000000 1.000000 0.000000 0.000000 1.000000 0.000000 0.000000 1.000000 0.000000 0.000000 1.000000 0.000000 0.000000 1.000000 0.000000 0.000000 1.000000 0.000000 0.000000 1.000000 0.000000 0.000000 1.000000 0.000000 0.000000 1.000000 0.000000 0.000000 1.000000 0.000000 0.000000 1.000000 0.000000 0.000000 1.000000 0.000000 0.000000 1.000000 0.000000 0.000000 1.000000 0.000000 0.000000 1.000000 0.000000 0.000000 1.000000 -0.195090 0.980785 0.000000 -0.195090 0.980785 0.000000 0.923879 -0.382684 -0.000000 0.831470 -0.555570 -0.000000 0.831470 -0.555570 -0.000000 0.923879 -0.382684 -0.000000 0.000000 0.000000 -1.000000 0.000000 0.000000 -1.000000 0.000000 0.000000 -1.000000 0.000000 0.000000 -1.000000 0.000000 0.000000 -1.000000 0.000000 0.000000 -1.000000 0.000000 0.000000 -1.000000 0.000000 0.000000 -1.000000 0.000000 0.000000 -1.000000 0.000000 0.000000 -1.000000 0.000000 0.000000 -1.000000 0.000000 0.000000 -1.000000 0.000000 0.000000 -1.000000 0.000000 0.000000 -1.000000 -0.000001 0.000000 -1.000000 -0.000001 0.000000 -1.000000 0.000000 0.000000 -1.000000 0.000000 0.000000 -1.000000 0.000001 0.000000 -1.000000 0.000001 0.000000 -1.000000 
						0.000000 0.000000 -1.000000 0.000000 0.000000 -1.000000 0.000000 0.000000 -1.000000 0.000000 0.000000 -1.000000 0.000000 0.000000 -1.000000 0.000000 0.000000 -1.000000 -0.000001 0.000000 -1.000000 -0.000001 0.000000 -1.000000 -0.000000 0.000000 -1.000000 -0.000000 0.000000 -1.000000 0.000000 0.000000 -1.000000 0.000000 0.000000 -1.000000 -0.000000 0.000000 -1.000000 -0.000000 0.000000 -1.000000 -0.000000 0.000000 -1.000000 -0.000000 0.000000 -1.000000 0.000000 0.000000 -1.000000 0.000000 0.000000 -1.000000 0.000000 0.000000 -1.000000 0.000000 0.000000 -1.000000 0.000000 0.000000 -1.000000 0.000000 0.000000 -1.000000 0.000000 0.000000 -1.000000 0.000000 0.000000 -1.000000 0.000000 0.000000 -1.000000 0.000000 0.000000 -1.000000 0.000000 0.000000 -1.000000 0.000000 0.000000 -1.000000 0.000000 0.000000 -1.000000 0.000000 0.000000 -1.000000 0.000000 0.000000 -1.000000 0.000000 0.000000 -1.000000 0.000000 0.000000 -1.000000 0.000000 0.000000 -1.000000 0.000000 0.000000 -1.000000 0.000000 0.000000 -1.000000 0.000000 0.000000 -1.000000 0.000000 0.000000 -1.000000 0.000001 0.000000 -1.000000 0.000001 0.000000 -1.000000 0.000000 0.000000 -1.000000 0.000000 0.000000 -1.000000 -0.000000 0.000000 -1.000000 -0.000000 0.000000 -1.000000 0.922189 0.381983 -0.060473 0.978990 0.194733 -0.060473 0.978990 0.194733 -0.060473 0.922189 0.381983 -0.060473 -0.555570 0.831470 0.000000 -0.382684 0.923879 0.000000 -0.382684 0.923879 0.000000 -0.555570 0.831470 0.000000 -0.000000 -1.000000 -0.000000 -0.195091 -0.980785 -0.000000 -0.195091 -0.980785 -0.000000 -0.000000 -1.000000 -0.000000 0.707107 -0.707107 -0.000000 0.707107 -0.707107 -0.000000 -0.195090 0.980785 0.000000 -0.195090 0.980785 0.000000 -0.382684 -0.923879 -0.000000 -0.382684 -0.923879 -0.000000 0.555570 -0.831470 -0.000000 0.555570 -0.831470 -0.000000 
						0.000000 1.000000 0.000000 0.000000 1.000000 0.000000 -0.555570 -0.831470 -0.000000 -0.555570 -0.831470 -0.000000 0.382684 -0.923880 -0.000000 0.382684 -0.923880 -0.000000 0.000000 1.000000 0.000000 0.195090 0.980785 0.000000 0.195090 0.980785 0.000000 0.000000 1.000000 0.000000 -0.707107 -0.707107 -0.000000 -0.707107 -0.707107 -0.000000 0.195090 -0.980785 -0.000000 0.195090 -0.980785 -0.000000 0.382684 0.923879 0.000000 0.382684 0.923879 0.000000 -0.831470 -0.555570 -0.000000 -0.831470 -0.555570 -0.000000 0.555570 0.831470 0.000000 0.555570 0.831470 0.000000 -0.923879 -0.382684 -0.000000 -0.923879 -0.382684 -0.000000 0.707107 0.707107 0.000000 0.707107 0.707107 0.000000 -0.980785 -0.195090 -0.000000 -0.980785 -0.195090 -0.000000 0.831470 0.555570 0.000000 0.831470 0.555570 0.000000 -1.000000 0.000000 0.000000 -1.000000 0.000000 0.000000 0.923879 0.382684 0.000000 0.923879 0.382684 0.000000 -0.980785 0.195090 0.000000 -0.980785 0.195090 0.000000 0.980785 0.195090 0.000000 0.980785 0.195090 0.000000 -0.923880 0.382683 0.000000 -0.923880 0.382683 0.000000 1.000000 0.000000 0.000000 1.000000 0.000000 0.000000 -0.831470 0.555570 0.000000 -0.831470 0.555570 0.000000 0.980785 -0.195090 -0.000000 0.980785 -0.195090 -0.000000 -0.707107 0.707107 0.000000 -0.707107 0.707107 0.000000 0.000000 0.000000 -1.000000 -0.000000 0.000000 -1.000000 -0.000000 0.000000 -1.000000 0.000000 0.000000 -1.000000 0.000000 0.000000 -1.000000 0.000000 0.000000 -1.000000 0.000000 0.000000 -1.000000 0.000000 0.000000 -1.000000 0.000000 0.000000 -1.000000 0.000000 0.000000 -1.000000 0.000000 0.000000 -1.000000 0.000000 0.000000 -1.000000 0.000001 0.000000 -1.000000 0.000001 0.000000 -1.000000 0.000001 0.000000 -1.000000 0.000001 0.000000 -1.000000 0.000000 0.000000 -1.000000 0.000000 0.000000 -1.000000 
						0.000000 0.000000 -1.000000 0.000000 0.000000 -1.000000 0.000000 0.000000 -1.000000 0.000000 0.000000 -1.000000 0.000000 0.000000 -1.000000 0.000000 0.000000 -1.000000 0.000000 0.000000 -1.000000 0.000000 0.000000 -1.000000 0.000000 0.000000 -1.000000 0.000000 0.000000 -1.000000 0.000001 0.000000 -1.000000 0.000001 0.000000 -1.000000 0.000000 0.000000 -1.000000 0.000000 0.000000 -1.000000 -0.000000 0.000000 -1.000000 -0.000000 0.000000 -1.000000 -0.000000 0.000000 -1.000000 -0.000000 0.000000 -1.000000 -0.000000 0.000000 -1.000000 -0.000000 0.000000 -1.000000 0.000000 0.000000 -1.000000 0.000000 0.000000 -1.000000 0.000000 0.000000 -1.000000 0.000000 0.000000 -1.000000 0.000000 0.000000 -1.000000 0.000000 0.000000 -1.000000 0.000000 0.000000 -1.000000 0.000000 0.000000 -1.000000 -0.000001 0.000000 -1.000000 -0.000001 0.000000 -1.000000 -0.000001 0.000000 -1.000000 -0.000001 0.000000 -1.000000 0.000001 0.000000 -1.000000 0.000001 0.000000 -1.000000 0.000001 0.000000 -1.000000 0.000001 0.000000 -1.000000 -0.000000 0.000000 -1.000000 -0.000000 0.000000 -1.000000 -0.000000 0.000000 -1.000000 -0.000000 0.000000 -1.000000 -0.000000 0.000000 -1.000000 -0.000000 0.000000 -1.000000 -0.000001 0.000000 -1.000000 -0.000001 0.000000 -1.000000 -0.000000 0.000000 -1.000000 -0.000000 0.000000 -1.000000 -0.000000 -0.990992 -0.133917 -0.193333 -0.971951 -0.133917 -0.193333 -0.971951 -0.133917 -0.000000 -0.990992 -0.133917 -0.978990 0.194733 -0.060473 -0.922189 0.381983 -0.060474 -0.922189 0.381983 -0.060473 -0.978990 0.194733 -0.060473 0.998170 0.000000 -0.060473 0.998170 0.000000 -0.060473 -0.829948 0.554553 -0.060473 -0.829948 0.554553 -0.060473 0.978990 -0.194733 -0.060473 0.978990 -0.194733 -0.060473 -0.705813 0.705813 -0.060474 -0.705813 0.705813 -0.060474 0.922189 -0.381983 -0.060473 0.922189 -0.381983 -0.060473 
						-0.554553 0.829948 -0.060474 -0.554553 0.829948 -0.060474 0.829948 -0.554553 -0.060473 0.829948 -0.554553 -0.060473 -0.381983 0.922189 -0.060473 -0.381983 0.922189 -0.060473 -0.000000 -0.998170 -0.060473 -0.194734 -0.978990 -0.060474 -0.194734 -0.978990 -0.060474 -0.000000 -0.998170 -0.060473 0.705813 -0.705813 -0.060473 0.705813 -0.705813 -0.060473 -0.194733 0.978990 -0.060473 -0.194733 0.978990 -0.060473 -0.381983 -0.922189 -0.060473 -0.381983 -0.922189 -0.060473 0.554554 -0.829948 -0.060473 0.554554 -0.829948 -0.060473 0.000000 0.998170 -0.060474 0.000000 0.998170 -0.060474 -0.554553 -0.829948 -0.060473 -0.554553 -0.829948 -0.060473 0.381983 -0.922189 -0.060473 0.381983 -0.922189 -0.060473 0.000000 0.998170 -0.060474 0.194733 0.978990 -0.060474 0.194733 0.978990 -0.060474 0.000000 0.998170 -0.060474 -0.705813 -0.705813 -0.060473 -0.705813 -0.705813 -0.060473 0.194733 -0.978990 -0.060473 0.194733 -0.978990 -0.060473 0.381983 0.922189 -0.060474 0.381983 0.922189 -0.060474 -0.829948 -0.554553 -0.060473 -0.829948 -0.554553 -0.060473 0.554553 0.829948 -0.060474 0.554553 0.829948 -0.060474 -0.922189 -0.381983 -0.060473 -0.922189 -0.381983 -0.060473 0.705813 0.705813 -0.060474 0.705813 0.705813 -0.060474 -0.978990 -0.194733 -0.060473 -0.978990 -0.194733 -0.060473 0.829948 0.554553 -0.060473 0.829948 0.554553 -0.060473 -0.998170 0.000000 -0.060473 -0.998170 0.000000 -0.060473 0.000000 0.000000 -1.000000 0.000000 0.000000 -1.000000 0.000000 0.000000 -1.000000 0.000000 0.000000 -1.000000 0.000000 0.000000 -1.000000 0.000000 0.000000 -1.000000 -0.000000 0.000000 -1.000000 0.000000 0.000000 -1.000000 -0.000000 0.000000 -1.000000 -0.000000 0.000000 -1.000000 0.000000 0.000000 -1.000000 0.000000 0.000000 -1.000000 0.000000 0.000000 -1.000000 0.000000 0.000000 -1.000000 0.000000 0.000000 -1.000000 0.000000 0.000000 -1.000000 
						0.000000 0.000000 -1.000000 0.000000 0.000000 -1.000000 0.000000 0.000000 -1.000000 0.000000 0.000000 -1.000000 0.000000 0.000000 -1.000000 0.000000 0.000000 -1.000000 0.000000 0.000000 -1.000000 0.000000 0.000000 -1.000000 -0.000000 0.000000 -1.000000 -0.000000 0.000000 -1.000000 -0.000000 0.000000 -1.000000 -0.000000 0.000000 -1.000000 0.000000 0.000000 -1.000000 0.000000 0.000000 -1.000000 0.000000 0.000000 -1.000000 0.000000 0.000000 -1.000000 0.000000 0.000000 -1.000000 0.000000 0.000000 -1.000000 -0.000000 0.000000 -1.000000 -0.000000 0.000000 -1.000000 -0.000000 0.000000 -1.000000 -0.000000 0.000000 -1.000000 0.000000 0.000000 -1.000000 0.000000 0.000000 -1.000000 0.000000 0.000000 -1.000000 0.000000 0.000000 -1.000000 0.000000 0.000000 -1.000000 0.000000 0.000000 -1.000000 0.000000 0.000000 -1.000000 0.000000 0.000000 -1.000000 0.000000 0.000000 -1.000000 0.000000 0.000000 -1.000000 0.000000 0.000000 -1.000000 0.000000 0.000000 -1.000000 0.000000 0.000000 -1.000000 0.000000 0.000000 -1.000000 0.000000 0.000000 -1.000000 0.000000 0.000000 -1.000000 0.000000 0.000000 -1.000000 0.000000 0.000000 -1.000000 0.000000 0.000000 -1.000000 0.000000 0.000000 -1.000000 0.000000 0.000000 -1.000000 0.000000 0.000000 -1.000000 0.000000 0.000000 -1.000000 0.000000 0.000000 -1.000000 0.000000 0.000000 -1.000000 0.000000 0.000000 -1.000000 -0.703898 -0.703899 -0.095150 -0.827697 -0.553049 -0.095150 -0.827697 -0.553049 -0.095150 -0.703899 -0.703899 -0.095150 0.823980 -0.550566 -0.133917 0.700738 -0.700737 -0.133917 0.700738 -0.700737 -0.133917 0.823980 -0.550566 -0.133917 -0.379237 0.915558 -0.133917 -0.193333 0.971951 -0.133918 -0.193333 0.971951 -0.133918 -0.379237 0.915558 -0.133917 -0.379236 -0.915558 -0.133917 -0.379236 -0.915558 -0.133917 0.550566 -0.823980 -0.133917 0.550566 -0.823980 -0.133917 
						0.000000 0.990992 -0.133918 0.000000 0.990992 -0.133918 -0.550566 -0.823980 -0.133917 -0.550566 -0.823980 -0.133917 0.379236 -0.915558 -0.133917 0.379236 -0.915558 -0.133917 0.000000 0.990992 -0.133918 0.193333 0.971951 -0.133918 0.193333 0.971951 -0.133918 0.000000 0.990992 -0.133918 -0.700738 -0.700737 -0.133917 -0.700738 -0.700737 -0.133917 0.193333 -0.971951 -0.133917 0.193333 -0.971951 -0.133917 0.379237 0.915558 -0.133917 0.379237 0.915558 -0.133917 -0.823980 -0.550566 -0.133917 -0.823980 -0.550566 -0.133917 0.550566 0.823980 -0.133917 0.550566 0.823980 -0.133917 -0.915558 -0.379236 -0.133917 -0.915558 -0.379236 -0.133917 0.700737 0.700738 -0.133917 0.700737 0.700738 -0.133917 -0.971951 -0.193333 -0.133917 -0.971951 -0.193333 -0.133917 0.823980 0.550566 -0.133917 0.823980 0.550566 -0.133917 -0.990992 0.000000 -0.133917 -0.990992 0.000000 -0.133917 0.915558 0.379236 -0.133917 0.915558 0.379236 -0.133918 -0.971951 0.193333 -0.133917 -0.971951 0.193333 -0.133917 0.971951 0.193333 -0.133917 0.971951 0.193333 -0.133917 -0.915558 0.379236 -0.133917 -0.915558 0.379236 -0.133917 0.990992 0.000000 -0.133917 0.990992 0.000000 -0.133917 -0.823980 0.550566 -0.133917 -0.823980 0.550566 -0.133917 0.971951 -0.193333 -0.133917 0.971951 -0.193333 -0.133917 -0.700738 0.700738 -0.133918 -0.700738 0.700737 -0.133918 0.915558 -0.379236 -0.133917 0.915558 -0.379236 -0.133917 -0.550566 0.823980 -0.133917 -0.550566 0.823980 -0.133917 0.000000 0.000000 -1.000000 -0.000000 0.000000 -1.000000 -0.000000 0.000000 -1.000000 0.000000 0.000000 -1.000000 0.000000 0.000000 -1.000000 0.000000 0.000000 -1.000000 0.000000 0.000000 -1.000000 0.000000 0.000000 -1.000000 0.000000 0.000000 -1.000000 0.000000 0.000000 -1.000000 0.000000 0.000000 -1.000000 0.000000 0.000000 -1.000000 0.000000 0.000000 -1.000000 0.000000 0.000000 -1.000000 
						0.000000 0.000000 -1.000000 0.000000 0.000000 -1.000000 -0.000000 0.000000 -1.000000 0.000000 0.000000 -1.000000 -0.000000 0.000000 -1.000000 -0.000000 0.000000 -1.000000 -0.000000 0.000000 -1.000000 -0.000000 0.000000 -1.000000 -0.000000 0.000000 -1.000000 -0.000000 0.000000 -1.000000 -0.000000 0.000000 -1.000000 -0.000000 0.000000 -1.000000 0.000000 0.000000 -1.000000 0.000000 0.000000 -1.000000 -0.000000 0.000000 -1.000000 -0.000000 0.000000 -1.000000 -0.000000 0.000000 -1.000000 -0.000000 0.000000 -1.000000 0.000000 0.000000 -1.000000 0.000000 0.000000 -1.000000 -0.000000 0.000000 -1.000000 -0.000000 0.000000 -1.000000 -0.000000 0.000000 -1.000000 -0.000000 0.000000 -1.000000 0.000000 0.000000 -1.000000 0.000000 0.000000 -1.000000 -0.000000 0.000000 -1.000000 -0.000000 0.000000 -1.000000 -0.000000 0.000000 -1.000000 -0.000000 0.000000 -1.000000 0.000000 0.000000 -1.000000 0.000000 0.000000 -1.000000 0.000000 0.000000 -1.000000 0.000000 0.000000 -1.000000 0.000000 0.000000 -1.000000 0.000000 0.000000 -1.000000 0.000000 0.000000 -1.000000 0.000000 0.000000 -1.000000 0.000000 0.000000 -1.000000 0.000000 0.000000 -1.000000 -0.000000 0.000000 -1.000000 -0.000000 0.000000 -1.000000 -0.000000 0.000000 -1.000000 -0.000000 0.000000 -1.000000 0.000000 0.000000 -1.000000 0.000000 0.000000 -1.000000 0.000000 0.000000 -1.000000 0.000000 0.000000 -1.000000 -0.000000 0.000000 -1.000000 -0.000000 0.000000 -1.000000 0.000000 0.000000 -1.000000 0.000000 0.000000 -1.000000 0.000000 0.000000 -1.000000 0.000000 0.000000 -1.000000 0.000000 0.000000 -1.000000 0.000000 0.000000 -1.000000 0.000000 0.000000 -1.000000 0.000000 0.000000 -1.000000 0.000000 0.000000 -1.000000 0.000000 0.000000 -1.000000 0.000000 0.000000 -1.000000 0.000000 0.000000 -1.000000 0.000000 0.000000 -1.000000 0.000000 0.000000 -1.000000 
						0.000000 0.000000 -1.000000 0.000000 0.000000 -1.000000 0.000000 0.000000 -1.000000 0.000000 0.000000 -1.000000 0.000000 0.000000 -1.000000 0.000000 0.000000 -1.000000 0.000000 0.000000 -1.000000 0.000000 0.000000 -1.000000 0.000000 0.000000 -1.000000 0.000000 0.000000 -1.000000 0.000000 0.000000 -1.000000 0.000000 0.000000 -1.000000 0.000000 0.000000 -1.000000 0.000000 0.000000 -1.000000 0.000000 0.000000 -1.000000 0.000000 0.000000 -1.000000 0.000000 0.000000 -1.000000 0.000000 0.000000 -1.000000 0.194205 -0.976335 -0.095150 -0.000000 -0.995463 -0.095150 -0.000000 -0.995463 -0.095150 0.194205 -0.976335 -0.095150 0.380947 0.919688 -0.095150 0.553049 0.827697 -0.095150 0.553049 0.827697 -0.095150 0.380947 0.919688 -0.095150 -0.919688 -0.380947 -0.095150 -0.919688 -0.380947 -0.095150 0.703898 0.703899 -0.095150 0.703898 0.703899 -0.095150 -0.976335 -0.194205 -0.095150 -0.976335 -0.194205 -0.095150 0.827697 0.553050 -0.095150 0.827697 0.553050 -0.095150 -0.995463 0.000000 -0.095150 -0.995463 0.000000 -0.095150 0.919688 0.380947 -0.095150 0.919688 0.380947 -0.095150 -0.976335 0.194205 -0.095150 -0.976335 0.194205 -0.095150 0.976335 0.194205 -0.095150 0.976335 0.194205 -0.095150 -0.919688 0.380947 -0.095150 -0.919688 0.380947 -0.095150 0.995463 0.000000 -0.095150 0.995463 0.000000 -0.095150 -0.827697 0.553050 -0.095150 -0.827697 0.553050 -0.095150 0.976335 -0.194205 -0.095150 0.976335 -0.194206 -0.095150 -0.703899 0.703898 -0.095150 -0.703899 0.703898 -0.095150 0.919688 -0.380947 -0.095150 0.919688 -0.380947 -0.095150 -0.553050 0.827697 -0.095150 -0.553050 0.827697 -0.095150 0.827697 -0.553049 -0.095150 0.827697 -0.553049 -0.095150 -0.380947 0.919688 -0.095150 -0.380947 0.919688 -0.095150 -0.194206 -0.976335 -0.095150 -0.194206 -0.976335 -0.095150 0.703899 -0.703898 -0.095150 0.703899 -0.703898 -0.095150 
						-0.194205 0.976335 -0.095150 -0.194205 0.976335 -0.095150 -0.380947 -0.919688 -0.095150 -0.380947 -0.919688 -0.095150 0.553050 -0.827697 -0.095150 0.553050 -0.827697 -0.095150 0.000000 0.995463 -0.095150 0.000000 0.995463 -0.095150 -0.553049 -0.827697 -0.095150 -0.553049 -0.827697 -0.095150 0.380947 -0.919688 -0.095150 0.380947 -0.919688 -0.095150 0.000000 0.995463 -0.095150 0.194205 0.976335 -0.095150 0.194205 0.976335 -0.095150 0.000000 0.995463 -0.095150 -0.773010 -0.634394 0.000000 -0.773010 -0.634394 -0.000000 -0.831469 -0.555570 -0.000000 -0.831469 -0.555570 -0.000000 -0.831469 -0.555570 0.000000 -0.831469 -0.555570 0.000000 -0.881921 -0.471397 -0.000000 -0.881921 -0.471397 -0.000000 -0.773011 -0.634393 -0.000000 -0.773011 -0.634393 -0.000000 -0.831470 -0.555570 -0.000000 -0.831470 -0.555570 -0.000000 -0.881921 -0.471398 -0.000000 -0.881921 -0.471398 -0.000000 -0.555570 0.831470 0.000000 -0.555570 0.831470 0.000000 -0.555570 0.831470 0.000000 -0.555570 0.831470 0.000000 0.000000 0.000000 -1.000000 0.000000 0.000000 -1.000000 0.000000 0.000000 -1.000000 0.000000 0.000000 -1.000000 0.000000 0.000000 -1.000000 0.000000 0.000000 -1.000000 -0.000000 -0.000000 1.000000 0.000000 0.000000 1.000000 0.000000 0.000000 1.000000 -0.000000 0.000000 1.000000 
					</float_array>
					<technique_common>
						<accessor count="684" offset="0" source="#meshId2-normals-array" stride="3">
							<param name="X" type="float" />
							<param name="Y" type="float" />
							<param name="Z" type="float" />
						</accessor>
					</technique_common>
				</source>
				<source id="meshId2-tangents" name="meshId2-tangents">
					<float_array id="meshId2-tangents-array" count="2052"> 
						-1.000000 0.000000 0.000139 -1.000000 0.000000 0.000139 -0.980785 0.195090 0.000139 -0.980785 0.195090 0.000139 -0.923880 0.382683 0.000139 -0.923880 0.382683 0.000139 -0.831470 0.555570 0.000139 -0.831470 0.555570 0.000139 -0.707107 0.707107 0.000139 -0.707107 0.707107 0.000139 -0.555570 0.831470 0.000139 -0.555570 0.831470 0.000139 -0.382683 0.923880 0.000139 -0.382683 0.923880 0.000139 -0.195090 0.980785 0.000140 -0.195090 0.980785 0.000139 0.000000 1.000000 0.000140 0.000000 1.000000 0.000139 0.195090 0.980785 0.000140 0.195090 0.980785 0.000140 0.382683 0.923880 0.000140 0.382683 0.923880 0.000140 0.555570 0.831470 0.000140 0.555570 0.831470 0.000140 0.707107 0.707107 0.000140 0.707107 0.707107 0.000140 0.831470 0.555570 0.000140 0.831470 0.555570 0.000140 0.923880 0.382683 0.000140 0.923880 0.382683 0.000140 0.980785 0.195090 0.000140 0.980785 0.195090 0.000140 1.000000 -0.000000 0.000140 1.000000 -0.000000 0.000140 1.000000 -0.000000 0.000120 1.000000 -0.000000 0.000120 0.980785 -0.195090 0.000120 0.980785 -0.195090 0.000120 0.923880 -0.382684 0.000120 0.923880 -0.382684 0.000120 0.831470 -0.555570 0.000120 0.831470 -0.555570 0.000120 0.707106 -0.707106 -0.001260 0.707107 -0.707107 0.000721 -0.831470 -0.555570 0.000000 -0.831470 -0.555570 0.000000 -0.831470 -0.555570 0.000000 -0.831470 -0.555570 0.000000 -0.831470 -0.555570 -0.000000 -0.831470 -0.555570 -0.000000 -0.831470 -0.555569 -0.000000 -0.831470 -0.555569 -0.000000 0.382683 -0.923879 -0.000715 0.382683 -0.923879 0.001125 0.195090 -0.980785 0.000139 0.195090 -0.980785 0.000139 0.000000 -1.000000 0.000139 0.000000 -1.000000 0.000139 -0.195090 -0.980785 0.000139 -0.195090 -0.980785 0.000139 -0.382683 -0.923880 0.000139 -0.382683 -0.923880 0.000139 -0.555570 -0.831470 0.000139 -0.555570 -0.831470 0.000139 
						-0.707107 -0.707107 0.000139 -0.707107 -0.707107 0.000139 -0.831470 -0.555570 0.000139 -0.831470 -0.555570 0.000139 -0.923880 -0.382683 0.000139 -0.923880 -0.382683 0.000139 0.558228 -0.829688 -0.000000 0.558257 -0.829668 -0.000000 0.558242 -0.829678 -0.000000 0.558225 -0.829690 -0.000000 0.558239 -0.829680 -0.000000 0.558241 -0.829679 -0.000000 0.558234 -0.829684 -0.000000 0.558228 -0.829688 -0.000000 0.558235 -0.829683 -0.000000 0.558237 -0.829682 -0.000000 0.558233 -0.829684 -0.000000 0.557847 -0.829944 -0.000000 0.558334 -0.829616 -0.000000 0.558481 -0.829517 -0.000000 0.558232 -0.829685 -0.000000 0.558234 -0.829683 -0.000000 0.558233 -0.829684 -0.000000 0.558232 -0.829685 -0.000000 0.558234 -0.829684 -0.000000 0.558236 -0.829682 -0.000000 0.558237 -0.829682 -0.000000 0.558227 -0.829688 -0.000000 0.558231 -0.829686 -0.000000 0.558233 -0.829684 -0.000000 0.558232 -0.829685 -0.000000 0.558233 -0.829685 -0.000000 0.558232 -0.829685 -0.000000 0.558232 -0.829685 -0.000000 0.558234 -0.829684 -0.000000 0.558237 -0.829682 -0.000000 0.558223 -0.829691 -0.000000 0.558233 -0.829684 -0.000000 -0.980785 -0.195090 0.000139 -0.980785 -0.195090 0.000139 -0.000009 -0.000021 1.000000 -0.000009 -0.000013 1.000000 -0.000006 -0.000010 1.000000 -0.000010 -0.000023 1.000000 0.550176 -0.835049 0.000000 0.550193 -0.835037 0.000000 0.550165 -0.835056 -0.000000 0.550180 -0.835046 0.000000 0.550173 -0.835051 0.000000 0.550174 -0.835050 -0.000000 0.550180 -0.835046 -0.000000 0.550179 -0.835047 0.000000 0.550181 -0.835045 -0.000000 0.550181 -0.835045 0.000000 0.550179 -0.835047 0.000000 0.550179 -0.835047 -0.000000 0.550181 -0.835045 0.000000 0.550181 -0.835045 0.000000 0.550183 -0.835044 -0.000000 0.550183 -0.835044 -0.000000 0.550185 -0.835043 0.000000 0.550185 -0.835043 0.000000 0.550185 -0.835042 0.000000 0.550185 -0.835043 0.000000 
						0.550191 -0.835039 -0.000000 0.550191 -0.835039 0.000000 0.550188 -0.835041 0.000000 0.550188 -0.835041 -0.000000 0.550189 -0.835040 0.000000 0.550190 -0.835040 -0.000000 0.550184 -0.835043 -0.000000 0.550184 -0.835043 -0.000000 0.550187 -0.835042 -0.000000 0.550184 -0.835044 -0.000000 0.550198 -0.835034 0.000000 0.550177 -0.835048 0.000000 0.550298 -0.834968 -0.000000 0.550205 -0.835029 -0.000000 0.550673 -0.834721 -0.000000 0.550379 -0.834915 -0.000000 0.551895 -0.833913 0.000000 0.551151 -0.834405 -0.000000 0.555590 -0.831457 -0.000000 0.554170 -0.832404 0.000000 0.569284 -0.822141 0.000000 0.570624 -0.821212 -0.000000 0.544793 -0.838570 -0.000000 0.546483 -0.837470 0.000000 0.539837 -0.841769 -0.000000 0.538750 -0.842465 0.000000 0.547472 -0.836824 0.000000 0.547469 -0.836826 0.000000 0.549348 -0.835594 -0.000000 0.549330 -0.835605 -0.000000 0.549720 -0.835349 0.000000 0.549705 -0.835359 0.000000 0.549776 -0.835312 0.000000 0.549770 -0.835316 0.000000 0.549776 -0.835312 0.000000 0.549775 -0.835312 0.000000 0.549770 -0.835316 0.000000 0.549769 -0.835317 -0.000000 0.549779 -0.835310 0.000000 0.549776 -0.835312 0.000000 0.549813 -0.835288 0.000000 0.549795 -0.835299 0.000000 0.549976 -0.835181 -0.000000 0.549932 -0.835209 -0.000000 0.728503 -0.621631 0.287850 0.621372 -0.719459 0.310282 0.621372 -0.719459 0.310282 0.728503 -0.621631 0.287850 0.000000 0.000000 1.000000 -0.000013 -0.000006 1.000000 -0.000015 -0.000006 1.000000 -0.000002 -0.000001 1.000000 -0.000014 0.000000 1.000000 -0.000014 0.000003 1.000000 -0.000014 0.000003 1.000000 -0.000014 0.000000 1.000000 -0.000001 -0.000001 1.000000 0.000000 0.000000 1.000000 -0.000010 -0.000002 1.000000 -0.000010 -0.000002 1.000000 -0.000013 0.000005 1.000000 -0.000011 0.000005 1.000000 0.000000 0.000000 1.000000 -0.000002 -0.000001 1.000000 
						-0.000015 0.000000 1.000000 -0.000018 0.000000 1.000000 -0.000002 0.000001 1.000000 -0.000000 0.000000 1.000000 -0.000011 -0.000004 1.000000 -0.000013 -0.000005 1.000000 -0.000028 0.000000 1.000000 -0.000004 0.000001 1.000000 -0.000000 0.000000 1.000000 -0.000019 0.000000 1.000000 -0.000000 0.000000 1.000000 -0.000000 0.000000 1.000000 -0.000014 -0.000003 1.000000 -0.000014 -0.000003 1.000000 -0.000000 0.000000 1.000000 -0.000000 0.000000 1.000000 -0.000000 0.000000 1.000000 -0.000000 0.000000 1.000000 -0.000000 0.000000 1.000000 -0.000000 0.000000 1.000000 -0.000000 0.000000 1.000000 -0.000001 0.000002 1.000000 -0.000000 0.000000 1.000000 -0.000000 0.000000 1.000000 -0.000002 0.000012 1.000000 -0.000003 0.000013 1.000000 -0.000000 0.000000 1.000000 -0.000000 0.000000 1.000000 0.000000 0.000008 1.000000 0.000000 0.000006 1.000000 -0.000000 0.000000 1.000000 0.000001 -0.000002 1.000000 0.000000 0.000001 1.000000 0.000000 0.000000 1.000000 0.000002 -0.000011 1.000000 0.000002 -0.000011 1.000000 0.000000 0.000000 1.000000 0.000000 0.000000 1.000000 0.000000 -0.000002 1.000000 0.000000 0.000000 1.000000 0.000000 0.000000 1.000000 0.000000 0.000000 1.000000 0.000000 0.000000 1.000000 -0.000001 -0.000004 1.000000 0.000000 0.000000 1.000000 0.000000 0.000000 1.000000 0.956940 -0.290286 0.000000 0.956939 -0.290289 -0.000000 0.956939 -0.290289 -0.000000 0.956940 -0.290286 0.000000 0.956940 -0.290285 0.000000 0.956940 -0.290285 0.000000 0.956940 -0.290285 0.000000 0.956940 -0.290285 0.000000 0.956939 -0.290288 -0.000000 0.956939 -0.290288 -0.000000 0.956940 -0.290287 -0.000000 0.956940 -0.290287 -0.000000 0.956939 -0.290288 0.000000 0.956939 -0.290289 0.000000 0.956941 -0.290284 0.000000 0.956940 -0.290285 0.000000 0.956941 -0.290284 -0.000000 0.956941 -0.290284 -0.000000 
						0.956940 -0.290286 -0.000000 0.956940 -0.290286 -0.000000 0.956940 -0.290285 -0.000000 0.956940 -0.290286 -0.000000 0.956940 -0.290286 0.000000 0.956940 -0.290286 0.000000 0.956940 -0.290286 0.000000 0.956940 -0.290287 0.000000 0.956940 -0.290286 0.000000 0.956940 -0.290287 0.000000 0.956940 -0.290286 0.000000 0.956940 -0.290285 0.000000 0.956939 -0.290290 0.000000 0.956939 -0.290289 0.000000 0.956941 -0.290282 -0.000000 0.956941 -0.290283 -0.000000 0.956939 -0.290288 -0.000000 0.956940 -0.290287 -0.000000 0.956940 -0.290286 -0.000000 0.956940 -0.290287 -0.000000 0.956940 -0.290285 -0.000000 0.956940 -0.290285 -0.000000 0.956941 -0.290283 0.000000 0.956941 -0.290283 -0.000000 0.956941 -0.290283 -0.000000 0.956941 -0.290283 0.000000 0.956940 -0.290286 -0.000000 0.956940 -0.290285 -0.000000 0.956939 -0.290288 -0.000000 0.956940 -0.290287 -0.000000 0.956939 -0.290288 -0.000000 0.956939 -0.290289 -0.000000 0.956941 -0.290283 0.000000 0.956941 -0.290282 0.000000 0.956938 -0.290294 0.000000 0.956938 -0.290293 0.000000 0.956940 -0.290285 -0.000000 0.956939 -0.290288 -0.000000 0.956941 -0.290281 -0.000000 0.956941 -0.290281 -0.000000 0.956939 -0.290289 -0.000000 0.956939 -0.290288 -0.000000 0.956939 -0.290288 -0.000000 0.956939 -0.290288 -0.000000 0.956940 -0.290285 -0.000000 0.956940 -0.290285 -0.000000 -0.000001 -0.958730 0.284320 -0.003464 -0.960148 0.279469 -0.003464 -0.960148 0.279469 0.000000 -0.958730 0.284320 -0.621370 -0.719462 0.310281 -0.728502 -0.621633 0.287849 -0.728503 -0.621631 0.287850 -0.621372 -0.719459 0.310282 0.507109 -0.793926 0.335442 0.507108 -0.793927 0.335442 -0.822406 -0.501883 0.267882 -0.822408 -0.501880 0.267884 0.392215 -0.845005 0.363503 0.392214 -0.845005 0.363503 -0.897626 -0.362931 0.250096 -0.897627 -0.362929 0.250098 0.283320 -0.874160 0.394428 0.283320 -0.874161 0.394427 
						-0.949539 -0.208612 0.234217 -0.949539 -0.208611 0.234218 0.186807 -0.884382 0.427753 0.186805 -0.884382 0.427752 -0.974522 -0.043676 0.219996 -0.974522 -0.043674 0.219998 0.000010 -0.834042 0.551701 -0.003065 -0.838731 0.544538 -0.003066 -0.838731 0.544538 0.000010 -0.834042 0.551701 0.108241 -0.880101 0.462284 0.108240 -0.880101 0.462284 -0.970090 0.126438 0.207217 -0.970089 0.126440 0.207218 -0.017539 -0.851163 0.524608 -0.017546 -0.851162 0.524610 0.051512 -0.866938 0.495747 0.051510 -0.866938 0.495747 -0.937855 0.289436 0.191456 -0.937854 0.289437 0.191456 -0.051495 -0.866942 0.495743 -0.051500 -0.866940 0.495744 0.017564 -0.851160 0.524613 0.017561 -0.851160 0.524613 0.937855 0.289435 0.191455 0.970090 0.126437 0.207217 0.970090 0.126437 0.207217 0.937855 0.289435 0.191455 -0.108230 -0.880104 0.462280 -0.108232 -0.880104 0.462281 0.003088 -0.838729 0.544540 0.003086 -0.838729 0.544540 0.974523 -0.043676 0.219996 0.974522 -0.043676 0.219996 -0.186797 -0.884386 0.427749 -0.186802 -0.884384 0.427751 0.949539 -0.208612 0.234217 0.949539 -0.208612 0.234217 -0.283315 -0.874163 0.394425 -0.283319 -0.874161 0.394427 0.897627 -0.362930 0.250097 0.897627 -0.362930 0.250097 -0.392211 -0.845007 0.363501 -0.392214 -0.845005 0.363503 0.822407 -0.501881 0.267883 0.822407 -0.501881 0.267883 -0.507106 -0.793929 0.335440 -0.507108 -0.793927 0.335442 0.634390 -0.773013 0.000000 0.634401 -0.773004 0.000000 0.634402 -0.773004 0.000000 0.634392 -0.773011 0.000000 0.634393 -0.773010 0.000000 0.634393 -0.773011 0.000000 0.634392 -0.773011 -0.000000 0.634392 -0.773012 0.000000 0.634395 -0.773009 -0.000000 0.634394 -0.773010 -0.000000 0.634395 -0.773009 -0.000000 0.634395 -0.773009 0.000000 0.634393 -0.773011 -0.000000 0.634393 -0.773010 0.000000 0.634393 -0.773010 0.000000 0.634393 -0.773010 -0.000000 
						0.634392 -0.773011 0.000000 0.634392 -0.773012 -0.000000 0.634393 -0.773011 0.000000 0.634393 -0.773011 0.000000 0.634393 -0.773011 0.000000 0.634393 -0.773010 0.000000 0.634393 -0.773011 0.000000 0.634393 -0.773011 0.000000 0.634393 -0.773011 -0.000000 0.634394 -0.773010 -0.000000 0.634387 -0.773016 -0.000000 0.634387 -0.773015 -0.000000 0.634390 -0.773013 0.000000 0.634388 -0.773015 0.000000 0.634398 -0.773006 0.000000 0.634397 -0.773007 0.000000 0.634394 -0.773010 0.000000 0.634395 -0.773009 0.000000 0.634396 -0.773009 -0.000000 0.634397 -0.773008 -0.000000 0.634390 -0.773014 -0.000000 0.634389 -0.773014 -0.000000 0.634397 -0.773007 0.000000 0.634396 -0.773008 0.000000 0.634394 -0.773010 0.000000 0.634394 -0.773010 0.000000 0.634397 -0.773007 -0.000000 0.634396 -0.773008 0.000000 0.634393 -0.773011 0.000000 0.634393 -0.773011 0.000000 0.634392 -0.773011 0.000000 0.634392 -0.773011 0.000000 0.634396 -0.773008 -0.000000 0.634396 -0.773008 -0.000000 0.634396 -0.773008 0.000000 0.634396 -0.773008 0.000000 0.634397 -0.773007 0.000000 0.634397 -0.773007 0.000000 0.634397 -0.773007 0.000000 0.634398 -0.773007 0.000000 0.634392 -0.773011 0.000000 0.634394 -0.773010 0.000000 0.634387 -0.773016 0.000000 0.634387 -0.773015 0.000000 0.634390 -0.773013 -0.000000 0.634389 -0.773014 0.000000 0.634395 -0.773009 0.000000 0.634393 -0.773010 0.000000 -0.115318 -0.942522 0.313615 -0.197035 -0.937433 0.287047 -0.197031 -0.937434 0.287046 -0.115316 -0.942522 0.313614 0.199653 -0.957747 0.207028 0.117245 -0.966739 0.227310 0.117246 -0.966739 0.227310 0.199653 -0.957746 0.207028 -0.993642 -0.056816 0.097200 -0.989147 0.115494 0.090820 -0.989147 0.115494 0.090820 -0.993642 -0.056816 0.097200 -0.019561 -0.963703 0.266260 -0.019560 -0.963703 0.266259 0.056606 -0.967154 0.247807 0.056606 -0.967154 0.247807 
						-0.961981 0.261846 0.077653 -0.961981 0.261846 0.077652 -0.056605 -0.967154 0.247807 -0.056602 -0.967155 0.247806 0.019559 -0.963703 0.266259 0.019559 -0.963703 0.266259 0.961981 0.261845 0.077652 0.989148 0.115493 0.090820 0.989148 0.115493 0.090820 0.961981 0.261845 0.077652 -0.117245 -0.966739 0.227310 -0.117244 -0.966739 0.227310 0.003463 -0.960148 0.279470 0.003463 -0.960148 0.279470 0.993642 -0.056818 0.097199 0.993642 -0.056818 0.097199 -0.199657 -0.957745 0.207028 -0.199656 -0.957746 0.207028 0.968907 -0.224359 0.104314 0.968907 -0.224359 0.104314 -0.299346 -0.935405 0.188173 -0.299344 -0.935406 0.188173 0.917366 -0.381877 0.112291 0.917366 -0.381878 0.112291 -0.410504 -0.895640 0.171217 -0.410503 -0.895640 0.171217 0.842528 -0.524821 0.121281 0.842528 -0.524821 0.121281 -0.526765 -0.835533 0.156217 -0.526765 -0.835533 0.156217 0.748867 -0.649551 0.131461 0.748867 -0.649551 0.131461 -0.641651 -0.753542 0.143034 -0.641651 -0.753542 0.143034 0.641651 -0.753542 0.143034 0.641651 -0.753542 0.143034 -0.748867 -0.649550 0.131462 -0.748867 -0.649551 0.131462 0.526765 -0.835533 0.156217 0.526765 -0.835533 0.156217 -0.842529 -0.524819 0.121282 -0.842529 -0.524820 0.121281 0.410504 -0.895640 0.171217 0.410504 -0.895640 0.171217 -0.917366 -0.381877 0.112291 -0.917366 -0.381877 0.112291 0.299344 -0.935406 0.188173 0.299344 -0.935406 0.188173 -0.968908 -0.224357 0.104314 -0.968908 -0.224357 0.104314 0.773011 0.634393 0.000000 0.773012 0.634391 -0.000000 0.773012 0.634392 -0.000000 0.773011 0.634392 0.000000 0.773010 0.634393 0.000000 0.773011 0.634393 0.000000 0.773010 0.634394 0.000000 0.773010 0.634394 0.000000 0.773010 0.634394 0.000000 0.773009 0.634395 0.000000 0.773009 0.634395 -0.000000 0.773010 0.634394 -0.000000 0.773009 0.634395 0.000000 0.773010 0.634394 0.000000 
						0.773011 0.634393 0.000000 0.773009 0.634395 0.000000 0.773011 0.634392 0.000000 0.773009 0.634396 0.000000 0.773009 0.634395 -0.000000 0.773009 0.634395 -0.000000 0.773009 0.634395 -0.000000 0.773009 0.634395 -0.000000 0.773010 0.634394 -0.000000 0.773009 0.634396 -0.000000 0.773012 0.634391 -0.000000 0.773011 0.634393 -0.000000 0.773009 0.634395 0.000000 0.773011 0.634393 0.000000 0.773010 0.634394 -0.000000 0.773011 0.634392 -0.000000 0.773013 0.634391 -0.000000 0.773013 0.634390 -0.000000 0.773012 0.634392 0.000000 0.773012 0.634391 0.000000 0.773012 0.634391 -0.000000 0.773012 0.634391 -0.000000 0.773011 0.634393 -0.000000 0.773010 0.634393 -0.000000 0.773011 0.634393 0.000000 0.773011 0.634392 0.000000 0.773012 0.634392 -0.000000 0.773012 0.634392 -0.000000 0.773012 0.634392 -0.000000 0.773012 0.634392 -0.000000 0.773010 0.634393 0.000000 0.773011 0.634393 0.000000 0.773012 0.634391 0.000000 0.773011 0.634393 0.000000 0.773014 0.634390 0.000000 0.773012 0.634391 0.000000 0.773013 0.634391 0.000000 0.773013 0.634390 0.000000 0.773011 0.634392 0.000000 0.773013 0.634391 0.000000 0.773012 0.634392 -0.000000 0.773011 0.634392 -0.000000 0.773016 0.634387 -0.000000 0.773014 0.634389 -0.000000 0.773012 0.634392 0.000000 0.773014 0.634389 0.000000 0.773011 0.634392 0.000000 0.773013 0.634391 0.000000 0.773012 0.634391 -0.000000 0.773012 0.634391 -0.000000 0.956940 -0.290286 0.000000 0.956939 -0.290290 0.000000 0.956941 -0.290283 0.000000 0.956941 -0.290283 0.000000 0.956941 -0.290283 0.000000 0.956940 -0.290284 0.000000 0.956941 -0.290283 0.000000 0.956940 -0.290285 0.000000 0.956941 -0.290283 0.000000 0.956940 -0.290284 0.000000 0.956941 -0.290283 0.000000 0.956941 -0.290284 0.000000 0.956941 -0.290283 0.000000 0.956940 -0.290286 0.000000 
						0.956941 -0.290282 0.000000 0.956941 -0.290282 0.000000 0.956940 -0.290286 0.000000 0.956941 -0.290283 0.000000 0.956941 -0.290283 0.000000 0.956941 -0.290283 0.000000 0.956940 -0.290285 0.000000 0.956941 -0.290281 0.000000 0.956942 -0.290278 0.000000 0.956941 -0.290282 0.000000 0.956936 -0.290300 0.000000 0.956938 -0.290291 0.000000 0.956937 -0.290295 0.000000 0.956938 -0.290292 0.000000 0.956939 -0.290290 0.000000 0.956941 -0.290281 0.000000 0.956932 -0.290312 0.000000 0.956940 -0.290286 0.000000 0.003371 -0.924756 0.380547 0.000002 -0.922223 0.386659 -0.000003 -0.922223 0.386659 0.003378 -0.924755 0.380547 0.988981 -0.048942 0.139721 0.964839 -0.216294 0.149341 0.964839 -0.216294 0.149341 0.988981 -0.048943 0.139721 -0.296254 -0.918438 0.262116 -0.296249 -0.918440 0.262114 0.913686 -0.373545 0.160134 0.913685 -0.373545 0.160134 -0.407157 -0.881393 0.239521 -0.407156 -0.881393 0.239521 0.839053 -0.516046 0.172297 0.839053 -0.516046 0.172297 -0.523342 -0.823388 0.219421 -0.523343 -0.823387 0.219421 0.745459 -0.640056 0.186061 0.745459 -0.640056 0.186061 -0.638235 -0.742955 0.201680 -0.638234 -0.742955 0.201679 0.638236 -0.742953 0.201680 0.638236 -0.742953 0.201680 -0.745459 -0.640056 0.186061 -0.745460 -0.640056 0.186061 0.523343 -0.823387 0.219421 0.523344 -0.823387 0.219421 -0.839055 -0.516042 0.172299 -0.839055 -0.516042 0.172299 0.407165 -0.881388 0.239525 0.407166 -0.881387 0.239525 -0.913685 -0.373545 0.160134 -0.913685 -0.373547 0.160133 0.296258 -0.918437 0.262117 0.296257 -0.918437 0.262117 -0.964839 -0.216295 0.149340 -0.964839 -0.216295 0.149340 0.197034 -0.937434 0.287047 0.197033 -0.937434 0.287047 -0.988981 -0.048941 0.139721 -0.988981 -0.048940 0.139722 -0.003380 -0.924756 0.380547 -0.003376 -0.924756 0.380547 0.115309 -0.942524 0.313613 0.115310 -0.942523 0.313613 
						-0.983688 0.123164 0.131107 -0.983688 0.123164 0.131107 -0.019079 -0.931283 0.363797 -0.019075 -0.931283 0.363796 0.055455 -0.938729 0.340166 0.055451 -0.938729 0.340166 -0.952942 0.279575 0.117217 -0.952942 0.279575 0.117217 -0.055452 -0.938729 0.340166 -0.055458 -0.938728 0.340167 0.019071 -0.931284 0.363795 0.019074 -0.931283 0.363796 0.952942 0.279573 0.117216 0.983688 0.123162 0.131106 0.983688 0.123162 0.131107 0.952942 0.279574 0.117216 0.634393 -0.773009 0.001853 0.634394 -0.773010 -0.000247 0.555570 -0.831469 0.000735 0.555570 -0.831469 0.000505 0.555570 -0.831469 0.001028 0.555570 -0.831469 0.000669 0.471396 -0.881919 0.002259 0.471397 -0.881921 -0.000089 0.634393 -0.773011 0.000000 0.634393 -0.773011 0.000000 0.555570 -0.831470 0.000000 0.555570 -0.831470 0.000000 0.471398 -0.881921 0.000000 0.471398 -0.881921 0.000000 -0.831470 -0.555570 -0.000000 -0.831470 -0.555570 -0.000000 -0.831470 -0.555570 0.000000 -0.831470 -0.555570 -0.000000 -0.831470 -0.555570 -0.000000 -0.831469 -0.555570 -0.000000 -0.831469 -0.555570 -0.000000 -0.831470 -0.555570 -0.000000 -0.831469 -0.555570 0.000000 -0.831469 -0.555571 -0.000000 -0.831470 -0.555570 -0.000000 -0.831470 -0.555570 0.000000 -0.831470 -0.555570 0.000000 -0.831470 -0.555570 -0.000000 
					</float_array>
					<technique_common>
						<accessor count="684" offset="0" source="#meshId2-tangents-array" stride="3">
							<param name="X" type="float" />
							<param name="Y" type="float" />
							<param name="Z" type="float" />
						</accessor>
					</technique_common>
				</source>
				<source id="meshId2-bitangents" name="meshId2-bitangents">
					<float_array id="meshId2-bitangents-array" count="2052"> 
						0.003475 -0.000000 0.999994 0.003476 -0.000000 0.999994 0.003411 -0.000678 0.999994 0.003410 -0.000678 0.999994 0.003213 -0.001331 0.999994 0.003213 -0.001331 0.999994 0.002892 -0.001933 0.999994 0.002891 -0.001932 0.999994 0.002461 -0.002461 0.999994 0.002459 -0.002459 0.999994 0.001933 -0.002893 0.999994 0.001933 -0.002893 0.999994 0.001331 -0.003214 0.999994 0.001331 -0.003214 0.999994 0.000679 -0.003415 0.999994 0.000679 -0.003413 0.999994 -0.000000 -0.003482 0.999994 -0.000000 -0.003481 0.999994 -0.000679 -0.003415 0.999994 -0.000679 -0.003414 0.999994 -0.001333 -0.003218 0.999994 -0.001333 -0.003218 0.999994 -0.001935 -0.002896 0.999994 -0.001935 -0.002896 0.999994 -0.002463 -0.002463 0.999994 -0.002463 -0.002463 0.999994 -0.002898 -0.001937 0.999994 -0.002897 -0.001936 0.999994 -0.003221 -0.001334 0.999994 -0.003221 -0.001334 0.999994 -0.003419 -0.000680 0.999994 -0.003418 -0.000680 0.999994 -0.003489 0.000000 0.999994 -0.003486 0.000000 0.999994 -0.003001 0.000000 0.999995 -0.003003 0.000000 0.999995 -0.002945 0.000586 0.999995 -0.002945 0.000586 0.999995 -0.002776 0.001150 0.999995 -0.002775 0.001150 0.999995 -0.002498 0.001669 0.999996 -0.002498 0.001669 0.999996 0.022226 -0.022225 0.999506 -0.012713 0.012712 0.999838 -0.000000 -0.000000 -1.000000 -0.000000 -0.000000 -1.000000 -0.000001 -0.000001 -1.000000 -0.000001 -0.000001 -1.000000 0.555570 -0.831470 0.000000 0.555570 -0.831470 0.000000 0.555569 -0.831470 0.000000 0.555569 -0.831470 0.000000 0.006830 -0.016490 0.999841 -0.010741 0.025932 0.999606 -0.000677 0.003404 0.999994 -0.000677 0.003402 0.999994 0.000000 0.003472 0.999994 0.000000 0.003471 0.999994 0.000677 0.003406 0.999994 0.000677 0.003405 0.999994 0.001329 0.003208 0.999994 0.001328 0.003207 0.999994 0.001930 0.002888 0.999994 0.001929 0.002887 0.999994 
						0.002457 0.002457 0.999994 0.002456 0.002456 0.999994 0.002889 0.001931 0.999994 0.002888 0.001930 0.999994 0.003211 0.001330 0.999994 0.003210 0.001330 0.999994 0.829688 0.558228 -0.000000 0.829668 0.558257 -0.000000 0.829678 0.558242 -0.000000 0.829690 0.558225 -0.000000 0.829680 0.558239 -0.000000 0.829679 0.558241 -0.000000 0.829684 0.558234 -0.000000 0.829688 0.558228 -0.000000 0.829683 0.558235 -0.000000 0.829682 0.558237 -0.000000 0.829684 0.558233 -0.000000 0.829944 0.557847 -0.000000 0.829616 0.558334 -0.000000 0.829517 0.558481 -0.000000 0.829685 0.558232 -0.000000 0.829683 0.558234 -0.000000 0.829684 0.558233 -0.000000 0.829685 0.558232 -0.000000 0.829684 0.558234 -0.000000 0.829682 0.558236 -0.000000 0.829682 0.558237 -0.000000 0.829688 0.558227 -0.000000 0.829686 0.558231 -0.000000 0.829684 0.558233 -0.000000 0.829685 0.558232 -0.000000 0.829685 0.558233 -0.000000 0.829685 0.558232 -0.000000 0.829685 0.558232 -0.000000 0.829684 0.558234 -0.000000 0.829682 0.558237 -0.000000 0.829691 0.558223 -0.000000 0.829684 0.558233 -0.000000 0.003408 0.000678 0.999994 0.003408 0.000678 0.999994 -0.382684 -0.923879 -0.000001 -0.555570 -0.831470 -0.000001 -0.555570 -0.831470 -0.000000 -0.382684 -0.923879 -0.000001 -0.835049 -0.550176 -0.000000 -0.835037 -0.550193 0.000000 -0.835056 -0.550165 -0.000000 -0.835046 -0.550180 -0.000000 -0.835051 -0.550173 -0.000000 -0.835050 -0.550174 0.000000 -0.835046 -0.550180 0.000000 -0.835047 -0.550179 -0.000000 -0.835045 -0.550181 0.000000 -0.835045 -0.550181 0.000000 -0.835047 -0.550179 0.000000 -0.835047 -0.550179 -0.000000 -0.835045 -0.550181 0.000000 -0.835045 -0.550181 0.000000 -0.835044 -0.550183 0.000000 -0.835044 -0.550183 0.000000 -0.835043 -0.550185 -0.000000 -0.835043 -0.550185 -0.000000 -0.835042 -0.550185 -0.000000 -0.835043 -0.550185 -0.000000 
						-0.835039 -0.550191 -0.000000 -0.835039 -0.550191 -0.000000 -0.835041 -0.550188 -0.000000 -0.835041 -0.550188 -0.000000 -0.835040 -0.550189 0.000000 -0.835040 -0.550190 -0.000000 -0.835043 -0.550184 0.000000 -0.835043 -0.550184 0.000000 -0.835042 -0.550187 0.000000 -0.835044 -0.550184 0.000000 -0.835034 -0.550198 -0.000000 -0.835048 -0.550177 -0.000000 -0.834968 -0.550298 0.000000 -0.835029 -0.550205 0.000000 -0.834721 -0.550673 0.000000 -0.834915 -0.550379 0.000000 -0.833913 -0.551895 0.000000 -0.834405 -0.551151 -0.000000 -0.831457 -0.555590 -0.000000 -0.832404 -0.554170 -0.000000 -0.822141 -0.569284 0.000000 -0.821212 -0.570624 0.000000 -0.838570 -0.544793 0.000000 -0.837470 -0.546483 0.000000 -0.841769 -0.539837 -0.000000 -0.842465 -0.538750 -0.000000 -0.836824 -0.547472 -0.000000 -0.836826 -0.547469 -0.000000 -0.835594 -0.549348 -0.000000 -0.835605 -0.549330 -0.000000 -0.835349 -0.549720 -0.000000 -0.835359 -0.549705 -0.000000 -0.835312 -0.549776 0.000000 -0.835316 -0.549770 0.000000 -0.835312 -0.549776 -0.000000 -0.835312 -0.549775 0.000000 -0.835316 -0.549770 -0.000000 -0.835317 -0.549769 -0.000000 -0.835310 -0.549779 -0.000000 -0.835312 -0.549776 -0.000000 -0.835288 -0.549813 -0.000000 -0.835299 -0.549795 -0.000000 -0.835181 -0.549976 0.000000 -0.835209 -0.549932 0.000000 0.226357 -0.968177 -0.106749 0.049261 -0.994130 -0.096332 0.049261 -0.994130 -0.096332 0.226357 -0.968177 -0.106749 0.831470 0.555570 -0.000000 0.923879 0.382684 0.000001 0.923879 0.382684 0.000001 0.831470 0.555570 0.000000 -1.000000 0.000000 -0.000001 -0.980785 0.195091 -0.000001 -0.980785 0.195091 -0.000001 -1.000000 0.000000 -0.000001 -0.707107 -0.707107 -0.000000 -0.707107 -0.707107 0.000000 0.980785 0.195090 0.000000 0.980785 0.195090 0.000000 -0.923879 0.382684 -0.000001 -0.923879 0.382684 -0.000000 -0.831470 -0.555570 0.000000 -0.831470 -0.555570 -0.000000 
						1.000000 -0.000000 0.000001 1.000000 -0.000000 0.000001 -0.831470 0.555570 -0.000000 -0.831470 0.555570 -0.000000 -0.923880 -0.382684 -0.000000 -0.923880 -0.382684 -0.000001 1.000000 -0.000000 0.000001 0.980785 -0.195090 0.000000 0.980785 -0.195090 0.000000 1.000000 -0.000000 0.000001 -0.707107 0.707107 -0.000000 -0.707107 0.707107 -0.000000 -0.980785 -0.195090 -0.000001 -0.980785 -0.195090 -0.000001 0.923879 -0.382684 0.000000 0.923879 -0.382684 0.000000 -0.555570 0.831470 -0.000000 -0.555570 0.831470 -0.000000 0.831470 -0.555570 0.000000 0.831470 -0.555570 0.000000 -0.382684 0.923879 -0.000000 -0.382684 0.923879 -0.000000 0.707107 -0.707107 0.000000 0.707107 -0.707107 0.000000 -0.195090 0.980785 -0.000000 -0.195090 0.980785 -0.000001 0.555570 -0.831470 0.000000 0.555570 -0.831470 0.000000 0.000000 1.000000 -0.000000 0.000000 1.000000 -0.000000 0.382684 -0.923879 0.000000 0.382684 -0.923879 -0.000000 0.195090 0.980785 -0.000000 0.195090 0.980785 -0.000000 0.195090 -0.980785 -0.000000 0.195090 -0.980785 -0.000000 0.382683 0.923880 -0.000000 0.382683 0.923880 -0.000000 0.000000 -1.000000 -0.000000 0.000000 -1.000000 0.000000 0.555570 0.831470 -0.000000 0.555570 0.831470 -0.000000 -0.195090 -0.980785 0.000000 -0.195090 -0.980785 -0.000000 0.707107 0.707107 -0.000000 0.707107 0.707107 -0.000000 -0.290286 -0.956940 -0.000000 -0.290289 -0.956939 0.000000 -0.290289 -0.956939 0.000000 -0.290286 -0.956940 -0.000000 -0.290285 -0.956940 -0.000000 -0.290285 -0.956940 -0.000000 -0.290285 -0.956940 -0.000000 -0.290285 -0.956940 -0.000000 -0.290288 -0.956939 0.000000 -0.290288 -0.956939 -0.000000 -0.290287 -0.956940 -0.000000 -0.290287 -0.956940 -0.000000 -0.290288 -0.956939 -0.000000 -0.290289 -0.956939 -0.000000 -0.290284 -0.956941 -0.000000 -0.290285 -0.956940 -0.000000 -0.290284 -0.956941 -0.000000 -0.290284 -0.956941 -0.000000 
						-0.290286 -0.956940 0.000000 -0.290286 -0.956940 -0.000000 -0.290285 -0.956940 -0.000000 -0.290286 -0.956940 0.000000 -0.290286 -0.956940 -0.000000 -0.290286 -0.956940 -0.000000 -0.290286 -0.956940 -0.000000 -0.290287 -0.956940 -0.000000 -0.290286 -0.956940 -0.000000 -0.290287 -0.956940 -0.000000 -0.290286 -0.956940 -0.000000 -0.290285 -0.956940 -0.000000 -0.290290 -0.956939 -0.000000 -0.290289 -0.956939 -0.000000 -0.290282 -0.956941 0.000000 -0.290283 -0.956941 0.000000 -0.290288 -0.956939 0.000000 -0.290287 -0.956940 0.000000 -0.290286 -0.956940 0.000000 -0.290287 -0.956940 0.000000 -0.290285 -0.956940 -0.000000 -0.290285 -0.956940 0.000000 -0.290283 -0.956941 -0.000000 -0.290283 -0.956941 -0.000000 -0.290283 -0.956941 -0.000000 -0.290283 -0.956941 -0.000000 -0.290286 -0.956940 0.000000 -0.290285 -0.956940 0.000000 -0.290288 -0.956939 0.000000 -0.290287 -0.956940 0.000000 -0.290288 -0.956939 0.000000 -0.290289 -0.956939 0.000000 -0.290283 -0.956941 -0.000000 -0.290282 -0.956941 -0.000000 -0.290294 -0.956938 -0.000000 -0.290293 -0.956938 -0.000000 -0.290285 -0.956940 0.000000 -0.290288 -0.956939 0.000000 -0.290281 -0.956941 0.000000 -0.290281 -0.956941 0.000000 -0.290289 -0.956939 0.000000 -0.290288 -0.956939 0.000000 -0.290288 -0.956939 0.000000 -0.290288 -0.956939 0.000000 -0.290285 -0.956940 0.000000 -0.290285 -0.956940 0.000000 -1.000000 0.000000 -0.000000 -0.990694 0.134898 0.018081 -0.990694 0.134898 0.018081 -1.000000 0.000000 0.000000 0.049260 0.994129 0.096332 0.226355 0.968177 0.106750 0.226357 0.968177 0.106749 0.049261 0.994130 0.096332 -0.129761 -0.987823 -0.085834 -0.129761 -0.987823 -0.085834 0.395749 0.910865 0.117079 0.395750 0.910865 0.117078 -0.304863 -0.949418 -0.075265 -0.304863 -0.949418 -0.075265 0.551926 0.824117 0.127314 0.551927 0.824116 0.127313 -0.470319 -0.880126 -0.064632 -0.470319 -0.880126 -0.064632 
						0.689814 0.710820 0.137446 0.689814 0.710820 0.137445 -0.620716 -0.782178 -0.053945 -0.620716 -0.782178 -0.053945 0.804948 0.574727 0.147469 0.804949 0.574726 0.147468 -1.000000 -0.000001 0.000001 -0.983790 0.179000 0.010827 -0.983790 0.179000 0.010827 -1.000000 -0.000001 0.000001 -0.751126 -0.658743 -0.043211 -0.751126 -0.658743 -0.043211 0.893620 0.420329 0.157376 0.893620 0.420328 0.157376 -0.935690 0.352159 0.021644 -0.935690 0.352159 0.021644 -0.857277 -0.513832 -0.032440 -0.857277 -0.513832 -0.032441 0.950762 0.258488 0.170984 0.950762 0.258487 0.170984 -0.857279 0.513830 0.032442 -0.857278 0.513830 0.032441 -0.935689 -0.352162 -0.021642 -0.935689 -0.352161 -0.021642 0.950762 -0.258489 -0.170985 0.893619 -0.420330 -0.157377 0.893619 -0.420330 -0.157377 0.950761 -0.258489 -0.170985 -0.751127 0.658741 0.043212 -0.751127 0.658742 0.043212 -0.983789 -0.179002 -0.010825 -0.983789 -0.179001 -0.010826 0.804948 -0.574728 -0.147469 0.804948 -0.574727 -0.147469 -0.620717 0.782177 0.053946 -0.620716 0.782177 0.053945 0.689814 -0.710820 -0.137446 0.689814 -0.710820 -0.137446 -0.470320 0.880126 0.064633 -0.470320 0.880126 0.064632 0.551926 -0.824117 -0.127313 0.551926 -0.824117 -0.127313 -0.304864 0.949417 0.075266 -0.304863 0.949418 0.075265 0.395750 -0.910865 -0.117079 0.395750 -0.910865 -0.117079 -0.129762 0.987823 0.085835 -0.129761 0.987823 0.085834 -0.773013 -0.634390 -0.000000 -0.773004 -0.634401 -0.000000 -0.773004 -0.634402 -0.000000 -0.773011 -0.634392 -0.000000 -0.773010 -0.634393 -0.000000 -0.773011 -0.634393 -0.000000 -0.773011 -0.634392 0.000000 -0.773012 -0.634392 -0.000000 -0.773009 -0.634395 0.000000 -0.773010 -0.634394 0.000000 -0.773009 -0.634395 -0.000000 -0.773009 -0.634395 0.000000 -0.773011 -0.634393 -0.000000 -0.773010 -0.634393 -0.000000 -0.773010 -0.634393 0.000000 -0.773010 -0.634393 -0.000000 
						-0.773011 -0.634392 -0.000000 -0.773012 -0.634392 -0.000000 -0.773011 -0.634393 -0.000000 -0.773011 -0.634393 -0.000000 -0.773011 -0.634393 -0.000000 -0.773010 -0.634393 -0.000000 -0.773011 -0.634393 -0.000000 -0.773011 -0.634393 -0.000000 -0.773011 -0.634393 0.000000 -0.773010 -0.634394 0.000000 -0.773016 -0.634387 0.000000 -0.773015 -0.634387 0.000000 -0.773013 -0.634390 -0.000000 -0.773015 -0.634388 -0.000000 -0.773006 -0.634398 -0.000000 -0.773007 -0.634397 -0.000000 -0.773010 -0.634394 -0.000000 -0.773009 -0.634395 -0.000000 -0.773009 -0.634396 0.000000 -0.773008 -0.634397 0.000000 -0.773014 -0.634390 0.000000 -0.773014 -0.634389 0.000000 -0.773007 -0.634397 -0.000000 -0.773008 -0.634396 -0.000000 -0.773010 -0.634394 -0.000000 -0.773010 -0.634394 -0.000000 -0.773007 -0.634397 -0.000000 -0.773008 -0.634396 -0.000000 -0.773011 -0.634393 -0.000000 -0.773011 -0.634393 -0.000000 -0.773011 -0.634392 -0.000000 -0.773011 -0.634392 -0.000000 -0.773008 -0.634396 -0.000000 -0.773008 -0.634396 -0.000000 -0.773008 -0.634396 -0.000000 -0.773008 -0.634396 -0.000000 -0.773007 -0.634397 -0.000000 -0.773007 -0.634397 -0.000000 -0.773007 -0.634397 0.000000 -0.773007 -0.634398 -0.000000 -0.773011 -0.634392 -0.000000 -0.773010 -0.634394 -0.000000 -0.773016 -0.634387 -0.000000 -0.773015 -0.634387 -0.000000 -0.773013 -0.634390 -0.000000 -0.773014 -0.634389 -0.000000 -0.773009 -0.634395 -0.000000 -0.773010 -0.634393 -0.000000 -0.799911 0.597099 0.060127 -0.693305 0.716759 0.074736 -0.693306 0.716758 0.074736 -0.799912 0.597098 0.060128 -0.772400 -0.629178 -0.086795 -0.853088 -0.516985 -0.070480 -0.853088 -0.516985 -0.070480 -0.772400 -0.629178 -0.086795 0.423713 0.884709 0.194310 0.557024 0.805538 0.202072 0.557024 0.805538 0.202072 0.423714 0.884709 0.194310 -0.962874 0.267543 0.035972 -0.962874 0.267543 0.035972 -0.916834 -0.395669 -0.053493 -0.916834 -0.395669 -0.053493 
						0.640328 0.736401 0.218386 0.640327 0.736402 0.218386 -0.916834 0.395668 0.053493 -0.916835 0.395667 0.053493 -0.962874 -0.267543 -0.035972 -0.962874 -0.267542 -0.035972 0.640326 -0.736404 -0.218386 0.557021 -0.805540 -0.202072 0.557021 -0.805540 -0.202072 0.640326 -0.736404 -0.218386 -0.853088 0.516985 0.070480 -0.853088 0.516985 0.070480 -0.990695 -0.134897 -0.018081 -0.990695 -0.134897 -0.018081 0.423711 -0.884711 -0.194310 0.423711 -0.884711 -0.194311 -0.772398 0.629180 0.086795 -0.772399 0.629179 0.086795 0.281196 -0.941488 -0.185822 0.281196 -0.941488 -0.185822 -0.675822 0.729928 0.102327 -0.675823 0.729927 0.102327 0.133295 -0.975224 -0.176551 0.133295 -0.975224 -0.176551 -0.564740 0.816934 0.116996 -0.564740 0.816934 0.116996 -0.016262 -0.985916 -0.166448 -0.016263 -0.985916 -0.166449 -0.440902 0.887981 0.130753 -0.440902 0.887980 0.130753 -0.163932 -0.974144 -0.155468 -0.163932 -0.974144 -0.155468 -0.306453 0.940996 0.143577 -0.306453 0.940996 0.143577 -0.306452 -0.940996 -0.143577 -0.306452 -0.940996 -0.143577 -0.163931 0.974144 0.155468 -0.163932 0.974144 0.155468 -0.440902 -0.887980 -0.130753 -0.440902 -0.887981 -0.130753 -0.016260 0.985916 0.166448 -0.016262 0.985916 0.166448 -0.564740 -0.816934 -0.116996 -0.564740 -0.816934 -0.116996 0.133296 0.975224 0.176551 0.133295 0.975224 0.176551 -0.675823 -0.729927 -0.102327 -0.675823 -0.729927 -0.102327 0.281199 0.941487 0.185821 0.281199 0.941487 0.185821 0.634393 -0.773011 0.000000 0.634391 -0.773012 -0.000000 0.634392 -0.773012 -0.000000 0.634392 -0.773011 0.000000 0.634393 -0.773010 0.000000 0.634393 -0.773011 0.000000 0.634394 -0.773010 0.000000 0.634394 -0.773010 0.000000 0.634394 -0.773010 0.000000 0.634395 -0.773009 0.000000 0.634395 -0.773009 -0.000000 0.634394 -0.773010 -0.000000 0.634395 -0.773009 0.000000 0.634394 -0.773010 0.000000 
						0.634393 -0.773011 0.000000 0.634395 -0.773009 0.000000 0.634392 -0.773011 -0.000000 0.634396 -0.773009 0.000000 0.634395 -0.773009 -0.000000 0.634395 -0.773009 -0.000000 0.634395 -0.773009 -0.000000 0.634395 -0.773009 -0.000000 0.634394 -0.773010 -0.000000 0.634396 -0.773009 -0.000000 0.634391 -0.773012 -0.000000 0.634393 -0.773011 -0.000000 0.634395 -0.773009 -0.000000 0.634393 -0.773011 0.000000 0.634394 -0.773010 -0.000000 0.634392 -0.773011 -0.000000 0.634391 -0.773013 -0.000000 0.634390 -0.773013 -0.000000 0.634392 -0.773012 0.000000 0.634391 -0.773012 0.000000 0.634391 -0.773012 -0.000000 0.634391 -0.773012 -0.000000 0.634393 -0.773011 -0.000000 0.634393 -0.773010 -0.000000 0.634393 -0.773011 0.000000 0.634392 -0.773011 0.000000 0.634392 -0.773012 -0.000000 0.634392 -0.773012 -0.000000 0.634392 -0.773012 -0.000000 0.634392 -0.773012 -0.000000 0.634393 -0.773010 -0.000000 0.634393 -0.773011 0.000000 0.634391 -0.773012 0.000000 0.634393 -0.773011 0.000000 0.634390 -0.773014 0.000000 0.634391 -0.773012 0.000000 0.634391 -0.773013 0.000000 0.634390 -0.773013 0.000000 0.634392 -0.773011 0.000000 0.634391 -0.773013 0.000000 0.634392 -0.773012 -0.000000 0.634392 -0.773011 -0.000000 0.634387 -0.773016 -0.000000 0.634389 -0.773014 -0.000000 0.634392 -0.773012 0.000000 0.634389 -0.773014 0.000000 0.634392 -0.773011 0.000000 0.634391 -0.773013 0.000000 0.634391 -0.773012 -0.000000 0.634391 -0.773012 -0.000000 -0.290286 -0.956940 -0.000000 -0.290290 -0.956939 -0.000000 -0.290283 -0.956941 -0.000000 -0.290283 -0.956941 -0.000000 -0.290283 -0.956941 -0.000000 -0.290284 -0.956940 -0.000000 -0.290283 -0.956941 -0.000000 -0.290285 -0.956940 -0.000000 -0.290283 -0.956941 -0.000000 -0.290284 -0.956940 -0.000000 -0.290283 -0.956941 -0.000000 -0.290284 -0.956941 -0.000000 -0.290283 -0.956941 -0.000000 -0.290286 -0.956940 -0.000000 
						-0.290282 -0.956941 -0.000000 -0.290282 -0.956941 -0.000000 -0.290286 -0.956940 -0.000000 -0.290283 -0.956941 -0.000000 -0.290283 -0.956941 -0.000000 -0.290283 -0.956941 -0.000000 -0.290285 -0.956940 -0.000000 -0.290281 -0.956941 -0.000000 -0.290278 -0.956942 -0.000000 -0.290282 -0.956941 -0.000000 -0.290300 -0.956936 -0.000000 -0.290291 -0.956938 -0.000000 -0.290295 -0.956937 -0.000000 -0.290292 -0.956938 -0.000000 -0.290290 -0.956939 -0.000000 -0.290281 -0.956941 -0.000000 -0.290312 -0.956932 -0.000000 -0.290286 -0.956940 -0.000000 -0.987091 -0.159438 -0.015177 -1.000000 -0.000000 0.000000 -1.000000 0.000001 -0.000000 -0.987091 -0.159439 -0.015176 0.631766 -0.751574 -0.189759 0.500448 -0.847115 -0.178741 0.500448 -0.847115 -0.178741 0.631766 -0.751574 -0.189760 -0.568662 0.817734 0.089070 -0.568664 0.817733 0.089071 0.355465 -0.919604 -0.167249 0.355465 -0.919605 -0.167249 -0.429183 0.897315 0.103089 -0.429184 0.897315 0.103090 0.200830 -0.967239 -0.155291 0.200830 -0.967239 -0.155291 -0.278460 0.953326 0.116749 -0.278459 0.953326 0.116749 0.040765 -0.988901 -0.142876 0.040765 -0.988901 -0.142876 -0.120427 0.984171 0.130021 -0.120427 0.984171 0.130021 -0.120425 -0.984171 -0.130021 -0.120425 -0.984171 -0.130021 0.040765 0.988901 0.142876 0.040765 0.988901 0.142875 -0.278459 -0.953326 -0.116749 -0.278459 -0.953326 -0.116749 0.200834 0.967239 0.155289 0.200834 0.967239 0.155289 -0.429179 -0.897317 -0.103087 -0.429178 -0.897318 -0.103087 0.355466 0.919604 0.167249 0.355463 0.919605 0.167250 -0.568661 -0.817736 -0.089069 -0.568661 -0.817735 -0.089070 0.500447 0.847115 0.178741 0.500447 0.847115 0.178741 -0.693305 -0.716758 -0.074736 -0.693305 -0.716758 -0.074736 0.631767 0.751573 0.189759 0.631768 0.751572 0.189758 -0.987091 0.159440 0.015176 -0.987091 0.159439 0.015176 -0.799913 -0.597097 -0.060128 -0.799912 -0.597097 -0.060128 
						0.745721 0.635436 0.200303 0.745721 0.635436 0.200303 -0.948692 0.314748 0.030296 -0.948692 0.314747 0.030296 -0.885767 -0.461914 -0.045297 -0.885768 -0.461913 -0.045298 0.824552 0.521781 0.218766 0.824551 0.521782 0.218766 -0.885768 0.461913 0.045297 -0.885767 0.461914 0.045297 -0.948692 -0.314746 -0.030297 -0.948692 -0.314747 -0.030296 0.824550 -0.521784 -0.218767 0.745719 -0.635438 -0.200303 0.745719 -0.635438 -0.200303 0.824550 -0.521783 -0.218767 -0.029295 0.035696 0.998933 0.003906 -0.004761 0.999981 -0.010186 0.015243 0.999832 -0.006999 0.010473 0.999921 -0.014247 0.021323 0.999671 -0.009273 0.013879 0.999861 -0.026535 0.049643 0.998414 0.001049 -0.001963 0.999997 -0.000000 0.000000 1.000000 -0.000000 0.000000 1.000000 -0.000000 0.000000 1.000000 -0.000000 0.000000 1.000000 -0.000000 0.000000 1.000000 -0.000000 0.000000 1.000000 -0.000001 -0.000001 1.000000 -0.000001 -0.000001 1.000000 0.000000 0.000000 1.000000 -0.000000 -0.000000 1.000000 -0.555570 0.831470 -0.000000 -0.555570 0.831469 -0.000000 -0.555570 0.831469 -0.000000 -0.555570 0.831470 -0.000000 -0.555570 0.831469 0.000000 -0.555571 0.831469 0.000000 0.555570 -0.831470 -0.000000 0.555570 -0.831470 -0.000000 0.555570 -0.831470 -0.000000 0.555570 -0.831470 0.000000 
					</float_array>
					<technique_common>
						<accessor count="684" offset="0" source="#meshId2-bitangents-array" stride="3">
							<param name="X" type="float" />
							<param name="Y" type="float" />
							<param name="Z" type="float" />
						</accessor>
					</technique_common>
				</source>
				<source id="meshId2-tex0" name="meshId2-tex0">
					<float_array id="meshId2-tex0-array" count="1368"> 
						0.337489 0.218692 0.338601 0.539974 0.317522 0.540047 0.316410 0.218765 0.296442 0.540120 0.295331 0.218838 0.275363 0.540193 0.274251 0.218911 0.254284 0.540266 0.253172 0.218984 0.233205 0.540339 0.232093 0.219057 0.212126 0.540412 0.211014 0.219130 0.191047 0.540485 0.189934 0.219203 0.169968 0.540558 0.168855 0.219276 0.148889 0.540631 0.147776 0.219349 0.127810 0.540704 0.126696 0.219422 0.106731 0.540777 0.105617 0.219495 0.085652 0.540850 0.084538 0.219568 0.064573 0.540923 0.063458 0.219641 0.043494 0.540996 0.042379 0.219714 0.022414 0.541069 0.021300 0.219787 0.001335 0.541142 0.000220 0.219860 0.674887 0.217555 0.675847 0.538858 0.654766 0.538921 0.653806 0.217618 0.633686 0.538984 0.632726 0.217681 0.612605 0.539047 0.611645 0.217744 0.591525 0.539110 0.590564 0.217807 0.126594 0.841509 0.126594 0.764298 0.169379 0.764298 0.169379 0.841509 0.126594 0.764298 0.127657 0.753514 0.170442 0.753514 0.169379 0.764298 0.548282 0.217964 0.549391 0.539245 0.528312 0.539318 0.527203 0.218036 0.507233 0.539391 0.506123 0.218109 0.486154 0.539464 0.485044 0.218182 0.465075 0.539536 0.463965 0.218255 0.443996 0.539609 0.442886 0.218328 
						0.422917 0.539682 0.421806 0.218400 0.401838 0.539755 0.400727 0.218473 0.380759 0.539828 0.379648 0.218546 0.494685 0.721690 0.481204 0.705369 0.471165 0.686732 0.464955 0.666494 0.462812 0.645434 0.464820 0.624361 0.470900 0.604083 0.480819 0.585382 0.494196 0.568976 0.510516 0.555494 0.529154 0.545455 0.549391 0.539245 0.570451 0.537118 0.591525 0.539110 0.611802 0.545190 0.630503 0.555109 0.646910 0.568486 0.660392 0.584807 0.670430 0.603444 0.676641 0.623681 0.678783 0.644741 0.676776 0.665815 0.670695 0.686092 0.660776 0.704794 0.647399 0.721200 0.631079 0.734682 0.612442 0.744721 0.592204 0.750931 0.571144 0.753073 0.550070 0.751066 0.529793 0.744986 0.511092 0.735067 0.359680 0.539901 0.358569 0.218619 0.946561 0.429011 0.946561 0.409521 0.999780 0.409521 0.999780 0.429011 0.496771 0.038964 0.484271 0.054398 0.477083 0.049661 0.490645 0.032916 0.512041 0.026266 0.507212 0.019139 0.529495 0.016791 0.526149 0.008859 0.548462 0.010903 0.546728 0.002471 0.568213 0.008829 0.568157 0.000220 0.587990 0.010647 0.589614 0.002194 0.607031 0.016290 0.610274 0.008315 0.624606 0.025538 0.629343 0.018350 0.640039 0.038038 0.646087 0.031911 
						0.652737 0.053308 0.659864 0.048479 0.662212 0.070762 0.670144 0.067417 0.668100 0.089730 0.676532 0.087996 0.670174 0.109481 0.678783 0.109426 0.668355 0.129259 0.676810 0.130883 0.662713 0.148302 0.670688 0.151545 0.653462 0.165879 0.660653 0.170618 0.640953 0.181316 0.647084 0.187372 0.625653 0.194014 0.630486 0.201169 0.608116 0.203459 0.611444 0.211472 0.588966 0.209192 0.590564 0.217807 0.569276 0.210929 0.569384 0.219265 0.549785 0.209502 0.548282 0.217964 0.530782 0.203960 0.527563 0.211947 0.513201 0.194734 0.508469 0.201930 0.497757 0.182240 0.491711 0.188372 0.485049 0.166973 0.477923 0.171806 0.475563 0.149520 0.467632 0.152870 0.469665 0.130552 0.461232 0.132291 0.467581 0.110799 0.458971 0.110858 0.469390 0.091018 0.460934 0.089397 0.475023 0.071973 0.467048 0.068732 0.689460 0.447719 0.687517 0.430537 0.819788 0.416372 0.821554 0.431986 0.946561 0.058692 0.946561 0.039201 0.999780 0.039201 0.999779 0.058692 0.946561 0.312068 0.946561 0.292578 0.999779 0.292578 0.999779 0.312068 0.946561 0.390030 0.999780 0.390030 0.946561 0.019711 0.999780 0.019711 0.946561 0.273087 0.999779 0.273087 0.946561 0.370540 0.999780 0.370540 
						0.946561 0.000220 0.999780 0.000220 0.946561 0.253597 0.999779 0.253597 0.946561 0.351049 0.999779 0.351049 0.946561 0.623916 0.946561 0.604425 0.999779 0.604425 0.999779 0.623916 0.946561 0.234106 0.999779 0.234106 0.946561 0.331559 0.999779 0.331559 0.946561 0.584935 0.999780 0.584935 0.946561 0.214616 0.999779 0.214616 0.946561 0.565444 0.999780 0.565444 0.946561 0.195125 0.999779 0.195125 0.946561 0.545954 0.999780 0.545954 0.946561 0.175635 0.999779 0.175635 0.946561 0.526463 0.999780 0.526463 0.946561 0.156144 0.999779 0.156144 0.946561 0.506973 0.999780 0.506973 0.946561 0.136654 0.999779 0.136654 0.946561 0.487482 0.999780 0.487482 0.946561 0.117163 0.999779 0.117163 0.946561 0.467992 0.999780 0.467992 0.946561 0.097673 0.999779 0.097673 0.946561 0.448501 0.999780 0.448501 0.946561 0.078182 0.999779 0.078182 0.769523 0.561821 0.752565 0.565194 0.749308 0.554455 0.768424 0.550653 0.786814 0.561821 0.787914 0.550653 0.803773 0.565194 0.807030 0.554455 0.819747 0.571811 0.825037 0.561914 0.834124 0.581417 0.841243 0.572742 0.846350 0.593643 0.855025 0.586524 0.855956 0.608020 0.865853 0.602730 0.862573 0.623994 0.873312 0.620737 
						0.865946 0.640953 0.877114 0.639853 0.865946 0.658243 0.877114 0.659343 0.862573 0.675201 0.873312 0.678459 0.855956 0.691176 0.865853 0.696466 0.846350 0.705553 0.855025 0.712672 0.834124 0.717779 0.841243 0.726453 0.819747 0.727385 0.825037 0.737282 0.803773 0.734002 0.807030 0.744741 0.786814 0.737375 0.787914 0.748543 0.769524 0.737375 0.768424 0.748543 0.752565 0.734002 0.749308 0.744741 0.736591 0.727385 0.731301 0.737282 0.722214 0.717779 0.715095 0.726454 0.709988 0.705553 0.701313 0.712672 0.700382 0.691176 0.690485 0.696466 0.693765 0.675202 0.683026 0.678459 0.690392 0.658243 0.679224 0.659343 0.690392 0.640953 0.679224 0.639853 0.693765 0.623994 0.683026 0.620737 0.700382 0.608020 0.690485 0.602730 0.709988 0.593643 0.701313 0.586524 0.722214 0.581417 0.715095 0.572742 0.736591 0.571811 0.731301 0.561914 0.836464 0.220863 0.836651 0.206661 0.905211 0.208461 0.905048 0.220863 0.687518 0.119895 0.689461 0.102714 0.821554 0.118446 0.819788 0.134061 0.685778 0.413335 0.818208 0.400738 0.691607 0.085557 0.823505 0.102854 0.684243 0.396112 0.816812 0.385086 0.693957 0.068427 0.825641 0.087286 0.682912 0.378873 0.815603 0.369419 
						0.696510 0.051325 0.827960 0.071745 0.681785 0.361619 0.814579 0.353739 0.699265 0.034256 0.830465 0.056232 0.679224 0.275216 0.679326 0.257926 0.812344 0.259503 0.812251 0.275216 0.680863 0.344353 0.813741 0.338047 0.702223 0.017220 0.833152 0.040750 0.679634 0.240638 0.812624 0.243792 0.680146 0.327077 0.813089 0.322347 0.705382 0.000220 0.836023 0.025301 0.680146 0.223355 0.813089 0.228085 0.679634 0.309794 0.812624 0.306641 0.705382 0.550212 0.702223 0.533212 0.833152 0.509682 0.836023 0.525131 0.680863 0.206079 0.813741 0.212385 0.679326 0.292506 0.812344 0.290929 0.699265 0.516177 0.830465 0.494200 0.681785 0.188813 0.814579 0.196693 0.696510 0.499107 0.827960 0.478687 0.682912 0.171559 0.815603 0.181013 0.693957 0.482006 0.825640 0.463146 0.684243 0.154320 0.816812 0.165346 0.691607 0.464875 0.823505 0.447578 0.685778 0.137098 0.818208 0.149694 0.713030 0.772746 0.702986 0.782790 0.697033 0.777904 0.708144 0.766793 0.724840 0.764855 0.721209 0.758063 0.737963 0.759420 0.735727 0.752049 0.751894 0.756649 0.751139 0.748984 0.766097 0.756649 0.766852 0.748984 0.780028 0.759420 0.782264 0.752050 0.793151 0.764855 0.796781 0.758063 
						0.804961 0.772746 0.809847 0.766793 0.815004 0.782790 0.820958 0.777904 0.822896 0.794600 0.829688 0.790969 0.828331 0.807723 0.835701 0.805487 0.831102 0.821653 0.838767 0.820898 0.831102 0.835857 0.838767 0.836612 0.828331 0.849788 0.835701 0.852024 0.822896 0.862911 0.829688 0.866541 0.815004 0.874721 0.820958 0.879607 0.804961 0.884764 0.809847 0.890718 0.793151 0.892655 0.796781 0.899448 0.780028 0.898091 0.782264 0.905461 0.766097 0.900862 0.766852 0.908527 0.751893 0.900862 0.751139 0.908527 0.737963 0.898091 0.735727 0.905461 0.724840 0.892655 0.721209 0.899448 0.713030 0.884764 0.708144 0.890718 0.702986 0.874720 0.697033 0.879606 0.695095 0.862910 0.688303 0.866541 0.689659 0.849788 0.682289 0.852023 0.686889 0.835857 0.679224 0.836612 0.686889 0.821653 0.679224 0.820898 0.689660 0.807722 0.682289 0.805487 0.695095 0.794600 0.688303 0.790969 0.878666 0.638295 0.879290 0.630873 0.911975 0.633930 0.911402 0.640742 0.841119 0.291681 0.839445 0.277576 0.907650 0.270387 0.909112 0.282704 0.872600 0.026451 0.877877 0.013264 0.941211 0.039580 0.936603 0.051095 0.837210 0.192468 0.905699 0.196067 0.838141 0.263432 0.906512 0.258036 
						0.883499 0.000220 0.946120 0.028189 0.838141 0.178295 0.906512 0.183691 0.837210 0.249259 0.905699 0.245659 0.883499 0.441506 0.877877 0.428462 0.941211 0.402146 0.946120 0.413537 0.839445 0.164151 0.907650 0.171340 0.836651 0.235066 0.905211 0.233266 0.872600 0.415275 0.936603 0.390631 0.841119 0.150046 0.909112 0.159023 0.867670 0.401954 0.932298 0.378999 0.843163 0.135990 0.910897 0.146749 0.863092 0.388508 0.928300 0.367257 0.845575 0.121992 0.913003 0.134526 0.858869 0.374947 0.924612 0.355415 0.848354 0.108063 0.915430 0.122362 0.855003 0.361279 0.921236 0.343480 0.851497 0.094212 0.918175 0.110266 0.851497 0.347515 0.918175 0.331460 0.855003 0.080447 0.921236 0.098247 0.848354 0.333663 0.915430 0.319365 0.858869 0.066780 0.924612 0.086311 0.845575 0.319734 0.913003 0.307201 0.863092 0.053218 0.928300 0.074469 0.843163 0.305737 0.910897 0.294978 0.867670 0.039772 0.932298 0.062728 0.092556 0.792378 0.087289 0.787112 0.103326 0.767571 0.112096 0.776342 0.096693 0.798571 0.118987 0.786655 0.099544 0.805452 0.123734 0.798114 0.100997 0.812757 0.126154 0.810279 0.100997 0.820204 0.126154 0.822682 0.099544 0.827509 0.123734 0.834847 
						0.096693 0.834390 0.118987 0.846307 0.092556 0.840583 0.112096 0.856620 0.087289 0.845849 0.103326 0.865390 0.081096 0.849987 0.093013 0.872281 0.074216 0.852837 0.081554 0.877027 0.066911 0.854290 0.069389 0.879447 0.059463 0.854290 0.056985 0.879447 0.052158 0.852837 0.044820 0.877027 0.045277 0.849987 0.033361 0.872281 0.039085 0.845849 0.023048 0.865390 0.033818 0.840583 0.014278 0.856620 0.029681 0.834390 0.007387 0.846307 0.026830 0.827509 0.002640 0.834847 0.025377 0.820205 0.000220 0.822682 0.025377 0.812757 0.000220 0.810279 0.026830 0.805452 0.002640 0.798114 0.029681 0.798571 0.007387 0.786655 0.033818 0.792378 0.014278 0.776342 0.039085 0.787112 0.023048 0.767572 0.045277 0.782974 0.033361 0.760680 0.052158 0.780124 0.044820 0.755934 0.059463 0.778671 0.056985 0.753514 0.066911 0.778671 0.069388 0.753514 0.074216 0.780124 0.081553 0.755934 0.081096 0.782974 0.093013 0.760680 0.195462 0.754848 0.202166 0.753514 0.209001 0.753514 0.215706 0.754848 0.222021 0.757464 0.227704 0.761261 0.232538 0.766095 0.236335 0.771778 0.238951 0.778093 0.240285 0.784797 0.240285 0.791633 0.238951 0.798337 0.236335 0.804652 0.232538 0.810336 
						0.227704 0.815169 0.222021 0.818967 0.215706 0.821583 0.209001 0.822916 0.202166 0.822916 0.195462 0.821583 0.189146 0.818967 0.183463 0.815169 0.178629 0.810336 0.174832 0.804652 0.172216 0.798337 0.170882 0.791633 0.170882 0.784797 0.172216 0.778093 0.174832 0.771778 0.178629 0.766095 0.183463 0.761261 0.189146 0.757463 0.877624 0.675506 0.877555 0.668059 0.910382 0.668059 0.910446 0.674894 0.891093 0.771149 0.889237 0.763936 0.921104 0.756053 0.922807 0.762673 0.880053 0.623464 0.912675 0.627131 0.887516 0.756690 0.919524 0.749403 0.880954 0.616071 0.913502 0.620345 0.885931 0.749412 0.918069 0.742724 0.881992 0.608696 0.914455 0.613577 0.884481 0.742107 0.916739 0.736019 0.883168 0.601342 0.915534 0.606827 0.883168 0.734776 0.915534 0.729291 0.884481 0.594010 0.916739 0.600098 0.881992 0.727421 0.914455 0.722541 0.885931 0.586705 0.918069 0.593393 0.880954 0.720046 0.913502 0.715772 0.887516 0.579428 0.919524 0.586715 0.880053 0.712653 0.912675 0.708987 0.889237 0.572182 0.921104 0.580064 0.879290 0.705245 0.911975 0.702187 0.891093 0.564969 0.922807 0.573444 0.877624 0.660611 0.910446 0.661223 0.878666 0.697823 0.911402 0.695376 
						0.893083 0.557792 0.924633 0.566857 0.877833 0.653166 0.910637 0.654391 0.878180 0.690391 0.910956 0.688555 0.895206 0.550653 0.926582 0.560305 0.878180 0.645727 0.910956 0.647563 0.877833 0.682951 0.910637 0.681727 0.895206 0.785465 0.893083 0.778326 0.924633 0.769260 0.926582 0.775812 0.580951 0.417211 0.580728 0.339715 0.569815 0.339752 0.569384 0.219265 0.570065 0.417239 0.570451 0.537118 0.558902 0.339784 0.559179 0.417278 0.262397 0.753514 0.262397 0.830725 0.251562 0.830725 0.251562 0.753514 0.240726 0.830725 0.240726 0.753514 0.126594 0.940287 0.126594 0.863076 0.169379 0.863076 0.169379 0.940287 0.126594 0.863076 0.127657 0.852293 0.170442 0.852293 0.169379 0.863076 0.126594 0.841509 0.169379 0.841509 0.127657 0.951071 0.126594 0.940287 0.169379 0.940287 0.170442 0.951071 
					</float_array>
					<technique_common>
						<accessor count="684" offset="0" source="#meshId2-tex0-array" stride="2">
							<param name="S" type="float" />
							<param name="T" type="float" />
						</accessor>
					</technique_common>
				</source>
				<vertices id="meshId2-vertices">
					<input semantic="POSITION" source="#meshId2-positions" />
				</vertices>
				<polylist count="660" material="defaultMaterial">
					<input offset="0" semantic="VERTEX" source="#meshId2-vertices" />
					<input offset="0" semantic="NORMAL" source="#meshId2-normals" />
					<input offset="0" semantic="TANGENT" source="#meshId2-tangents" />
					<input offset="0" semantic="BINORMAL" source="#meshId2-bitangents" />
					<input offset="0" semantic="TEXCOORD" source="#meshId2-tex0" set="0" />
					<vcount>
						3 3 3 3 3 3 3 3 3 3 3 3 3 3 3 3 3 3 3 3 3 3 3 3 3 3 3 3 3 3 3 3 3 3 3 3 3 3 3 3 3 3 3 3 3 3 3 3 3 3 3 3 3 3 3 3 3 3 3 3 3 3 3 3 
						3 3 3 3 3 3 3 3 3 3 3 3 3 3 3 3 3 3 3 3 3 3 3 3 3 3 3 3 3 3 3 3 3 3 3 3 3 3 3 3 3 3 3 3 3 3 3 3 3 3 3 3 3 3 3 3 3 3 3 3 3 3 3 3 
						3 3 3 3 3 3 3 3 3 3 3 3 3 3 3 3 3 3 3 3 3 3 3 3 3 3 3 3 3 3 3 3 3 3 3 3 3 3 3 3 3 3 3 3 3 3 3 3 3 3 3 3 3 3 3 3 3 3 3 3 3 3 3 3 
						3 3 3 3 3 3 3 3 3 3 3 3 3 3 3 3 3 3 3 3 3 3 3 3 3 3 3 3 3 3 3 3 3 3 3 3 3 3 3 3 3 3 3 3 3 3 3 3 3 3 3 3 3 3 3 3 3 3 3 3 3 3 3 3 
						3 3 3 3 3 3 3 3 3 3 3 3 3 3 3 3 3 3 3 3 3 3 3 3 3 3 3 3 3 3 3 3 3 3 3 3 3 3 3 3 3 3 3 3 3 3 3 3 3 3 3 3 3 3 3 3 3 3 3 3 3 3 3 3 
						3 3 3 3 3 3 3 3 3 3 3 3 3 3 3 3 3 3 3 3 3 3 3 3 3 3 3 3 3 3 3 3 3 3 3 3 3 3 3 3 3 3 3 3 3 3 3 3 3 3 3 3 3 3 3 3 3 3 3 3 3 3 3 3 
						3 3 3 3 3 3 3 3 3 3 3 3 3 3 3 3 3 3 3 3 3 3 3 3 3 3 3 3 3 3 3 3 3 3 3 3 3 3 3 3 3 3 3 3 3 3 3 3 3 3 3 3 3 3 3 3 3 3 3 3 3 3 3 3 
						3 3 3 3 3 3 3 3 3 3 3 3 3 3 3 3 3 3 3 3 3 3 3 3 3 3 3 3 3 3 3 3 3 3 3 3 3 3 3 3 3 3 3 3 3 3 3 3 3 3 3 3 3 3 3 3 3 3 3 3 3 3 3 3 
						3 3 3 3 3 3 3 3 3 3 3 3 3 3 3 3 3 3 3 3 3 3 3 3 3 3 3 3 3 3 3 3 3 3 3 3 3 3 3 3 3 3 3 3 3 3 3 3 3 3 3 3 3 3 3 3 3 3 3 3 3 3 3 3 
						3 3 3 3 3 3 3 3 3 3 3 3 3 3 3 3 3 3 3 3 3 3 3 3 3 3 3 3 3 3 3 3 3 3 3 3 3 3 3 3 3 3 3 3 3 3 3 3 3 3 3 3 3 3 3 3 3 3 3 3 3 3 3 3 
						3 3 3 3 3 3 3 3 3 3 3 3 3 3 3 3 3 3 3 3 
					</vcount>
					<p>
						3 0 1 1 2 3 5 3 2 2 4 5 7 5 4 4 6 7 9 7 6 6 8 9 11 9 8 8 10 11 13 11 10 10 12 13 15 13 12 12 14 15 17 15 14 14 16 17 19 17 16 16 18 19 21 19 18 18 20 21 23 21 20 20 22 23 25 23 22 22 24 25 27 25 24 24 26 27 29 27 26 26 28 29 31 29 28 28 30 31 33 31 30 30 32 33 37 34 35 35 36 37 39 37 36 36 38 39 41 39 38 38 40 41 43 41 40 40 42 43 47 44 45 45 46 47 51 48 49 49 50 51 55 52 53 53 54 55 57 55 54 54 56 57 59 57 56 56 58 59 61 59 58 58 60 61 63 61 60 60 62 63 65 63 62 62 64 65 67 65 64 64 66 67 69 67 66 66 68 69 101 70 71 101 71 72 101 72 73 101 73 74 
						101 74 75 101 75 76 101 76 77 101 77 78 101 78 79 101 79 80 101 80 81 101 81 82 101 82 83 101 83 84 101 84 85 101 85 86 101 86 87 101 87 88 101 88 89 101 89 90 101 90 91 101 91 92 101 92 93 101 93 94 101 94 95 101 95 96 101 96 97 101 97 98 101 98 99 99 100 101 103 69 68 68 102 103 0 103 102 102 1 0 107 104 105 105 106 107 111 108 109 109 110 111 113 112 108 108 111 113 115 114 112 112 113 115 117 116 114 114 115 117 119 118 116 116 117 119 121 120 118 118 119 121 123 122 120 120 121 123 125 124 122 122 123 125 127 126 124 124 125 127 129 128 126 126 127 129 131 130 128 128 129 131 133 132 130 130 131 133 135 134 132 132 133 135 137 136 134 134 135 137 139 138 136 136 137 139 141 140 138 138 139 141 
						143 142 140 140 141 143 145 144 142 142 143 145 147 146 144 144 145 147 149 148 146 146 147 149 151 150 148 148 149 151 153 152 150 150 151 153 155 154 152 152 153 155 157 156 154 154 155 157 159 158 156 156 157 159 161 160 158 158 159 161 163 162 160 160 161 163 165 164 162 162 163 165 167 166 164 164 165 167 169 168 166 166 167 169 171 170 168 168 169 171 110 109 170 170 171 110 175 172 173 173 174 175 179 176 177 177 178 179 183 180 181 181 182 183 106 105 184 184 185 106 178 177 186 186 187 178 182 181 188 188 189 182 185 184 190 190 191 185 187 186 192 192 193 187 189 188 194 194 195 189 191 190 196 196 197 191 201 198 199 199 200 201 195 194 202 202 203 195 197 196 204 204 205 197 200 199 206 206 207 200 203 202 208 208 209 203 205 204 180 180 183 205 
						207 206 210 210 211 207 209 208 212 212 213 209 211 210 214 214 215 211 213 212 216 216 217 213 215 214 218 218 219 215 217 216 220 220 221 217 219 218 222 222 223 219 221 220 224 224 225 221 223 222 226 226 227 223 225 224 228 228 229 225 227 226 230 230 231 227 229 228 232 232 233 229 231 230 234 234 235 231 233 232 236 236 237 233 235 234 104 104 107 235 237 236 176 176 179 237 241 238 239 239 240 241 243 242 238 238 241 243 245 244 242 242 243 245 247 246 244 244 245 247 249 248 246 246 247 249 251 250 248 248 249 251 253 252 250 250 251 253 255 254 252 252 253 255 257 256 254 254 255 257 259 258 256 256 257 259 261 260 258 258 259 261 263 262 260 260 261 263 265 264 262 262 263 265 267 266 264 264 265 267 269 268 266 266 267 269 271 270 268 268 269 271 
						273 272 270 270 271 273 275 274 272 272 273 275 277 276 274 274 275 277 279 278 276 276 277 279 281 280 278 278 279 281 283 282 280 280 281 283 285 284 282 282 283 285 287 286 284 284 285 287 289 288 286 286 287 289 291 290 288 288 289 291 293 292 290 290 291 293 295 294 292 292 293 295 297 296 294 294 295 297 299 298 296 296 297 299 301 300 298 298 299 301 240 239 300 300 301 240 305 302 303 303 304 305 309 306 307 307 308 309 174 173 310 310 311 174 308 307 312 312 313 308 311 310 314 314 315 311 313 312 316 316 317 313 315 314 318 318 319 315 317 316 320 320 321 317 319 318 322 322 323 319 321 320 324 324 325 321 329 326 327 327 328 329 323 322 330 330 331 323 325 324 332 332 333 325 328 327 334 334 335 328 331 330 336 336 337 331 333 332 338 338 339 333 
						335 334 340 340 341 335 337 336 342 342 343 337 347 344 345 345 346 347 341 340 348 348 349 341 343 342 350 350 351 343 346 345 352 352 353 346 349 348 354 354 355 349 351 350 326 326 329 351 353 352 356 356 357 353 355 354 358 358 359 355 357 356 360 360 361 357 359 358 362 362 363 359 361 360 364 364 365 361 363 362 366 366 367 363 365 364 172 172 175 365 367 366 306 306 309 367 371 368 369 369 370 371 373 372 368 368 371 373 375 374 372 372 373 375 377 376 374 374 375 377 379 378 376 376 377 379 381 380 378 378 379 381 383 382 380 380 381 383 385 384 382 382 383 385 387 386 384 384 385 387 389 388 386 386 387 389 391 390 388 388 389 391 393 392 390 390 391 393 395 394 392 392 393 395 397 396 394 394 395 397 399 398 396 396 397 399 401 400 398 398 399 401 
						403 402 400 400 401 403 405 404 402 402 403 405 407 406 404 404 405 407 409 408 406 406 407 409 411 410 408 408 409 411 413 412 410 410 411 413 415 414 412 412 413 415 417 416 414 414 415 417 419 418 416 416 417 419 421 420 418 418 419 421 423 422 420 420 421 423 425 424 422 422 423 425 427 426 424 424 425 427 429 428 426 426 427 429 431 430 428 428 429 431 370 369 430 430 431 370 435 432 433 433 434 435 439 436 437 437 438 439 443 440 441 441 442 443 304 303 444 444 445 304 438 437 446 446 447 438 442 441 448 448 449 442 445 444 450 450 451 445 447 446 452 452 453 447 457 454 455 455 456 457 451 450 458 458 459 451 453 452 460 460 461 453 456 455 462 462 463 456 459 458 464 464 465 459 461 460 302 302 305 461 463 462 466 466 467 463 465 464 468 468 469 465 
						467 466 470 470 471 467 469 468 472 472 473 469 471 470 474 474 475 471 473 472 476 476 477 473 475 474 478 478 479 475 477 476 480 480 481 477 479 478 482 482 483 479 481 480 484 484 485 481 483 482 486 486 487 483 485 484 488 488 489 485 487 486 490 490 491 487 489 488 492 492 493 489 491 490 494 494 495 491 493 492 496 496 497 493 495 494 436 436 439 495 497 496 440 440 443 497 501 498 499 499 500 501 503 502 498 498 501 503 505 504 502 502 503 505 507 506 504 504 505 507 509 508 506 506 507 509 511 510 508 508 509 511 513 512 510 510 511 513 515 514 512 512 513 515 517 516 514 514 515 517 519 518 516 516 517 519 521 520 518 518 519 521 523 522 520 520 521 523 525 524 522 522 523 525 527 526 524 524 525 527 529 528 526 526 527 529 531 530 528 528 529 531 
						533 532 530 530 531 533 535 534 532 532 533 535 537 536 534 534 535 537 539 538 536 536 537 539 541 540 538 538 539 541 543 542 540 540 541 543 545 544 542 542 543 545 547 546 544 544 545 547 549 548 546 546 547 549 551 550 548 548 549 551 553 552 550 550 551 553 555 554 552 552 553 555 557 556 554 554 555 557 559 558 556 556 557 559 561 560 558 558 559 561 500 499 560 560 561 500 593 562 563 593 563 564 593 564 565 593 565 566 593 566 567 593 567 568 593 568 569 593 569 570 593 570 571 593 571 572 593 572 573 593 573 574 593 574 575 593 575 576 593 576 577 593 577 578 593 578 579 593 579 580 593 580 581 593 581 582 593 582 583 593 583 584 593 584 585 593 585 586 593 586 587 593 587 588 593 588 589 593 589 590 593 590 591 591 592 593 597 594 595 595 596 597 
						601 598 599 599 600 601 434 433 602 602 603 434 600 599 604 604 605 600 603 602 606 606 607 603 605 604 608 608 609 605 607 606 610 610 611 607 609 608 612 612 613 609 611 610 614 614 615 611 613 612 616 616 617 613 615 614 618 618 619 615 617 616 620 620 621 617 619 618 622 622 623 619 621 620 624 624 625 621 623 622 626 626 627 623 625 624 628 628 629 625 627 626 630 630 631 627 629 628 632 632 633 629 631 630 634 634 635 631 596 595 636 636 637 596 633 632 638 638 639 633 635 634 640 640 641 635 637 636 642 642 643 637 639 638 644 644 645 639 641 640 646 646 647 641 643 642 648 648 649 643 645 644 650 650 651 645 655 652 653 653 654 655 649 648 432 432 435 649 651 650 594 594 597 651 654 653 598 598 601 654 42 656 657 657 43 42 43 657 658 658 659 43 
						661 660 656 656 42 661 659 658 662 662 52 659 53 663 660 660 661 53 52 662 663 663 53 52 667 664 665 665 666 667 669 667 666 666 668 669 673 670 671 671 672 673 677 674 675 675 676 677 676 675 678 678 679 676 683 680 681 681 682 683 
					</p>
				</polylist>
			</mesh>
		</geometry>
		<geometry id="meshId3" name="meshId3_name" >
			<mesh>
				<source id="meshId3-positions" name="meshId3-positions">
					<float_array id="meshId3-positions-array" count="2934"> 
						0.000000 0.221329 -0.025210 0.000000 0.221329 0.025210 0.043179 0.217076 0.025210 0.043179 0.217076 -0.025210 0.084699 0.204481 0.025210 0.084699 0.204481 -0.025210 0.122964 0.184028 0.025210 0.122964 0.184028 -0.025210 0.156503 0.156503 0.025210 0.156503 0.156503 -0.025210 0.184028 0.122964 0.025210 0.184028 0.122964 -0.025210 0.204481 0.084699 0.025210 0.204481 0.084699 -0.025210 0.217076 0.043179 0.025210 0.217076 0.043179 -0.025210 0.221329 0.000000 0.025210 0.221329 0.000000 -0.025210 0.217076 -0.043179 0.025210 0.217076 -0.043179 -0.025210 0.204481 -0.084699 0.025210 0.204481 -0.084699 -0.025210 0.184028 -0.122964 0.025210 0.184028 -0.122964 -0.025210 0.156503 -0.156503 0.025210 0.156503 -0.156503 -0.025210 0.122964 -0.184028 0.025210 0.122964 -0.184028 -0.025210 0.084699 -0.204481 0.025210 0.084699 -0.204481 -0.025210 0.043179 -0.217076 0.025210 0.043179 -0.217076 -0.025210 0.000000 -0.221328 0.025210 0.000000 -0.221328 -0.025210 0.000000 -0.221328 -0.025210 0.000000 -0.221328 0.025210 -0.043179 -0.217076 0.025210 -0.043179 -0.217076 -0.025210 -0.084699 -0.204481 0.025210 -0.084699 -0.204481 -0.025210 -0.122964 -0.184028 0.025210 -0.122964 -0.184028 -0.025210 -0.156503 -0.156503 0.025210 -0.156503 -0.156503 -0.025210 -0.184028 -0.122964 0.025210 -0.184028 -0.122964 -0.025210 -0.204481 -0.084699 0.025210 -0.204481 -0.084699 -0.025210 -0.217076 -0.043179 0.025210 -0.217076 -0.043179 -0.025210 -0.221329 0.000000 0.025210 -0.221329 0.000000 -0.025210 -0.217076 0.043179 0.025210 -0.217076 0.043179 -0.025210 -0.204481 0.084699 0.025210 -0.204481 0.084699 -0.025210 -0.184028 0.122964 0.025210 -0.184028 0.122964 -0.025210 -0.156503 0.156503 0.025210 -0.156503 0.156503 -0.025210 -0.122964 0.184028 0.025210 -0.122964 0.184028 -0.025210 -0.084699 0.204481 0.025210 -0.084699 0.204481 -0.025210 
						0.043179 0.217076 0.025210 0.000000 0.221329 0.025210 -0.043179 0.217076 0.025210 -0.084699 0.204481 0.025210 -0.122964 0.184028 0.025210 -0.156503 0.156503 0.025210 -0.184028 0.122964 0.025210 -0.204481 0.084699 0.025210 -0.217076 0.043179 0.025210 -0.221329 0.000000 0.025210 -0.217076 -0.043179 0.025210 -0.204481 -0.084699 0.025210 -0.184028 -0.122964 0.025210 -0.156503 -0.156503 0.025210 -0.122964 -0.184028 0.025210 -0.084699 -0.204481 0.025210 -0.043179 -0.217076 0.025210 0.000000 -0.221328 0.025210 0.043179 -0.217076 0.025210 0.084699 -0.204481 0.025210 0.122964 -0.184028 0.025210 0.156503 -0.156503 0.025210 0.184028 -0.122964 0.025210 0.204481 -0.084699 0.025210 0.217076 -0.043179 0.025210 0.221329 0.000000 0.025210 0.217076 0.043179 0.025210 0.204481 0.084699 0.025210 0.184028 0.122964 0.025210 0.156503 0.156503 0.025210 0.122964 0.184028 0.025210 0.084699 0.204481 0.025210 -0.043179 0.217076 0.025210 -0.043179 0.217076 -0.025210 0.186530 -0.077263 -0.025210 0.167872 -0.112169 -0.025210 0.167872 -0.112169 0.011992 0.186530 -0.077263 0.011992 0.039389 0.198019 -0.025210 0.000000 0.201899 -0.025210 0.000000 0.221329 -0.025210 0.043179 0.217076 -0.025210 0.077263 0.186530 -0.025210 0.084699 0.204481 -0.025210 0.112169 0.167872 -0.025210 0.122964 0.184028 -0.025210 0.142764 0.142764 -0.025210 0.156503 0.156503 -0.025210 0.167872 0.112169 -0.025210 0.184028 0.122964 -0.025210 0.186530 0.077263 -0.025210 0.204481 0.084699 -0.025210 0.198019 0.039388 -0.025210 0.217076 0.043179 -0.025210 0.201898 0.000000 -0.025210 0.221329 0.000000 -0.025210 0.198019 -0.039388 -0.025210 0.217076 -0.043179 -0.025210 0.186530 -0.077263 -0.025210 0.204481 -0.084699 -0.025210 0.167872 -0.112169 -0.025210 0.184028 -0.122964 -0.025210 0.142764 -0.142764 -0.025210 0.156503 -0.156503 -0.025210 
						0.112169 -0.167872 -0.025210 0.122964 -0.184028 -0.025210 0.077263 -0.186530 -0.025210 0.084699 -0.204481 -0.025210 0.039389 -0.198019 -0.025210 0.043179 -0.217076 -0.025210 0.000000 -0.201898 -0.025210 0.000000 -0.221328 -0.025210 -0.039388 -0.198019 -0.025210 -0.043179 -0.217076 -0.025210 -0.077263 -0.186530 -0.025210 -0.084699 -0.204481 -0.025210 -0.112169 -0.167872 -0.025210 -0.122964 -0.184028 -0.025210 -0.142764 -0.142764 -0.025210 -0.156503 -0.156503 -0.025210 -0.167872 -0.112169 -0.025210 -0.184028 -0.122964 -0.025210 -0.186530 -0.077263 -0.025210 -0.204481 -0.084699 -0.025210 -0.198019 -0.039388 -0.025210 -0.217076 -0.043179 -0.025210 -0.201898 0.000000 -0.025210 -0.221329 0.000000 -0.025210 -0.198019 0.039388 -0.025210 -0.217076 0.043179 -0.025210 -0.186530 0.077263 -0.025210 -0.204481 0.084699 -0.025210 -0.167872 0.112169 -0.025210 -0.184028 0.122964 -0.025210 -0.142764 0.142764 -0.025210 -0.156503 0.156503 -0.025210 -0.112169 0.167872 -0.025210 -0.122964 0.184028 -0.025210 -0.077263 0.186530 -0.025210 -0.084699 0.204481 -0.025210 -0.039388 0.198019 -0.025210 -0.043179 0.217076 -0.025210 0.172426 0.071421 0.011992 0.183046 0.036410 0.011992 0.183046 0.036410 -0.006625 0.172426 0.071421 -0.006625 -0.201898 0.000000 -0.025210 -0.198019 0.039388 -0.025210 -0.198019 0.039388 0.011992 -0.201898 0.000000 0.011992 0.142764 -0.142764 -0.025210 0.142764 -0.142764 0.011992 -0.186530 0.077263 -0.025210 -0.186530 0.077263 0.011992 0.112169 -0.167872 -0.025210 0.112169 -0.167872 0.011992 -0.167872 0.112169 -0.025210 -0.167872 0.112169 0.011992 0.077263 -0.186530 -0.025210 0.077263 -0.186530 0.011992 0.000000 0.201899 -0.025210 0.039389 0.198019 -0.025210 0.039389 0.198019 0.011992 0.000000 0.201899 0.011992 -0.142764 0.142764 -0.025210 -0.142764 0.142764 0.011992 0.039389 -0.198019 -0.025210 0.039389 -0.198019 0.011992 
						0.077263 0.186530 -0.025210 0.077263 0.186530 0.011992 -0.112169 0.167872 -0.025210 -0.112169 0.167872 0.011992 0.000000 -0.201898 -0.025210 0.000000 -0.201898 0.011992 0.112169 0.167872 -0.025210 0.112169 0.167872 0.011992 -0.077263 0.186530 -0.025210 -0.077263 0.186530 0.011992 0.000000 -0.201898 -0.025210 -0.039388 -0.198019 -0.025210 -0.039388 -0.198019 0.011992 0.000000 -0.201898 0.011992 0.142764 0.142764 -0.025210 0.142764 0.142764 0.011992 -0.039388 0.198019 -0.025210 -0.039388 0.198019 0.011992 -0.077263 -0.186530 -0.025210 -0.077263 -0.186530 0.011992 0.167872 0.112169 -0.025210 0.167872 0.112169 0.011992 -0.112169 -0.167872 -0.025210 -0.112169 -0.167872 0.011992 0.186530 0.077263 -0.025210 0.186530 0.077263 0.011992 -0.142764 -0.142764 -0.025210 -0.142764 -0.142764 0.011992 0.198019 0.039388 -0.025210 0.198019 0.039388 0.011992 -0.167872 -0.112169 -0.025210 -0.167872 -0.112169 0.011992 0.201898 0.000000 -0.025210 0.201898 0.000000 0.011992 -0.186530 -0.077263 -0.025210 -0.186530 -0.077263 0.011992 0.198019 -0.039388 -0.025210 0.198019 -0.039388 0.011992 -0.198019 -0.039388 -0.025210 -0.198019 -0.039388 0.011992 0.036410 0.183046 0.011992 0.000000 0.186632 0.011992 0.000000 0.201899 0.011992 0.039389 0.198019 0.011992 0.071421 0.172426 0.011992 0.077263 0.186530 0.011992 0.103687 0.155179 0.011992 0.112169 0.167872 0.011992 0.131969 0.131969 0.011992 0.142764 0.142764 0.011992 0.155179 0.103688 0.011992 0.167872 0.112169 0.011992 0.172426 0.071421 0.011992 0.186530 0.077263 0.011992 0.183046 0.036410 0.011992 0.198019 0.039388 0.011992 0.186632 0.000000 0.011992 0.201898 0.000000 0.011992 0.183046 -0.036410 0.011992 0.198019 -0.039388 0.011992 0.172426 -0.071421 0.011992 0.186530 -0.077263 0.011992 0.155179 -0.103687 0.011992 0.167872 -0.112169 0.011992 
						0.131969 -0.131969 0.011992 0.142764 -0.142764 0.011992 0.103687 -0.155179 0.011992 0.112169 -0.167872 0.011992 0.071421 -0.172426 0.011992 0.077263 -0.186530 0.011992 0.036410 -0.183046 0.011992 0.039389 -0.198019 0.011992 0.000000 -0.186632 0.011992 0.000000 -0.201898 0.011992 -0.036410 -0.183046 0.011992 -0.039388 -0.198019 0.011992 -0.071421 -0.172426 0.011992 -0.077263 -0.186530 0.011992 -0.103687 -0.155179 0.011992 -0.112169 -0.167872 0.011992 -0.131969 -0.131969 0.011992 -0.142764 -0.142764 0.011992 -0.155179 -0.103687 0.011992 -0.167872 -0.112169 0.011992 -0.172426 -0.071421 0.011992 -0.186530 -0.077263 0.011992 -0.183046 -0.036410 0.011992 -0.198019 -0.039388 0.011992 -0.186632 0.000000 0.011992 -0.201898 0.000000 0.011992 -0.183046 0.036410 0.011992 -0.198019 0.039388 0.011992 -0.172426 0.071421 0.011992 -0.186530 0.077263 0.011992 -0.155179 0.103688 0.011992 -0.167872 0.112169 0.011992 -0.131969 0.131969 0.011992 -0.142764 0.142764 0.011992 -0.103687 0.155179 0.011992 -0.112169 0.167872 0.011992 -0.071421 0.172426 0.011992 -0.077263 0.186530 0.011992 -0.036410 0.183046 0.011992 -0.039388 0.198019 0.011992 -0.036410 0.183046 0.011992 0.000000 0.186632 0.011992 0.000000 0.186632 -0.006625 -0.036410 0.183046 -0.006625 -0.131969 -0.131969 0.011992 -0.155179 -0.103687 0.011992 -0.155179 -0.103687 -0.006625 -0.131969 -0.131969 -0.006625 0.186632 0.000000 0.011992 0.186632 0.000000 -0.006625 -0.172426 -0.071421 0.011992 -0.172426 -0.071421 -0.006625 0.183046 -0.036410 0.011992 0.183046 -0.036410 -0.006625 -0.183046 -0.036410 0.011992 -0.183046 -0.036410 -0.006625 0.172426 -0.071421 0.011992 0.172426 -0.071421 -0.006625 -0.186632 0.000000 0.011992 -0.186632 0.000000 -0.006625 0.155179 -0.103687 0.011992 0.155179 -0.103687 -0.006625 -0.183046 0.036410 0.011992 -0.183046 0.036410 -0.006625 
						0.131969 -0.131969 0.011992 0.131969 -0.131969 -0.006625 -0.172426 0.071421 0.011992 -0.172426 0.071421 -0.006625 0.103687 -0.155179 0.011992 0.103687 -0.155179 -0.006625 -0.155179 0.103688 0.011992 -0.155179 0.103688 -0.006625 0.071421 -0.172426 0.011992 0.071421 -0.172426 -0.006625 -0.131969 0.131969 0.011992 -0.131969 0.131969 -0.006625 0.036410 -0.183046 0.011992 0.036410 -0.183046 -0.006625 0.000000 0.165548 -0.027608 0.032297 0.162367 -0.027608 0.063352 0.152946 -0.027608 0.091973 0.137648 -0.027608 0.117060 0.117060 -0.027608 0.137648 0.091973 -0.027608 0.152946 0.063352 -0.027608 0.162367 0.032297 -0.027608 0.165547 0.000000 -0.027608 0.162367 -0.032297 -0.027608 0.152946 -0.063352 -0.027608 0.137648 -0.091973 -0.027608 0.117060 -0.117060 -0.027608 0.091973 -0.137648 -0.027608 0.063352 -0.152946 -0.027608 0.032297 -0.162366 -0.027608 0.000000 -0.165547 -0.027608 -0.032297 -0.162366 -0.027608 -0.063352 -0.152946 -0.027608 -0.091973 -0.137648 -0.027608 -0.117060 -0.117060 -0.027608 -0.137648 -0.091973 -0.027608 -0.152946 -0.063352 -0.027608 -0.162367 -0.032297 -0.027608 -0.165547 0.000000 -0.027608 -0.162367 0.032297 -0.027608 -0.152946 0.063352 -0.027608 -0.137648 0.091973 -0.027608 -0.117060 0.117060 -0.027608 -0.091973 0.137648 -0.027608 -0.063352 0.152946 -0.027608 -0.032297 0.162367 -0.027608 -0.103687 0.155179 0.011992 -0.103687 0.155179 -0.006625 0.000000 -0.186632 0.011992 0.000000 -0.186632 -0.006625 0.071421 0.172426 0.011992 0.103687 0.155179 0.011992 0.103687 0.155179 -0.006625 0.071421 0.172426 -0.006625 -0.071421 0.172426 0.011992 -0.071421 0.172426 -0.006625 0.000000 -0.186632 0.011992 -0.036410 -0.183046 0.011992 -0.036410 -0.183046 -0.006625 0.000000 -0.186632 -0.006625 0.131969 0.131969 0.011992 0.131969 0.131969 -0.006625 -0.071421 -0.172426 0.011992 -0.071421 -0.172426 -0.006625 
						0.155179 0.103688 0.011992 0.155179 0.103688 -0.006625 -0.103687 -0.155179 0.011992 -0.103687 -0.155179 -0.006625 0.036410 0.183046 0.011992 0.036410 0.183046 -0.006625 0.035205 0.176990 -0.021462 0.000000 0.180457 -0.021462 0.000000 0.180457 -0.021462 0.035205 0.176990 -0.021462 0.032297 0.162367 -0.027608 0.000000 0.165548 -0.027608 0.069058 0.166720 -0.021462 0.069058 0.166720 -0.021462 0.063352 0.152946 -0.027608 0.100256 0.150044 -0.021462 0.100256 0.150044 -0.021462 0.091973 0.137648 -0.027608 0.127602 0.127602 -0.021462 0.127602 0.127602 -0.021462 0.117060 0.117060 -0.027608 0.150044 0.100256 -0.021462 0.150044 0.100256 -0.021462 0.137648 0.091973 -0.027608 0.166720 0.069058 -0.021462 0.166720 0.069058 -0.021462 0.152946 0.063352 -0.027608 0.176989 0.035205 -0.021462 0.176989 0.035205 -0.021462 0.162367 0.032297 -0.027608 0.180457 0.000000 -0.021462 0.180457 0.000000 -0.021462 0.165547 0.000000 -0.027608 0.176989 -0.035205 -0.021462 0.176989 -0.035205 -0.021462 0.162367 -0.032297 -0.027608 0.166720 -0.069058 -0.021462 0.166720 -0.069058 -0.021462 0.152946 -0.063352 -0.027608 0.150044 -0.100256 -0.021462 0.150044 -0.100256 -0.021462 0.137648 -0.091973 -0.027608 0.127602 -0.127602 -0.021462 0.127602 -0.127602 -0.021462 0.117060 -0.117060 -0.027608 0.100256 -0.150044 -0.021462 0.100256 -0.150044 -0.021462 0.091973 -0.137648 -0.027608 0.069058 -0.166720 -0.021462 0.069058 -0.166720 -0.021462 0.063352 -0.152946 -0.027608 0.035205 -0.176989 -0.021462 0.035205 -0.176989 -0.021462 0.032297 -0.162366 -0.027608 0.000000 -0.180457 -0.021462 0.000000 -0.180457 -0.021462 0.000000 -0.165547 -0.027608 -0.035205 -0.176989 -0.021462 0.000000 -0.180457 -0.021462 0.000000 -0.180457 -0.021462 -0.035205 -0.176989 -0.021462 -0.032297 -0.162366 -0.027608 0.000000 -0.165547 -0.027608 -0.069058 -0.166720 -0.021462 
						-0.069058 -0.166720 -0.021462 -0.063352 -0.152946 -0.027608 -0.100256 -0.150044 -0.021462 -0.100256 -0.150044 -0.021462 -0.091973 -0.137648 -0.027608 -0.127602 -0.127602 -0.021462 -0.127602 -0.127602 -0.021462 -0.117060 -0.117060 -0.027608 -0.150044 -0.100256 -0.021462 -0.150044 -0.100256 -0.021462 -0.137648 -0.091973 -0.027608 -0.166720 -0.069058 -0.021462 -0.166720 -0.069058 -0.021462 -0.152946 -0.063352 -0.027608 -0.176989 -0.035205 -0.021462 -0.176989 -0.035205 -0.021462 -0.162367 -0.032297 -0.027608 -0.180457 0.000000 -0.021462 -0.180457 0.000000 -0.021462 -0.165547 0.000000 -0.027608 -0.176989 0.035205 -0.021462 -0.176989 0.035205 -0.021462 -0.162367 0.032297 -0.027608 -0.166720 0.069058 -0.021462 -0.166720 0.069058 -0.021462 -0.152946 0.063352 -0.027608 -0.150044 0.100256 -0.021462 -0.150044 0.100256 -0.021462 -0.137648 0.091973 -0.027608 -0.127602 0.127602 -0.021462 -0.127602 0.127602 -0.021462 -0.117060 0.117060 -0.027608 -0.100256 0.150044 -0.021462 -0.100256 0.150044 -0.021462 -0.091973 0.137648 -0.027608 -0.069058 0.166720 -0.021462 -0.069058 0.166720 -0.021462 -0.063352 0.152946 -0.027608 -0.035205 0.176990 -0.021462 -0.035205 0.176990 -0.021462 -0.032297 0.162367 -0.027608 0.000000 0.989674 0.522488 0.000000 0.989674 0.484504 -0.032530 0.986470 0.484504 -0.032530 0.986470 0.522488 -0.063810 0.976982 0.484504 -0.063810 0.976982 0.522488 -0.092638 0.961573 0.484504 -0.092637 0.961573 0.522488 -0.117905 0.940836 0.484504 -0.117905 0.940836 0.522488 -0.138642 0.915569 0.484504 -0.138642 0.915569 0.522488 -0.154050 0.886741 0.484504 -0.154050 0.886741 0.522488 -0.163539 0.855461 0.484504 -0.163539 0.855461 0.522488 -0.166743 0.822931 0.484504 -0.166743 0.822931 0.522488 -0.163539 0.790401 0.484504 -0.163539 0.790401 0.522488 -0.154050 0.759121 0.484504 -0.154050 0.759121 0.522488 -0.138642 0.730293 0.484504 
						-0.138642 0.730293 0.522488 -0.117905 0.705026 0.484504 -0.117905 0.705026 0.522488 -0.092637 0.684289 0.484504 -0.092637 0.684289 0.522488 -0.063810 0.668880 0.484504 -0.063810 0.668880 0.522488 -0.032530 0.659392 0.484504 -0.032530 0.659392 0.522488 0.000000 0.656188 0.484504 0.000000 0.656188 0.522488 0.000000 0.656188 0.522488 0.000000 0.656188 0.484504 0.032530 0.659392 0.484504 0.032530 0.659392 0.522488 0.063810 0.668880 0.484504 0.063810 0.668880 0.522488 0.092638 0.684289 0.484504 0.092638 0.684289 0.522488 0.117905 0.705026 0.484504 0.117905 0.705026 0.522488 0.138642 0.730293 0.484504 0.138642 0.730293 0.522488 0.154051 0.759121 0.484504 0.154051 0.759121 0.522488 0.163539 0.790401 0.484504 0.163539 0.790401 0.522488 0.166743 0.822931 0.484504 0.166743 0.822931 0.522488 0.163539 0.855461 0.484504 0.163539 0.855461 0.522488 0.154051 0.886741 0.484504 0.154051 0.886741 0.522488 0.138642 0.915568 0.484504 0.138642 0.915568 0.522488 0.117905 0.940836 0.484504 0.117905 0.940836 0.522488 0.092638 0.961573 0.484504 0.092638 0.961573 0.522488 0.063810 0.976982 0.484504 0.063810 0.976982 0.522488 -0.032530 0.986470 0.484504 0.000000 0.989674 0.484504 0.032530 0.986470 0.484504 0.063810 0.976982 0.484504 0.092638 0.961573 0.484504 0.117905 0.940836 0.484504 0.138642 0.915568 0.484504 0.154051 0.886741 0.484504 0.163539 0.855461 0.484504 0.166743 0.822931 0.484504 0.163539 0.790401 0.484504 0.154051 0.759121 0.484504 0.138642 0.730293 0.484504 0.117905 0.705026 0.484504 0.092638 0.684289 0.484504 0.063810 0.668880 0.484504 0.032530 0.659392 0.484504 0.000000 0.656188 0.484504 -0.032530 0.659392 0.484504 -0.063810 0.668880 0.484504 -0.092637 0.684289 0.484504 -0.117905 0.705026 0.484504 -0.138642 0.730293 0.484504 
						-0.154050 0.759121 0.484504 -0.163539 0.790401 0.484504 -0.166743 0.822931 0.484504 -0.163539 0.855461 0.484504 -0.154050 0.886741 0.484504 -0.138642 0.915569 0.484504 -0.117905 0.940836 0.484504 -0.092638 0.961573 0.484504 -0.063810 0.976982 0.484504 0.032530 0.986470 0.484504 0.032530 0.986470 0.522488 -0.140527 0.764723 0.522488 -0.126471 0.738426 0.522488 -0.126471 0.738426 0.494462 -0.140527 0.764723 0.494462 -0.029674 0.972113 0.522488 0.000000 0.975036 0.522488 0.000000 0.989674 0.522488 -0.032530 0.986470 0.522488 -0.058208 0.963458 0.522488 -0.063810 0.976982 0.522488 -0.084505 0.949402 0.522488 -0.092637 0.961573 0.522488 -0.107554 0.930485 0.522488 -0.117905 0.940836 0.522488 -0.126471 0.907436 0.522488 -0.138642 0.915569 0.522488 -0.140527 0.881139 0.522488 -0.154050 0.886741 0.522488 -0.149182 0.852605 0.522488 -0.163539 0.855461 0.522488 -0.152105 0.822931 0.522488 -0.166743 0.822931 0.522488 -0.149182 0.793257 0.522488 -0.163539 0.790401 0.522488 -0.140527 0.764723 0.522488 -0.154050 0.759121 0.522488 -0.126471 0.738426 0.522488 -0.138642 0.730293 0.522488 -0.107554 0.715376 0.522488 -0.117905 0.705026 0.522488 -0.084505 0.696460 0.522488 -0.092637 0.684289 0.522488 -0.058208 0.682404 0.522488 -0.063810 0.668880 0.522488 -0.029674 0.673749 0.522488 -0.032530 0.659392 0.522488 0.000000 0.670826 0.522488 0.000000 0.656188 0.522488 0.029674 0.673749 0.522488 0.032530 0.659392 0.522488 0.058208 0.682404 0.522488 0.063810 0.668880 0.522488 0.084505 0.696460 0.522488 0.092638 0.684289 0.522488 0.107554 0.715376 0.522488 0.117905 0.705026 0.522488 0.126471 0.738426 0.522488 0.138642 0.730293 0.522488 0.140527 0.764723 0.522488 0.154051 0.759121 0.522488 0.149182 0.793257 0.522488 0.163539 0.790401 0.522488 0.152105 0.822931 0.522488 
						0.166743 0.822931 0.522488 0.149182 0.852605 0.522488 0.163539 0.855461 0.522488 0.140527 0.881139 0.522488 0.154051 0.886741 0.522488 0.126471 0.907436 0.522488 0.138642 0.915568 0.522488 0.107554 0.930485 0.522488 0.117905 0.940836 0.522488 0.084505 0.949402 0.522488 0.092638 0.961573 0.522488 0.058208 0.963458 0.522488 0.063810 0.976982 0.522488 0.029674 0.972113 0.522488 0.032530 0.986470 0.522488 -0.129901 0.876738 0.494462 -0.137902 0.850361 0.494462 -0.137902 0.850361 0.508487 -0.129901 0.876738 0.508487 0.152105 0.822931 0.522488 0.149182 0.852605 0.522488 0.149182 0.852605 0.494461 0.152105 0.822931 0.494461 -0.107554 0.715376 0.522488 -0.107554 0.715376 0.494462 0.140527 0.881139 0.522488 0.140527 0.881139 0.494461 -0.084505 0.696460 0.522488 -0.084505 0.696460 0.494462 0.126471 0.907436 0.522488 0.126471 0.907436 0.494461 -0.058208 0.682404 0.522488 -0.058208 0.682404 0.494462 0.000000 0.975036 0.522488 -0.029674 0.972113 0.522488 -0.029674 0.972113 0.494462 0.000000 0.975036 0.494462 0.107554 0.930485 0.522488 0.107554 0.930485 0.494461 -0.029674 0.673749 0.522488 -0.029674 0.673749 0.494462 -0.058208 0.963458 0.522488 -0.058208 0.963458 0.494462 0.084505 0.949402 0.522488 0.084505 0.949402 0.494461 0.000000 0.670826 0.522488 0.000000 0.670826 0.494462 -0.084505 0.949402 0.522488 -0.084505 0.949402 0.494462 0.058208 0.963458 0.522488 0.058208 0.963458 0.494461 0.000000 0.670826 0.522488 0.029674 0.673749 0.522488 0.029674 0.673749 0.494462 0.000000 0.670826 0.494462 -0.107554 0.930485 0.522488 -0.107554 0.930485 0.494462 0.029674 0.972113 0.522488 0.029674 0.972113 0.494462 0.058208 0.682404 0.522488 0.058208 0.682404 0.494462 -0.126471 0.907436 0.522488 -0.126471 0.907436 0.494462 0.084505 0.696460 0.522488 
						0.084505 0.696460 0.494462 -0.140527 0.881139 0.522488 -0.140527 0.881139 0.494462 0.107554 0.715376 0.522488 0.107554 0.715376 0.494462 -0.149182 0.852605 0.522488 -0.149182 0.852605 0.494462 0.126471 0.738426 0.522488 0.126471 0.738426 0.494461 -0.152105 0.822931 0.522488 -0.152105 0.822931 0.494462 0.140527 0.764723 0.522488 0.140527 0.764723 0.494461 -0.149182 0.793257 0.522488 -0.149182 0.793257 0.494462 0.149182 0.793257 0.522488 0.149182 0.793257 0.494461 -0.027430 0.960833 0.494462 0.000000 0.963535 0.494462 0.000000 0.975036 0.494462 -0.029674 0.972113 0.494462 -0.053807 0.952832 0.494462 -0.058208 0.963458 0.494462 -0.078115 0.939839 0.494462 -0.084505 0.949402 0.494462 -0.099422 0.922353 0.494462 -0.107554 0.930485 0.494462 -0.116908 0.901046 0.494462 -0.126471 0.907436 0.494462 -0.129901 0.876738 0.494462 -0.140527 0.881139 0.494462 -0.137902 0.850361 0.494462 -0.149182 0.852605 0.494462 -0.140604 0.822931 0.494462 -0.152105 0.822931 0.494462 -0.137902 0.795500 0.494462 -0.149182 0.793257 0.494462 -0.129901 0.769124 0.494462 -0.140527 0.764723 0.494462 -0.116908 0.744816 0.494462 -0.126471 0.738426 0.494462 -0.099422 0.723509 0.494462 -0.107554 0.715376 0.494462 -0.078115 0.706023 0.494462 -0.084505 0.696460 0.494462 -0.053807 0.693030 0.494462 -0.058208 0.682404 0.494462 -0.027430 0.685029 0.494462 -0.029674 0.673749 0.494462 0.000000 0.682327 0.494462 0.000000 0.670826 0.494462 0.027430 0.685029 0.494462 0.029674 0.673749 0.494462 0.053807 0.693030 0.494462 0.058208 0.682404 0.494462 0.078115 0.706023 0.494462 0.084505 0.696460 0.494462 0.099422 0.723509 0.494462 0.107554 0.715376 0.494462 0.116908 0.744816 0.494461 0.126471 0.738426 0.494461 0.129901 0.769124 0.494461 0.140527 0.764723 0.494461 0.137902 0.795500 0.494461 
						0.149182 0.793257 0.494461 0.140604 0.822931 0.494461 0.152105 0.822931 0.494461 0.137902 0.850361 0.494461 0.149182 0.852605 0.494461 0.129901 0.876738 0.494461 0.140527 0.881139 0.494461 0.116908 0.901046 0.494461 0.126471 0.907436 0.494461 0.099422 0.922353 0.494461 0.107554 0.930485 0.494461 0.078115 0.939839 0.494461 0.084505 0.949402 0.494461 0.053807 0.952832 0.494461 0.058208 0.963458 0.494461 0.027430 0.960833 0.494462 0.029674 0.972113 0.494462 0.027430 0.960833 0.494462 0.000000 0.963535 0.494462 0.000000 0.963535 0.508487 0.027430 0.960833 0.508487 0.099422 0.723509 0.494462 0.116908 0.744816 0.494461 0.116908 0.744816 0.508487 0.099422 0.723509 0.508487 -0.140604 0.822931 0.494462 -0.140604 0.822931 0.508487 0.129901 0.769124 0.494461 0.129901 0.769124 0.508487 -0.137902 0.795500 0.494462 -0.137902 0.795500 0.508487 0.137902 0.795500 0.494461 0.137902 0.795500 0.508487 -0.129901 0.769124 0.494462 -0.129901 0.769124 0.508487 0.140604 0.822931 0.494461 0.140604 0.822931 0.508487 -0.116908 0.744816 0.494462 -0.116908 0.744816 0.508487 0.137902 0.850361 0.494461 0.137902 0.850361 0.508487 -0.099422 0.723509 0.494462 -0.099422 0.723509 0.508487 0.129901 0.876738 0.494461 0.129901 0.876738 0.508487 -0.078115 0.706023 0.494462 -0.078115 0.706023 0.508487 0.116908 0.901046 0.494461 0.116908 0.901046 0.508487 -0.053807 0.693030 0.494462 -0.053807 0.693030 0.508487 0.099422 0.922353 0.494461 0.099422 0.922353 0.508487 -0.027430 0.685029 0.494462 -0.027430 0.685029 0.508487 0.000000 0.947650 0.524295 -0.024331 0.945254 0.524295 -0.047728 0.938156 0.524295 -0.069290 0.926631 0.524295 -0.088190 0.911120 0.524295 -0.103700 0.892221 0.524295 -0.115225 0.870659 0.524295 -0.122323 0.847262 0.524295 -0.124719 0.822931 0.524295 
						-0.122323 0.798600 0.524295 -0.115225 0.775203 0.524295 -0.103700 0.753641 0.524295 -0.088190 0.734741 0.524295 -0.069290 0.719231 0.524295 -0.047728 0.707705 0.524295 -0.024331 0.700608 0.524295 0.000000 0.698212 0.524295 0.024331 0.700608 0.524295 0.047728 0.707705 0.524295 0.069290 0.719231 0.524295 0.088190 0.734741 0.524295 0.103700 0.753641 0.524295 0.115225 0.775203 0.524295 0.122323 0.798600 0.524295 0.124719 0.822931 0.524295 0.122323 0.847262 0.524295 0.115225 0.870659 0.524295 0.103700 0.892221 0.524295 0.088190 0.911120 0.524295 0.069290 0.926631 0.524295 0.047728 0.938156 0.524295 0.024331 0.945254 0.524295 0.078115 0.939839 0.494461 0.078115 0.939839 0.508487 0.000000 0.682327 0.494462 0.000000 0.682327 0.508487 -0.053807 0.952832 0.494462 -0.078115 0.939839 0.494462 -0.078115 0.939839 0.508487 -0.053807 0.952832 0.508487 0.053807 0.952832 0.494461 0.053807 0.952832 0.508487 0.000000 0.682327 0.494462 0.027430 0.685029 0.494462 0.027430 0.685029 0.508487 0.000000 0.682327 0.508487 -0.099422 0.922353 0.494462 -0.099422 0.922353 0.508487 0.053807 0.693030 0.494462 0.053807 0.693030 0.508487 -0.116908 0.901046 0.494462 -0.116908 0.901046 0.508487 0.078115 0.706023 0.494462 0.078115 0.706023 0.508487 -0.027430 0.960833 0.494462 -0.027430 0.960833 0.508487 -0.026523 0.956270 0.519665 0.000000 0.958882 0.519665 0.000000 0.958882 0.519665 -0.026523 0.956270 0.519665 -0.024331 0.945254 0.524295 0.000000 0.947650 0.524295 -0.052026 0.948533 0.519665 -0.052026 0.948533 0.519665 -0.047728 0.938156 0.524295 -0.075530 0.935970 0.519665 -0.075530 0.935970 0.519665 -0.069290 0.926631 0.524295 -0.096132 0.919063 0.519665 -0.096132 0.919063 0.519665 -0.088190 0.911120 0.524295 -0.113039 0.898461 0.519665 -0.113039 0.898461 0.519665 
						-0.103700 0.892221 0.524295 -0.125603 0.874957 0.519665 -0.125603 0.874957 0.519665 -0.115225 0.870659 0.524295 -0.133339 0.849454 0.519665 -0.133339 0.849454 0.519665 -0.122323 0.847262 0.524295 -0.135951 0.822931 0.519665 -0.135951 0.822931 0.519665 -0.124719 0.822931 0.524295 -0.133339 0.796408 0.519665 -0.133339 0.796408 0.519665 -0.122323 0.798600 0.524295 -0.125603 0.770905 0.519665 -0.125603 0.770905 0.519665 -0.115225 0.775203 0.524295 -0.113039 0.747400 0.519665 -0.113039 0.747400 0.519665 -0.103700 0.753641 0.524295 -0.096132 0.726799 0.519665 -0.096132 0.726799 0.519665 -0.088190 0.734741 0.524295 -0.075530 0.709891 0.519665 -0.075530 0.709891 0.519665 -0.069290 0.719231 0.524295 -0.052026 0.697328 0.519665 -0.052026 0.697328 0.519665 -0.047728 0.707705 0.524295 -0.026523 0.689592 0.519665 -0.026523 0.689592 0.519665 -0.024331 0.700608 0.524295 0.000000 0.686980 0.519665 0.000000 0.686980 0.519665 0.000000 0.698212 0.524295 0.026523 0.689592 0.519665 0.000000 0.686980 0.519665 0.000000 0.686980 0.519665 0.026523 0.689592 0.519665 0.024331 0.700608 0.524295 0.000000 0.698212 0.524295 0.052026 0.697328 0.519665 0.052026 0.697328 0.519665 0.047728 0.707705 0.524295 0.075531 0.709891 0.519665 0.075531 0.709891 0.519665 0.069290 0.719231 0.524295 0.096132 0.726799 0.519665 0.096132 0.726799 0.519665 0.088190 0.734741 0.524295 0.113039 0.747400 0.519665 0.113039 0.747400 0.519665 0.103700 0.753641 0.524295 0.125603 0.770905 0.519665 0.125603 0.770905 0.519665 0.115225 0.775203 0.524295 0.133339 0.796408 0.519665 0.133339 0.796408 0.519665 0.122323 0.798600 0.524295 0.135951 0.822931 0.519665 0.135951 0.822931 0.519665 0.124719 0.822931 0.524295 0.133339 0.849454 0.519665 0.133339 0.849454 0.519665 0.122323 0.847262 0.524295 
						0.125603 0.874957 0.519665 0.125603 0.874957 0.519665 0.115225 0.870659 0.524295 0.113040 0.898461 0.519665 0.113040 0.898461 0.519665 0.103700 0.892221 0.524295 0.096132 0.919063 0.519665 0.096132 0.919063 0.519665 0.088190 0.911120 0.524295 0.075531 0.935970 0.519665 0.075531 0.935970 0.519665 0.069290 0.926631 0.524295 0.052026 0.948533 0.519665 0.052026 0.948533 0.519665 0.047728 0.938156 0.524295 0.026523 0.956270 0.519665 0.026523 0.956270 0.519665 0.024331 0.945254 0.524295 
					</float_array>
					<technique_common>
						<accessor count="978" offset="0" source="#meshId3-positions-array" stride="3">
							<param name="X" type="float" />
							<param name="Y" type="float" />
							<param name="Z" type="float" />
						</accessor>
					</technique_common>
				</source>
				<source id="meshId3-normals" name="meshId3-normals">
					<float_array id="meshId3-normals-array" count="2934"> 
						0.000000 1.000000 0.000000 0.000000 1.000000 0.000000 0.195090 0.980785 0.000000 0.195090 0.980785 0.000000 0.382683 0.923880 0.000000 0.382683 0.923880 0.000000 0.555570 0.831469 0.000000 0.555570 0.831469 0.000000 0.707107 0.707107 0.000000 0.707107 0.707107 0.000000 0.831469 0.555570 0.000000 0.831469 0.555570 0.000000 0.923880 0.382683 0.000000 0.923880 0.382683 0.000000 0.980785 0.195090 0.000000 0.980785 0.195090 0.000000 1.000000 -0.000000 -0.000000 1.000000 -0.000000 -0.000000 0.980785 -0.195090 0.000000 0.980785 -0.195090 0.000000 0.923880 -0.382683 0.000000 0.923880 -0.382683 0.000000 0.831469 -0.555570 0.000000 0.831469 -0.555570 0.000000 0.707107 -0.707107 0.000000 0.707107 -0.707107 0.000000 0.555570 -0.831470 -0.000000 0.555570 -0.831470 -0.000000 0.382683 -0.923880 -0.000000 0.382683 -0.923880 -0.000000 0.195090 -0.980785 -0.000000 0.195090 -0.980785 -0.000000 -0.000000 -1.000000 -0.000000 -0.000000 -1.000000 -0.000000 -0.000000 -1.000000 -0.000000 -0.000000 -1.000000 -0.000000 -0.195090 -0.980785 -0.000000 -0.195090 -0.980785 -0.000000 -0.382684 -0.923880 -0.000000 -0.382684 -0.923880 -0.000000 -0.555570 -0.831470 0.000000 -0.555570 -0.831470 0.000000 -0.707107 -0.707107 -0.000000 -0.707107 -0.707107 -0.000000 -0.831469 -0.555571 -0.000000 -0.831469 -0.555571 -0.000000 -0.923880 -0.382683 -0.000000 -0.923880 -0.382683 -0.000000 -0.980785 -0.195090 0.000000 -0.980785 -0.195090 0.000000 -1.000000 0.000000 0.000000 -1.000000 0.000000 0.000000 -0.980785 0.195090 0.000000 -0.980785 0.195090 0.000000 -0.923880 0.382684 0.000000 -0.923880 0.382684 0.000000 -0.831470 0.555570 0.000000 -0.831470 0.555570 0.000000 -0.707107 0.707107 0.000000 -0.707107 0.707107 0.000000 -0.555570 0.831470 0.000000 -0.555570 0.831470 0.000000 -0.382683 0.923880 0.000000 -0.382683 0.923880 0.000000 
						-0.000000 -0.000000 1.000000 -0.000000 -0.000000 1.000000 -0.000000 -0.000000 1.000000 -0.000000 -0.000000 1.000000 -0.000000 -0.000000 1.000000 -0.000000 -0.000000 1.000000 -0.000000 -0.000000 1.000000 -0.000000 -0.000000 1.000000 -0.000000 -0.000000 1.000000 -0.000000 -0.000000 1.000000 -0.000000 -0.000000 1.000000 -0.000000 -0.000000 1.000000 -0.000000 -0.000000 1.000000 -0.000000 -0.000000 1.000000 -0.000000 -0.000000 1.000000 -0.000000 -0.000000 1.000000 -0.000000 -0.000000 1.000000 -0.000000 -0.000000 1.000000 -0.000000 -0.000000 1.000000 -0.000000 -0.000000 1.000000 -0.000000 -0.000000 1.000000 -0.000000 -0.000000 1.000000 -0.000000 -0.000000 1.000000 -0.000000 -0.000000 1.000000 -0.000000 -0.000000 1.000000 -0.000000 -0.000000 1.000000 -0.000000 -0.000000 1.000000 -0.000000 -0.000000 1.000000 -0.000000 -0.000000 1.000000 -0.000000 -0.000000 1.000000 -0.000000 -0.000000 1.000000 -0.000000 -0.000000 1.000000 -0.195090 0.980785 0.000000 -0.195090 0.980785 0.000000 -0.923880 0.382683 0.000000 -0.831469 0.555570 0.000000 -0.831469 0.555570 0.000000 -0.923880 0.382683 0.000000 0.000000 0.000000 -1.000000 -0.000000 0.000000 -1.000000 -0.000000 0.000000 -1.000000 0.000000 0.000000 -1.000000 0.000000 0.000000 -1.000000 0.000000 0.000000 -1.000000 -0.000000 0.000000 -1.000000 -0.000000 0.000000 -1.000000 -0.000000 0.000000 -1.000000 -0.000000 0.000000 -1.000000 -0.000000 0.000000 -1.000000 -0.000000 0.000000 -1.000000 0.000000 0.000000 -1.000000 0.000000 0.000000 -1.000000 -0.000000 0.000000 -1.000000 -0.000000 0.000000 -1.000000 -0.000000 0.000000 -1.000000 -0.000000 0.000000 -1.000000 0.000000 0.000000 -1.000000 0.000000 0.000000 -1.000000 0.000000 0.000000 -1.000000 0.000000 0.000000 -1.000000 0.000000 0.000000 -1.000000 0.000000 0.000000 -1.000000 0.000000 0.000000 -1.000000 0.000000 0.000000 -1.000000 
						-0.000000 0.000000 -1.000000 -0.000000 0.000000 -1.000000 -0.000000 0.000000 -1.000000 -0.000000 0.000000 -1.000000 -0.000000 0.000000 -1.000000 -0.000000 0.000000 -1.000000 -0.000000 0.000000 -1.000000 -0.000000 0.000000 -1.000000 -0.000000 0.000000 -1.000000 -0.000000 0.000000 -1.000000 -0.000000 0.000000 -1.000000 -0.000000 0.000000 -1.000000 -0.000000 0.000000 -1.000000 -0.000000 0.000000 -1.000000 0.000000 0.000000 -1.000000 0.000000 0.000000 -1.000000 0.000000 0.000000 -1.000000 0.000000 0.000000 -1.000000 0.000000 0.000000 -1.000000 0.000000 0.000000 -1.000000 0.000000 0.000000 -1.000000 0.000000 0.000000 -1.000000 0.000000 0.000000 -1.000000 0.000000 0.000000 -1.000000 0.000000 0.000000 -1.000000 0.000000 0.000000 -1.000000 0.000000 0.000000 -1.000000 0.000000 0.000000 -1.000000 0.000000 0.000000 -1.000000 0.000000 0.000000 -1.000000 0.000000 0.000000 -1.000000 0.000000 0.000000 -1.000000 0.000000 0.000000 -1.000000 0.000000 0.000000 -1.000000 0.000000 0.000000 -1.000000 0.000000 0.000000 -1.000000 -0.000000 0.000000 -1.000000 -0.000000 0.000000 -1.000000 0.923880 0.382684 0.000000 0.980785 0.195090 0.000000 0.962226 0.191399 -0.193619 0.906397 0.375442 -0.193620 1.000000 0.000000 0.000000 0.980785 -0.195091 0.000000 0.980785 -0.195091 0.000000 1.000000 0.000000 0.000000 -0.707107 0.707107 0.000000 -0.707107 0.707107 0.000000 0.923879 -0.382684 0.000000 0.923879 -0.382684 0.000000 -0.555570 0.831470 0.000000 -0.555570 0.831470 0.000000 0.831470 -0.555570 -0.000000 0.831470 -0.555570 -0.000000 -0.382684 0.923880 0.000000 -0.382684 0.923880 0.000000 0.000000 -1.000000 -0.000000 -0.195091 -0.980785 -0.000000 -0.195091 -0.980785 -0.000000 0.000000 -1.000000 -0.000000 0.707107 -0.707107 -0.000000 0.707107 -0.707107 -0.000000 -0.195090 0.980785 0.000000 -0.195090 0.980785 0.000000 
						-0.382684 -0.923880 -0.000000 -0.382684 -0.923880 -0.000000 0.555570 -0.831470 0.000000 0.555570 -0.831470 0.000000 0.000000 1.000000 0.000000 0.000000 1.000000 0.000000 -0.555570 -0.831470 -0.000000 -0.555570 -0.831470 -0.000000 0.382683 -0.923880 -0.000000 0.382683 -0.923880 -0.000000 0.000000 1.000000 0.000000 0.195091 0.980785 0.000000 0.195091 0.980785 0.000000 0.000000 1.000000 0.000000 -0.707107 -0.707107 0.000000 -0.707107 -0.707107 0.000000 0.195090 -0.980785 -0.000000 0.195090 -0.980785 -0.000000 0.382684 0.923879 0.000000 0.382684 0.923879 0.000000 -0.831470 -0.555570 -0.000000 -0.831470 -0.555570 -0.000000 0.555570 0.831470 0.000000 0.555570 0.831470 0.000000 -0.923880 -0.382684 -0.000000 -0.923880 -0.382684 -0.000000 0.707107 0.707107 0.000000 0.707107 0.707107 0.000000 -0.980785 -0.195090 -0.000000 -0.980785 -0.195090 -0.000000 0.831469 0.555570 0.000000 0.831469 0.555570 0.000000 -1.000000 0.000000 0.000000 -1.000000 0.000000 0.000000 0.923880 0.382684 0.000000 0.923880 0.382684 0.000000 -0.980785 0.195090 0.000000 -0.980785 0.195090 0.000000 0.980785 0.195090 0.000000 0.980785 0.195090 0.000000 -0.000000 0.000000 -1.000000 -0.000000 0.000000 -1.000000 -0.000000 0.000000 -1.000000 -0.000000 0.000000 -1.000000 0.000000 0.000000 -1.000000 0.000000 0.000000 -1.000000 -0.000000 0.000000 -1.000000 -0.000000 0.000000 -1.000000 0.000000 0.000000 -1.000000 0.000000 0.000000 -1.000000 0.000000 0.000000 -1.000000 0.000000 0.000000 -1.000000 -0.000000 0.000000 -1.000000 -0.000000 0.000000 -1.000000 -0.000000 0.000000 -1.000000 -0.000000 0.000000 -1.000000 -0.000000 0.000000 -1.000000 -0.000000 0.000000 -1.000000 -0.000000 0.000000 -1.000000 -0.000000 0.000000 -1.000000 0.000000 0.000000 -1.000000 0.000000 0.000000 -1.000000 0.000000 0.000000 -1.000000 0.000000 0.000000 -1.000000 
						0.000000 0.000000 -1.000000 0.000000 0.000000 -1.000000 -0.000000 0.000000 -1.000000 -0.000000 0.000000 -1.000000 -0.000000 0.000000 -1.000000 -0.000000 0.000000 -1.000000 0.000000 0.000000 -1.000000 0.000000 0.000000 -1.000000 -0.000000 0.000000 -1.000000 -0.000000 0.000000 -1.000000 -0.000000 0.000000 -1.000000 -0.000000 0.000000 -1.000000 0.000000 0.000000 -1.000000 0.000000 0.000000 -1.000000 0.000000 0.000000 -1.000000 0.000000 0.000000 -1.000000 0.000000 0.000000 -1.000000 0.000000 0.000000 -1.000000 0.000000 0.000000 -1.000000 0.000000 0.000000 -1.000000 0.000000 0.000000 -1.000000 0.000000 0.000000 -1.000000 0.000000 0.000000 -1.000000 0.000000 0.000000 -1.000000 0.000000 0.000000 -1.000000 0.000000 0.000000 -1.000000 0.000000 0.000000 -1.000000 0.000000 0.000000 -1.000000 0.000000 0.000000 -1.000000 0.000000 0.000000 -1.000000 0.000000 0.000000 -1.000000 0.000000 0.000000 -1.000000 0.000000 0.000000 -1.000000 0.000000 0.000000 -1.000000 0.000000 0.000000 -1.000000 0.000000 0.000000 -1.000000 -0.000000 0.000000 -1.000000 -0.000000 0.000000 -1.000000 -0.000000 0.000000 -1.000000 -0.000000 0.000000 -1.000000 -0.195090 0.980785 0.000000 -0.000000 1.000000 0.000000 0.000000 0.981077 -0.193619 -0.191398 0.962226 -0.193619 -0.707107 -0.707107 -0.000000 -0.831469 -0.555571 0.000000 -0.815735 -0.545057 -0.193620 -0.693726 -0.693726 -0.193619 1.000000 -0.000000 -0.000000 0.981077 0.000000 -0.193619 -0.923880 -0.382684 -0.000000 -0.906397 -0.375442 -0.193620 0.980785 -0.195090 0.000000 0.962226 -0.191398 -0.193619 -0.980785 -0.195090 0.000000 -0.962226 -0.191399 -0.193619 0.923880 -0.382684 -0.000000 0.906397 -0.375442 -0.193619 -1.000000 0.000000 0.000000 -0.981077 0.000000 -0.193619 0.831470 -0.555570 0.000000 0.815735 -0.545057 -0.193620 -0.980785 0.195090 0.000000 -0.962226 0.191399 -0.193619 
						0.707107 -0.707107 -0.000000 0.693726 -0.693726 -0.193620 -0.923880 0.382684 0.000000 -0.906397 0.375442 -0.193619 0.555570 -0.831470 -0.000000 0.545057 -0.815736 -0.193620 -0.831470 0.555570 0.000000 -0.815736 0.545057 -0.193619 0.382684 -0.923880 -0.000000 0.375442 -0.906397 -0.193620 -0.707107 0.707107 0.000000 -0.693726 0.693726 -0.193619 0.195090 -0.980785 -0.000000 0.191399 -0.962226 -0.193619 0.000000 0.205881 -0.978577 0.040165 0.201926 -0.978577 0.078787 0.190210 -0.978577 0.114382 0.171184 -0.978577 0.145580 0.145580 -0.978577 0.171184 0.114382 -0.978577 0.190210 0.078787 -0.978577 0.201925 0.040165 -0.978577 0.205881 0.000000 -0.978577 0.201925 -0.040165 -0.978577 0.190209 -0.078787 -0.978577 0.171184 -0.114382 -0.978577 0.145580 -0.145580 -0.978577 0.114382 -0.171184 -0.978577 0.078787 -0.190210 -0.978577 0.040166 -0.201926 -0.978577 0.000000 -0.205881 -0.978577 -0.040165 -0.201925 -0.978577 -0.078788 -0.190210 -0.978577 -0.114382 -0.171184 -0.978577 -0.145580 -0.145580 -0.978577 -0.171184 -0.114382 -0.978577 -0.190210 -0.078787 -0.978577 -0.201925 -0.040165 -0.978577 -0.205881 0.000000 -0.978577 -0.201925 0.040165 -0.978577 -0.190210 0.078787 -0.978577 -0.171184 0.114382 -0.978577 -0.145580 0.145580 -0.978577 -0.114382 0.171184 -0.978577 -0.078787 0.190209 -0.978577 -0.040165 0.201925 -0.978577 -0.555570 0.831469 0.000000 -0.545057 0.815735 -0.193619 -0.000000 -1.000000 -0.000000 -0.000000 -0.981077 -0.193619 0.382684 0.923880 0.000000 0.555570 0.831470 0.000000 0.545057 0.815736 -0.193620 0.375442 0.906397 -0.193620 -0.382683 0.923880 0.000000 -0.375442 0.906397 -0.193619 -0.000000 -1.000000 -0.000000 -0.195090 -0.980785 -0.000000 -0.191399 -0.962226 -0.193619 -0.000000 -0.981077 -0.193619 0.707107 0.707107 0.000000 0.693726 0.693726 -0.193620 -0.382684 -0.923879 -0.000000 -0.375442 -0.906397 -0.193620 
						0.831470 0.555570 0.000000 0.815736 0.545057 -0.193620 -0.555570 -0.831469 -0.000000 -0.545057 -0.815736 -0.193619 0.195090 0.980785 0.000000 0.191399 0.962225 -0.193620 0.180112 0.905484 -0.384263 0.000000 0.923224 -0.384261 0.000000 0.381109 -0.924530 0.074351 0.373786 -0.924530 0.040165 0.201926 -0.978577 0.000000 0.205881 -0.978577 0.353303 0.852947 -0.384263 0.145844 0.352099 -0.924530 0.078787 0.190210 -0.978577 0.512916 0.767633 -0.384262 0.211733 0.316881 -0.924530 0.114382 0.171184 -0.978577 0.652818 0.652818 -0.384262 0.269485 0.269485 -0.924530 0.145580 0.145580 -0.978577 0.767633 0.512915 -0.384263 0.316881 0.211733 -0.924530 0.171184 0.114382 -0.978577 0.852948 0.353302 -0.384262 0.352099 0.145844 -0.924530 0.190210 0.078787 -0.978577 0.905485 0.180112 -0.384262 0.373786 0.074351 -0.924530 0.201925 0.040165 -0.978577 0.923224 0.000000 -0.384262 0.381109 0.000000 -0.924530 0.205881 0.000000 -0.978577 0.905485 -0.180112 -0.384262 0.373786 -0.074351 -0.924530 0.201925 -0.040165 -0.978577 0.852948 -0.353303 -0.384262 0.352098 -0.145844 -0.924530 0.190209 -0.078787 -0.978577 0.767632 -0.512916 -0.384263 0.316881 -0.211733 -0.924530 0.171184 -0.114382 -0.978577 0.652818 -0.652818 -0.384263 0.269485 -0.269485 -0.924530 0.145580 -0.145580 -0.978577 0.512916 -0.767633 -0.384262 0.211733 -0.316881 -0.924530 0.114382 -0.171184 -0.978577 0.353303 -0.852948 -0.384262 0.145844 -0.352099 -0.924530 0.078787 -0.190210 -0.978577 0.180112 -0.905485 -0.384262 0.074351 -0.373786 -0.924530 0.040166 -0.201926 -0.978577 -0.000000 -0.923225 -0.384261 0.000000 -0.381109 -0.924530 0.000000 -0.205881 -0.978577 -0.180112 -0.905485 -0.384261 -0.000000 -0.923225 -0.384261 0.000000 -0.381109 -0.924530 -0.074351 -0.373786 -0.924530 -0.040165 -0.201925 -0.978577 0.000000 -0.205881 -0.978577 -0.353303 -0.852948 -0.384262 
						-0.145844 -0.352099 -0.924530 -0.078788 -0.190210 -0.978577 -0.512916 -0.767633 -0.384262 -0.211733 -0.316881 -0.924530 -0.114382 -0.171184 -0.978577 -0.652818 -0.652818 -0.384262 -0.269485 -0.269485 -0.924530 -0.145580 -0.145580 -0.978577 -0.767632 -0.512916 -0.384263 -0.316881 -0.211733 -0.924530 -0.171184 -0.114382 -0.978577 -0.852947 -0.353303 -0.384263 -0.352099 -0.145844 -0.924530 -0.190210 -0.078787 -0.978577 -0.905485 -0.180112 -0.384262 -0.373786 -0.074351 -0.924530 -0.201925 -0.040165 -0.978577 -0.923224 0.000000 -0.384262 -0.381109 0.000000 -0.924530 -0.205881 0.000000 -0.978577 -0.905485 0.180112 -0.384262 -0.373786 0.074351 -0.924530 -0.201925 0.040165 -0.978577 -0.852948 0.353303 -0.384262 -0.352099 0.145844 -0.924530 -0.190210 0.078787 -0.978577 -0.767633 0.512916 -0.384262 -0.316881 0.211733 -0.924530 -0.171184 0.114382 -0.978577 -0.652818 0.652818 -0.384262 -0.269485 0.269485 -0.924530 -0.145580 0.145580 -0.978577 -0.512916 0.767633 -0.384262 -0.211733 0.316880 -0.924530 -0.114382 0.171184 -0.978577 -0.353302 0.852948 -0.384262 -0.145844 0.352098 -0.924530 -0.078787 0.190209 -0.978577 -0.180112 0.905485 -0.384261 -0.074350 0.373785 -0.924530 -0.040165 0.201925 -0.978577 0.000000 1.000000 -0.000000 0.000000 1.000000 -0.000000 -0.195090 0.980785 -0.000001 -0.195090 0.980785 -0.000001 -0.382683 0.923880 0.000000 -0.382683 0.923880 0.000000 -0.555570 0.831470 0.000001 -0.555570 0.831470 0.000001 -0.707107 0.707107 0.000000 -0.707107 0.707107 0.000000 -0.831470 0.555570 0.000000 -0.831470 0.555570 0.000000 -0.923880 0.382683 -0.000000 -0.923880 0.382683 0.000000 -0.980785 0.195090 0.000000 -0.980785 0.195090 0.000000 -1.000000 0.000000 0.000000 -1.000000 0.000000 0.000000 -0.980785 -0.195090 -0.000000 -0.980785 -0.195090 -0.000000 -0.923880 -0.382683 0.000000 -0.923880 -0.382683 0.000000 -0.831470 -0.555570 -0.000000 
						-0.831470 -0.555570 -0.000000 -0.707107 -0.707107 0.000000 -0.707107 -0.707107 0.000000 -0.555570 -0.831470 0.000000 -0.555570 -0.831470 0.000000 -0.382683 -0.923880 -0.000000 -0.382683 -0.923880 -0.000000 -0.195091 -0.980785 0.000000 -0.195091 -0.980785 0.000000 0.000000 -1.000000 -0.000000 -0.000000 -1.000000 -0.000000 -0.000000 -1.000000 -0.000000 0.000000 -1.000000 -0.000000 0.195090 -0.980785 -0.000001 0.195090 -0.980785 -0.000001 0.382683 -0.923880 -0.000001 0.382683 -0.923880 -0.000001 0.555570 -0.831470 -0.000001 0.555570 -0.831470 -0.000001 0.707107 -0.707107 -0.000001 0.707107 -0.707107 -0.000001 0.831469 -0.555570 -0.000000 0.831469 -0.555571 -0.000000 0.923880 -0.382684 -0.000000 0.923880 -0.382684 -0.000000 0.980785 -0.195090 -0.000000 0.980785 -0.195090 -0.000000 1.000000 -0.000000 -0.000000 1.000000 -0.000000 -0.000000 0.980785 0.195090 0.000000 0.980785 0.195090 0.000000 0.923879 0.382684 0.000000 0.923879 0.382684 0.000000 0.831470 0.555570 -0.000000 0.831470 0.555570 -0.000000 0.707107 0.707107 -0.000000 0.707107 0.707107 -0.000000 0.555570 0.831470 0.000000 0.555570 0.831470 0.000000 0.382683 0.923880 0.000000 0.382683 0.923880 0.000000 -0.000000 -0.000000 -1.000000 -0.000000 -0.000000 -1.000000 -0.000000 -0.000000 -1.000000 -0.000000 -0.000000 -1.000000 -0.000000 -0.000000 -1.000000 -0.000000 -0.000000 -1.000000 -0.000000 -0.000000 -1.000000 -0.000000 -0.000000 -1.000000 -0.000000 -0.000000 -1.000000 -0.000000 -0.000000 -1.000000 -0.000000 -0.000000 -1.000000 -0.000000 -0.000000 -1.000000 -0.000000 -0.000000 -1.000000 -0.000000 -0.000000 -1.000000 -0.000000 -0.000000 -1.000000 -0.000000 -0.000000 -1.000000 -0.000000 -0.000000 -1.000000 -0.000000 -0.000000 -1.000000 -0.000000 -0.000000 -1.000000 -0.000000 -0.000000 -1.000000 -0.000000 -0.000000 -1.000000 -0.000000 -0.000000 -1.000000 -0.000000 -0.000000 -1.000000 
						-0.000000 -0.000000 -1.000000 -0.000000 -0.000000 -1.000000 -0.000000 -0.000000 -1.000000 -0.000000 -0.000000 -1.000000 -0.000000 -0.000000 -1.000000 -0.000000 -0.000000 -1.000000 -0.000000 -0.000000 -1.000000 -0.000000 -0.000000 -1.000000 -0.000000 -0.000000 -1.000000 0.195090 0.980785 0.000001 0.195090 0.980785 0.000001 0.923880 0.382683 0.000000 0.831470 0.555570 0.000001 0.831470 0.555570 0.000001 0.923880 0.382683 0.000000 -0.000000 -0.000000 1.000000 -0.000000 -0.000000 1.000000 0.000000 -0.000000 1.000000 -0.000000 -0.000000 1.000000 -0.000001 -0.000000 1.000000 -0.000001 -0.000000 1.000000 0.000002 0.000001 1.000000 0.000002 0.000001 1.000000 0.000002 0.000001 1.000000 0.000002 0.000001 1.000000 0.000001 -0.000000 1.000000 0.000001 -0.000000 1.000000 0.000001 -0.000000 1.000000 0.000001 -0.000000 1.000000 0.000000 -0.000000 1.000000 0.000000 -0.000000 1.000000 0.000000 -0.000000 1.000000 0.000000 -0.000000 1.000000 0.000000 -0.000000 1.000000 0.000000 -0.000000 1.000000 -0.000001 -0.000000 1.000000 -0.000001 -0.000000 1.000000 -0.000000 -0.000000 1.000000 -0.000000 -0.000000 1.000000 0.000001 -0.000000 1.000000 0.000001 -0.000000 1.000000 0.000001 -0.000000 1.000000 0.000001 -0.000000 1.000000 0.000002 0.000001 1.000000 0.000002 0.000001 1.000000 0.000002 0.000002 1.000000 0.000002 0.000002 1.000000 0.000001 0.000001 1.000000 0.000001 0.000001 1.000000 0.000000 -0.000000 1.000000 0.000000 -0.000000 1.000000 0.000001 -0.000000 1.000000 0.000001 -0.000000 1.000000 0.000000 -0.000000 1.000000 0.000000 -0.000000 1.000000 0.000003 -0.000000 1.000000 0.000003 -0.000000 1.000000 0.000003 -0.000000 1.000000 0.000003 -0.000000 1.000000 0.000000 -0.000000 1.000000 0.000000 -0.000000 1.000000 0.000000 -0.000000 1.000000 0.000000 -0.000000 1.000000 0.000000 -0.000000 1.000000 
						0.000000 -0.000000 1.000000 0.000000 -0.000000 1.000000 0.000000 -0.000000 1.000000 0.000001 -0.000000 1.000000 0.000001 -0.000000 1.000000 0.000001 -0.000000 1.000000 0.000001 -0.000000 1.000000 0.000001 -0.000000 1.000000 0.000001 -0.000000 1.000000 0.000002 -0.000000 1.000000 0.000002 -0.000000 1.000000 0.000002 -0.000000 1.000000 0.000002 -0.000000 1.000000 0.000000 -0.000000 1.000000 0.000000 -0.000000 1.000000 -0.923879 0.382684 0.000000 -0.980785 0.195090 0.000000 -0.962226 0.191399 0.193619 -0.906397 0.375442 0.193619 -1.000000 0.000000 0.000000 -0.980785 -0.195091 -0.000000 -0.980785 -0.195091 -0.000000 -1.000000 0.000000 0.000000 0.707107 0.707107 0.000001 0.707107 0.707107 0.000001 -0.923879 -0.382684 0.000000 -0.923879 -0.382684 0.000000 0.555570 0.831469 -0.000001 0.555570 0.831469 -0.000001 -0.831470 -0.555570 -0.000000 -0.831470 -0.555570 -0.000000 0.382684 0.923879 -0.000001 0.382684 0.923879 -0.000001 -0.000000 -1.000000 -0.000000 0.195091 -0.980785 0.000000 0.195091 -0.980785 0.000000 -0.000000 -1.000000 -0.000000 -0.707107 -0.707106 -0.000000 -0.707107 -0.707107 0.000000 0.195091 0.980785 0.000000 0.195091 0.980785 0.000000 0.382684 -0.923879 0.000000 0.382684 -0.923879 0.000000 -0.555570 -0.831470 0.000001 -0.555570 -0.831470 0.000001 -0.000000 1.000000 0.000000 -0.000000 1.000000 0.000000 0.555571 -0.831469 0.000000 0.555571 -0.831469 0.000000 -0.382684 -0.923880 0.000001 -0.382684 -0.923880 0.000001 -0.000000 1.000000 0.000000 -0.195091 0.980785 0.000000 -0.195091 0.980785 0.000000 -0.000000 1.000000 0.000000 0.707107 -0.707107 0.000000 0.707107 -0.707107 -0.000000 -0.195091 -0.980785 0.000000 -0.195091 -0.980785 0.000000 -0.382684 0.923879 0.000000 -0.382684 0.923879 0.000000 0.831470 -0.555570 -0.000000 0.831469 -0.555570 -0.000000 -0.555570 0.831470 0.000000 
						-0.555570 0.831469 0.000000 0.923879 -0.382684 0.000000 0.923879 -0.382684 0.000000 -0.707107 0.707107 0.000000 -0.707107 0.707107 0.000000 0.980785 -0.195090 -0.000000 0.980785 -0.195090 -0.000000 -0.831469 0.555570 0.000000 -0.831470 0.555570 0.000000 1.000000 0.000000 0.000000 1.000000 0.000000 0.000000 -0.923880 0.382684 0.000000 -0.923880 0.382683 0.000000 0.980785 0.195090 0.000000 0.980785 0.195090 0.000000 -0.980785 0.195090 0.000000 -0.980785 0.195090 0.000000 0.000001 0.000000 1.000000 0.000000 -0.000000 1.000000 0.000000 -0.000000 1.000000 0.000001 0.000000 1.000000 0.000000 0.000000 1.000000 0.000000 0.000000 1.000000 -0.000001 -0.000000 1.000000 -0.000001 -0.000000 1.000000 0.000001 -0.000000 1.000000 0.000001 -0.000000 1.000000 0.000001 -0.000000 1.000000 0.000001 -0.000000 1.000000 -0.000001 -0.000000 1.000000 -0.000001 -0.000000 1.000000 -0.000001 -0.000000 1.000000 -0.000001 -0.000000 1.000000 -0.000001 -0.000000 1.000000 -0.000001 -0.000000 1.000000 -0.000001 -0.000000 1.000000 -0.000001 -0.000000 1.000000 0.000000 -0.000000 1.000000 0.000000 -0.000000 1.000000 0.000001 -0.000000 1.000000 0.000001 -0.000000 1.000000 0.000001 -0.000000 1.000000 0.000001 -0.000000 1.000000 0.000001 -0.000000 1.000000 0.000001 -0.000000 1.000000 0.000001 -0.000000 1.000000 0.000001 -0.000000 1.000000 -0.000000 -0.000000 1.000000 -0.000000 -0.000000 1.000000 -0.000001 0.000000 1.000000 -0.000001 0.000000 1.000000 0.000000 0.000000 1.000000 0.000000 0.000000 1.000000 0.000000 -0.000000 1.000000 0.000000 -0.000000 1.000000 0.000000 -0.000000 1.000000 0.000000 -0.000000 1.000000 0.000001 0.000000 1.000000 0.000001 0.000000 1.000000 0.000001 0.000000 1.000000 0.000001 0.000000 1.000000 0.000000 -0.000000 1.000000 0.000000 -0.000000 1.000000 0.000000 -0.000000 1.000000 
						0.000000 -0.000000 1.000000 0.000000 -0.000000 1.000000 0.000000 -0.000000 1.000000 0.000000 -0.000000 1.000000 0.000000 -0.000000 1.000000 0.000000 -0.000000 1.000000 0.000000 -0.000000 1.000000 0.000000 -0.000000 1.000000 0.000000 -0.000000 1.000000 0.000000 -0.000000 1.000000 0.000000 -0.000000 1.000000 -0.000001 -0.000000 1.000000 -0.000001 -0.000000 1.000000 0.000000 -0.000000 1.000000 -0.000000 -0.000000 1.000000 0.000000 -0.000000 1.000000 0.000000 -0.000000 1.000000 0.195089 0.980785 0.000002 -0.000000 1.000000 -0.000000 0.000000 0.981077 0.193619 0.191398 0.962226 0.193620 0.707107 -0.707106 -0.000000 0.831470 -0.555570 -0.000000 0.815735 -0.545057 0.193621 0.693726 -0.693726 0.193619 -1.000000 0.000000 0.000000 -0.981077 0.000000 0.193619 0.923880 -0.382683 0.000000 0.906396 -0.375442 0.193621 -0.980785 -0.195090 0.000000 -0.962226 -0.191398 0.193619 0.980785 -0.195090 0.000000 0.962226 -0.191399 0.193619 -0.923879 -0.382684 0.000000 -0.906397 -0.375442 0.193619 1.000000 0.000000 0.000000 0.981077 0.000000 0.193619 -0.831469 -0.555570 -0.000000 -0.815735 -0.545057 0.193619 0.980785 0.195090 0.000000 0.962225 0.191399 0.193620 -0.707107 -0.707107 -0.000000 -0.693727 -0.693725 0.193618 0.923879 0.382684 0.000000 0.906397 0.375442 0.193620 -0.555570 -0.831470 0.000000 -0.545058 -0.815735 0.193620 0.831470 0.555570 0.000000 0.815736 0.545057 0.193619 -0.382683 -0.923880 -0.000000 -0.375442 -0.906396 0.193621 0.707107 0.707106 0.000000 0.693726 0.693726 0.193621 -0.195090 -0.980785 -0.000000 -0.191398 -0.962226 0.193619 0.000000 0.205881 0.978577 -0.040165 0.201926 0.978577 -0.078788 0.190210 0.978577 -0.114381 0.171184 0.978577 -0.145580 0.145579 0.978577 -0.171183 0.114382 0.978577 -0.190208 0.078787 0.978577 -0.201924 0.040166 0.978577 -0.205880 0.000000 0.978577 
						-0.201925 -0.040165 0.978577 -0.190208 -0.078787 0.978577 -0.171183 -0.114381 0.978577 -0.145578 -0.145580 0.978577 -0.114380 -0.171184 0.978577 -0.078787 -0.190210 0.978577 -0.040165 -0.201925 0.978577 0.000000 -0.205882 0.978577 0.040166 -0.201926 0.978577 0.078788 -0.190210 0.978577 0.114383 -0.171184 0.978577 0.145582 -0.145580 0.978577 0.171186 -0.114382 0.978577 0.190210 -0.078787 0.978577 0.201926 -0.040165 0.978577 0.205882 0.000000 0.978577 0.201926 0.040166 0.978577 0.190210 0.078787 0.978577 0.171184 0.114381 0.978577 0.145580 0.145580 0.978577 0.114381 0.171184 0.978577 0.078788 0.190210 0.978577 0.040167 0.201925 0.978577 0.555571 0.831469 0.000000 0.545057 0.815735 0.193622 0.000000 -1.000000 -0.000000 0.000000 -0.981077 0.193619 -0.382684 0.923880 0.000000 -0.555570 0.831470 0.000000 -0.545056 0.815736 0.193621 -0.375442 0.906397 0.193621 0.382683 0.923880 0.000000 0.375442 0.906397 0.193620 0.000000 -1.000000 -0.000000 0.195091 -0.980785 -0.000000 0.191399 -0.962225 0.193620 0.000000 -0.981077 0.193619 -0.707106 0.707107 0.000000 -0.693726 0.693726 0.193620 0.382683 -0.923880 -0.000000 0.375442 -0.906397 0.193620 -0.831469 0.555571 0.000000 -0.815735 0.545058 0.193618 0.555570 -0.831470 0.000000 0.545057 -0.815736 0.193619 -0.195091 0.980785 -0.000002 -0.191399 0.962226 0.193619 -0.180112 0.905484 0.384263 0.000000 0.923225 0.384260 -0.000000 0.381109 0.924530 -0.074351 0.373786 0.924530 -0.040165 0.201926 0.978577 0.000000 0.205881 0.978577 -0.353302 0.852947 0.384264 -0.145845 0.352099 0.924530 -0.078788 0.190210 0.978577 -0.512915 0.767632 0.384265 -0.211732 0.316880 0.924531 -0.114381 0.171184 0.978577 -0.652817 0.652819 0.384263 -0.269485 0.269483 0.924531 -0.145580 0.145579 0.978577 -0.767633 0.512916 0.384260 -0.316879 0.211733 0.924531 
						-0.171183 0.114382 0.978577 -0.852949 0.353302 0.384261 -0.352097 0.145844 0.924531 -0.190208 0.078787 0.978577 -0.905485 0.180112 0.384262 -0.373784 0.074351 0.924531 -0.201924 0.040166 0.978577 -0.923224 0.000000 0.384261 -0.381106 0.000000 0.924531 -0.205880 0.000000 0.978577 -0.905485 -0.180111 0.384260 -0.373785 -0.074351 0.924531 -0.201925 -0.040165 0.978577 -0.852948 -0.353303 0.384262 -0.352097 -0.145844 0.924531 -0.190208 -0.078787 0.978577 -0.767633 -0.512916 0.384262 -0.316879 -0.211733 0.924531 -0.171183 -0.114381 0.978577 -0.652820 -0.652817 0.384260 -0.269482 -0.269484 0.924531 -0.145578 -0.145580 0.978577 -0.512918 -0.767631 0.384262 -0.211730 -0.316881 0.924531 -0.114380 -0.171184 0.978577 -0.353303 -0.852947 0.384264 -0.145843 -0.352099 0.924530 -0.078787 -0.190210 0.978577 -0.180112 -0.905485 0.384262 -0.074350 -0.373785 0.924531 -0.040165 -0.201925 0.978577 0.000000 -0.923224 0.384262 0.000000 -0.381110 0.924530 0.000000 -0.205882 0.978577 0.180112 -0.905484 0.384263 0.000000 -0.923224 0.384262 0.000000 -0.381110 0.924530 0.074351 -0.373787 0.924530 0.040166 -0.201926 0.978577 0.000000 -0.205882 0.978577 0.353302 -0.852948 0.384263 0.145845 -0.352099 0.924530 0.078788 -0.190210 0.978577 0.512915 -0.767634 0.384261 0.211734 -0.316881 0.924530 0.114383 -0.171184 0.978577 0.652817 -0.652819 0.384261 0.269488 -0.269485 0.924529 0.145582 -0.145580 0.978577 0.767631 -0.512916 0.384265 0.316884 -0.211733 0.924529 0.171186 -0.114382 0.978577 0.852947 -0.353302 0.384265 0.352100 -0.145844 0.924530 0.190210 -0.078787 0.978577 0.905485 -0.180112 0.384262 0.373786 -0.074350 0.924530 0.201926 -0.040165 0.978577 0.923224 0.000000 0.384262 0.381109 0.000000 0.924530 0.205882 0.000000 0.978577 0.905484 0.180112 0.384263 0.373787 0.074351 0.924530 0.201926 0.040166 0.978577 
						0.852948 0.353302 0.384263 0.352100 0.145844 0.924530 0.190210 0.078787 0.978577 0.767633 0.512916 0.384261 0.316880 0.211732 0.924531 0.171184 0.114381 0.978577 0.652817 0.652817 0.384265 0.269484 0.269485 0.924530 0.145580 0.145580 0.978577 0.512915 0.767631 0.384267 0.211732 0.316880 0.924530 0.114381 0.171184 0.978577 0.353303 0.852947 0.384264 0.145846 0.352099 0.924530 0.078788 0.190210 0.978577 0.180112 0.905485 0.384261 0.074353 0.373786 0.924530 0.040167 0.201925 0.978577 
					</float_array>
					<technique_common>
						<accessor count="978" offset="0" source="#meshId3-normals-array" stride="3">
							<param name="X" type="float" />
							<param name="Y" type="float" />
							<param name="Z" type="float" />
						</accessor>
					</technique_common>
				</source>
				<source id="meshId3-tangents" name="meshId3-tangents">
					<float_array id="meshId3-tangents-array" count="2934"> 
						-0.464275 0.000000 0.885691 -0.491844 0.000000 0.870683 -0.628943 0.125105 0.767320 -0.626402 0.124599 0.769478 -0.712045 0.294939 0.637184 -0.721848 0.298999 0.624128 -0.728436 0.486726 0.482161 -0.738688 0.493576 0.459045 -0.673491 0.673492 0.304661 -0.678347 0.678347 0.282296 -0.552275 0.826537 0.108766 -0.552783 0.827297 0.100054 -0.380818 0.919377 -0.098607 -0.381365 0.920697 -0.082936 -0.185655 0.933351 -0.307225 -0.188246 0.946379 -0.262544 0.000000 0.863554 -0.504257 0.000000 0.900743 -0.434352 0.143628 0.722066 -0.676751 0.157027 0.789431 -0.593415 0.221846 0.535583 -0.814822 0.259912 0.627483 -0.733969 0.225407 0.337345 -0.913997 0.292351 0.437534 -0.850350 0.159501 0.159501 -0.974227 0.247720 0.247720 -0.936627 0.041836 0.027954 -0.998733 0.132846 0.088765 -0.987154 -0.097453 -0.040366 -0.994421 -0.024604 -0.010192 -0.999645 -0.211519 -0.042074 -0.976468 -0.171762 -0.034166 -0.984546 -0.254420 0.000000 -0.967094 -0.233995 0.000000 -0.972238 -0.651967 0.000000 -0.758247 -0.651929 0.000000 -0.758280 -0.684135 0.136083 -0.716548 -0.687271 0.136707 -0.713422 -0.730387 0.302536 -0.612378 -0.738886 0.306057 -0.600314 -0.733181 0.489896 -0.471644 -0.742476 0.496107 -0.450119 -0.674258 0.674258 -0.301253 -0.679082 0.679081 -0.278742 -0.552290 0.826559 -0.108519 -0.552878 0.827439 -0.098338 -0.380854 0.919464 0.097652 -0.381333 0.920619 0.083942 -0.185758 0.933867 0.305591 -0.188219 0.946243 0.263054 0.000000 0.864997 0.501777 0.000000 0.900806 0.434222 0.144197 0.724927 0.673564 0.157167 0.790129 0.592448 0.223385 0.539298 0.811946 0.260469 0.628828 0.732620 0.227292 0.340167 0.912483 0.293321 0.438987 0.849266 0.158610 0.158610 0.974518 0.247872 0.247873 0.936546 0.030316 0.020256 0.999335 0.127390 0.085119 0.988194 -0.137387 -0.056908 0.988881 -0.051817 -0.021463 0.998426 
						0.471374 0.881933 0.000000 0.471389 0.881925 0.000000 0.471399 0.881920 0.000000 0.471404 0.881917 0.000000 0.471394 0.881923 0.000000 0.471396 0.881922 0.000000 0.471396 0.881922 0.000000 0.471396 0.881922 0.000000 0.471397 0.881921 0.000000 0.471397 0.881921 0.000000 0.471397 0.881921 0.000000 0.471396 0.881921 0.000000 0.471397 0.881921 0.000000 0.471397 0.881921 0.000000 0.471397 0.881921 0.000000 0.471397 0.881921 0.000000 0.471397 0.881921 0.000000 0.471396 0.881921 0.000000 0.471398 0.881921 0.000000 0.471397 0.881921 0.000000 0.471396 0.881921 0.000000 0.471398 0.881921 0.000000 0.471398 0.881921 0.000000 0.471394 0.881923 0.000000 0.471394 0.881923 0.000000 0.471398 0.881921 0.000000 0.471401 0.881919 0.000000 0.471391 0.881925 0.000000 0.471375 0.881933 0.000000 0.471398 0.881920 0.000000 0.471359 0.881941 0.000000 0.471394 0.881923 0.000000 -0.320028 -0.063658 0.945267 -0.261074 -0.051931 0.963921 0.017016 0.041080 -0.999011 0.130576 0.195421 -0.971988 0.188868 0.282661 -0.940442 0.055486 0.133954 -0.989433 -0.470449 0.882427 -0.000000 -0.469225 0.883079 0.000000 -0.468723 0.883345 0.000000 -0.469987 0.882673 -0.000000 -0.471106 0.882076 -0.000000 -0.470718 0.882284 -0.000000 -0.471084 0.882088 0.000000 -0.470789 0.882246 0.000000 -0.470331 0.882490 0.000000 -0.470138 0.882593 0.000000 -0.468929 0.883236 0.000000 -0.468829 0.883289 0.000000 -0.467104 0.884203 -0.000000 -0.467080 0.884215 -0.000000 -0.465228 0.885191 0.000000 -0.465242 0.885184 0.000000 -0.463655 0.886016 0.000000 -0.463628 0.886030 0.000000 -0.462446 0.886647 0.000000 -0.462335 0.886705 0.000000 -0.460835 0.887486 0.000000 -0.460680 0.887566 0.000000 -0.457997 0.888954 -0.000000 -0.457990 0.888957 -0.000000 -0.453410 0.891302 -0.000000 -0.453849 0.891079 -0.000000 
						-0.447482 0.894293 0.000000 -0.448978 0.893543 0.000000 -0.438502 0.898731 0.000000 -0.440673 0.897668 0.000000 -0.434108 0.900861 0.000000 -0.424359 0.905494 0.000000 -0.488559 0.872531 0.000000 -0.478872 0.877885 0.000000 -0.478400 0.878142 0.000000 -0.484598 0.874737 0.000000 -0.472565 0.881296 0.000000 -0.478288 0.878203 0.000000 -0.472419 0.881374 0.000000 -0.474138 0.880450 0.000000 -0.473593 0.880744 0.000000 -0.473457 0.880817 0.000000 -0.471844 0.881682 0.000000 -0.471494 0.881869 0.000000 -0.469335 0.883020 -0.000000 -0.469105 0.883143 -0.000000 -0.466898 0.884311 -0.000000 -0.466814 0.884356 -0.000000 -0.464821 0.885405 0.000000 -0.464820 0.885405 0.000000 -0.463315 0.886194 0.000000 -0.463316 0.886193 0.000000 -0.462568 0.886584 0.000000 -0.462509 0.886615 0.000000 -0.462522 0.886608 0.000000 -0.462367 0.886689 0.000000 -0.463120 0.886296 -0.000000 -0.462841 0.886441 -0.000000 -0.464344 0.885655 -0.000000 -0.463952 0.885861 -0.000000 -0.465943 0.884815 -0.000000 -0.465477 0.885060 -0.000000 -0.467648 0.883915 0.000000 -0.467147 0.884180 0.000000 0.180261 -0.435188 -0.882110 0.106187 -0.533837 -0.838894 -0.046142 -0.586239 -0.808823 0.033480 -0.520755 -0.853050 0.000000 -0.322736 0.946489 -0.027661 -0.139059 0.989898 -0.011373 -0.057174 0.998299 0.000000 -0.264178 0.964474 0.297520 0.297520 -0.907174 0.364891 0.364891 -0.856568 0.017785 0.042937 0.998919 0.056226 0.135742 0.989147 0.492915 0.329355 -0.805332 0.554962 0.370814 -0.744657 0.131370 0.196610 0.971641 0.189779 0.284024 0.939848 0.683101 0.282950 -0.673285 0.730383 0.302535 -0.612383 0.953525 0.000000 0.301314 0.976087 -0.194156 0.097768 0.977097 -0.194357 0.086640 0.963218 0.000000 0.268722 0.298301 0.298301 0.906661 0.366535 0.366535 0.855164 0.830292 0.165155 -0.532296 0.863477 0.171756 -0.474245 
						0.918740 -0.380555 -0.105335 0.919314 -0.380792 -0.099296 0.494842 0.330643 0.803621 0.558867 0.373423 0.740421 0.901586 -0.000000 -0.432601 0.927174 -0.000000 -0.374632 0.793528 -0.530219 -0.298632 0.797195 -0.532669 -0.284156 0.690552 0.286036 0.664320 0.738470 0.305884 0.600913 0.995096 -0.000000 -0.098917 0.979477 -0.194830 -0.051624 0.979020 -0.194739 -0.059978 0.992803 -0.000000 -0.119759 0.622046 -0.622046 -0.475518 0.626918 -0.626918 -0.462545 0.852795 0.169631 0.493930 0.879825 0.175008 0.441905 0.917547 -0.380061 0.116883 0.917673 -0.380113 0.115717 0.430711 -0.644605 -0.631643 0.432396 -0.647127 -0.627902 0.792347 -0.529429 0.303136 0.794939 -0.531161 0.293155 0.246970 -0.596237 -0.763876 0.243138 -0.586987 -0.772224 0.620726 -0.620726 0.478955 0.624971 -0.624970 0.467786 0.096382 -0.484544 -0.869441 0.090182 -0.453373 -0.886747 0.429401 -0.642643 0.634527 0.430874 -0.644849 0.631283 -0.000000 -0.325457 -0.945557 -0.000000 -0.267111 -0.963666 0.245952 -0.593780 0.766116 0.242037 -0.584328 0.774583 -0.028142 -0.141478 -0.989541 -0.011864 -0.059642 -0.998149 0.095840 -0.481820 0.871013 0.089592 -0.450411 0.888314 0.957794 -0.287455 -0.000000 0.958263 -0.285889 -0.000000 0.958196 -0.286113 -0.000000 0.957753 -0.287593 -0.000000 0.957192 -0.289453 -0.000000 0.957172 -0.289519 -0.000000 0.956536 -0.291614 -0.000000 0.956531 -0.291631 -0.000000 0.955919 -0.293632 0.000000 0.955918 -0.293633 -0.000000 0.955428 -0.295223 0.000000 0.955421 -0.295247 0.000000 0.955141 -0.296151 -0.000000 0.955115 -0.296237 -0.000000 0.955101 -0.296281 -0.000000 0.955044 -0.296464 -0.000000 0.955321 -0.295569 -0.000000 0.955228 -0.295871 -0.000000 0.955763 -0.294137 -0.000000 0.955637 -0.294545 -0.000000 0.956337 -0.292266 -0.000000 0.956198 -0.292722 -0.000000 0.956903 -0.290409 0.000000 0.956784 -0.290800 0.000000 
						0.957243 -0.289286 0.000000 0.957176 -0.289508 0.000000 0.957110 -0.289726 -0.000000 0.957033 -0.289980 -0.000000 0.956684 -0.291130 -0.000000 0.956162 -0.292839 -0.000000 0.955016 -0.296555 0.000000 0.952515 -0.304492 0.000000 0.966870 -0.255267 -0.000000 0.966415 -0.256985 -0.000000 0.962134 -0.272577 -0.000000 0.964116 -0.265481 -0.000000 0.961702 -0.274098 -0.000000 0.961974 -0.273142 -0.000000 0.960211 -0.279277 -0.000000 0.960184 -0.279370 0.000000 0.958648 -0.284593 -0.000000 0.958701 -0.284416 -0.000000 0.957447 -0.288611 -0.000000 0.957543 -0.288290 -0.000000 0.956691 -0.291107 0.000000 0.956763 -0.290870 0.000000 0.956351 -0.292221 0.000000 0.956367 -0.292167 0.000000 0.956360 -0.292191 -0.000000 0.956320 -0.292322 -0.000000 0.956633 -0.291297 -0.000000 0.956547 -0.291579 -0.000000 0.957076 -0.289837 -0.000000 0.956959 -0.290222 -0.000000 0.957582 -0.288159 -0.000000 0.957449 -0.288603 0.000000 0.958062 -0.286561 -0.000000 0.957923 -0.287025 -0.000000 0.958421 -0.285358 0.000000 0.958290 -0.285798 -0.000000 0.958589 -0.284792 -0.000000 0.958475 -0.285177 -0.000000 0.958537 -0.284968 -0.000000 0.958444 -0.285279 -0.000000 -0.096594 -0.019214 -0.995138 -0.015138 -0.000000 -0.999885 0.001521 -0.193619 -0.981076 -0.045361 -0.205727 -0.977558 0.599450 -0.599450 -0.530396 0.444925 -0.665877 -0.598873 0.543049 -0.606396 -0.580845 0.674346 -0.531186 -0.512932 -0.000000 -0.613768 -0.789487 -0.149782 -0.633687 -0.758951 0.286413 -0.691463 -0.663209 0.405953 -0.647407 -0.645032 -0.132448 -0.665860 -0.734226 -0.272145 -0.656131 -0.703867 0.134791 -0.677643 -0.722933 0.272133 -0.654989 -0.704935 -0.282869 -0.682907 -0.673516 -0.406112 -0.648312 -0.644022 -0.000000 -0.628690 -0.777656 0.150001 -0.632304 -0.760060 -0.441166 -0.660252 -0.607816 -0.543292 -0.607106 -0.579876 -0.109673 -0.551363 -0.827025 0.046682 -0.584652 -0.809940 
						-0.596200 -0.596201 -0.537671 -0.674679 -0.531827 -0.511829 -0.188194 -0.454340 -0.870723 -0.032534 -0.519031 -0.854136 -0.736619 -0.492193 -0.463830 -0.791377 -0.424326 -0.440079 -0.232214 -0.347533 -0.908459 -0.084596 -0.443557 -0.892245 -0.851554 -0.352726 -0.387866 -0.885033 -0.288558 -0.365308 -0.241295 -0.241295 -0.939975 -0.108907 -0.366772 -0.923914 -0.931424 -0.185272 -0.313247 -0.947342 -0.129508 -0.292866 0.958655 -0.278475 -0.058588 0.957945 -0.286272 -0.019753 0.955545 -0.294183 0.019752 0.951805 -0.301055 0.058588 0.947283 -0.305859 0.095423 0.942656 -0.307863 0.128916 0.938632 -0.306733 0.157750 0.935831 -0.302611 0.180685 0.934698 -0.296090 0.196650 0.935413 -0.288166 0.204846 0.937866 -0.280082 0.204846 0.941671 -0.273100 0.196650 0.946235 -0.268313 0.180685 0.950856 -0.266437 0.157750 0.954828 -0.267737 0.128917 0.957562 -0.271972 0.095423 0.958654 -0.278477 0.058588 0.957945 -0.286270 0.019752 0.955546 -0.294181 -0.019752 0.951806 -0.301051 -0.058589 0.947283 -0.305858 -0.095423 0.942657 -0.307862 -0.128916 0.938632 -0.306733 -0.157750 0.935832 -0.302608 -0.180685 0.934700 -0.296082 -0.196650 0.935413 -0.288166 -0.204847 0.937864 -0.280087 -0.204846 0.941672 -0.273098 -0.196649 0.946239 -0.268302 -0.180684 0.950858 -0.266430 -0.157749 0.954833 -0.267723 -0.128914 0.957563 -0.271970 -0.095423 -0.217906 -0.145600 -0.965048 -0.107364 -0.296951 -0.948838 -0.963753 0.000000 -0.266796 -0.973468 0.044305 -0.224494 0.140324 -0.058124 -0.988398 0.194910 -0.130235 -0.972136 0.109707 -0.298348 -0.948131 0.086862 -0.242392 -0.966282 -0.167203 -0.069258 -0.983487 -0.084149 -0.241373 -0.966777 0.958030 -0.000000 -0.286670 0.930318 -0.185052 -0.316646 0.945375 -0.127694 -0.299934 0.966899 0.049404 -0.250332 0.223101 -0.223101 -0.948921 0.110794 -0.368415 -0.923036 0.852546 -0.353136 -0.385305 0.883508 -0.286859 -0.370304 
						0.219221 -0.328087 -0.918859 0.086004 -0.445307 -0.891238 0.738907 -0.493722 -0.458535 0.790739 -0.423422 -0.442092 0.067192 -0.013365 -0.997650 0.048319 -0.206265 -0.977302 0.003817 -0.391292 -0.920259 -0.004474 -0.384258 -0.923215 0.014560 -0.924432 -0.381068 -0.082233 -0.921641 -0.379231 -0.119331 -0.971389 -0.205340 -0.012749 -0.978497 -0.205865 0.006567 -0.413004 -0.910706 -0.178989 -0.909709 -0.374690 -0.224523 -0.953022 -0.203319 -0.001489 -0.446833 -0.894616 -0.275099 -0.888405 -0.367501 -0.327232 -0.923577 -0.199812 -0.024637 -0.488701 -0.872103 -0.369836 -0.857464 -0.357737 -0.426380 -0.883311 -0.194839 -0.065763 -0.533372 -0.843321 -0.462357 -0.816616 -0.345491 -0.520923 -0.832545 -0.188438 -0.126136 -0.574826 -0.808496 -0.551609 -0.765676 -0.330860 -0.609769 -0.771715 -0.180656 -0.205156 -0.606853 -0.767880 -0.636409 -0.704565 -0.313960 -0.691878 -0.701338 -0.171552 -0.300416 -0.623530 -0.721776 -0.715447 -0.633370 -0.294921 -0.766216 -0.622035 -0.161203 -0.407827 -0.619721 -0.670539 -0.787290 -0.552420 -0.273874 -0.831761 -0.534571 -0.149689 -0.521897 -0.591583 -0.614535 -0.850469 -0.462296 -0.250966 -0.887555 -0.439826 -0.137106 -0.636134 -0.536879 -0.554161 -0.903522 -0.363892 -0.226343 -0.932694 -0.338847 -0.123551 -0.743567 -0.455336 -0.489671 -0.945047 -0.258541 -0.200105 -0.966352 -0.232936 -0.109108 -0.837433 -0.349018 -0.420585 -0.973801 -0.148697 -0.172051 -0.987810 -0.124288 -0.093719 -0.911297 -0.220940 -0.347454 -0.989098 -0.032684 -0.143582 -0.996891 -0.014417 -0.077460 -0.958635 -0.074051 -0.274838 -0.991598 0.070704 -0.108330 -0.995041 0.081103 -0.057577 -0.979920 0.076618 -0.184083 -0.988983 0.136855 -0.056414 -0.990361 0.135543 -0.028517 0.956744 -0.070528 -0.282254 0.972445 0.089583 -0.215232 0.986169 0.153233 -0.063165 0.990052 0.083385 -0.113333 0.993674 0.094724 -0.060331 0.987654 0.153297 -0.032252 0.909852 -0.217750 -0.353206 
						0.989031 -0.029808 -0.144667 0.996890 -0.016499 -0.077055 0.837257 -0.348516 -0.421353 0.974285 -0.143023 -0.174106 0.987193 -0.129850 -0.092674 0.743844 -0.456500 -0.488164 0.946253 -0.252391 -0.202249 0.964450 -0.241384 -0.107568 0.636370 -0.538932 -0.551892 0.905978 -0.356050 -0.228981 0.929144 -0.349102 -0.121732 0.521853 -0.594398 -0.611849 0.854725 -0.452629 -0.254112 0.881986 -0.451500 -0.135084 0.407275 -0.623283 -0.667567 0.793868 -0.541109 -0.277443 0.823842 -0.547282 -0.147533 0.299112 -0.627760 -0.718644 0.724808 -0.620793 -0.298780 0.755696 -0.635331 -0.158990 0.202868 -0.611602 -0.764714 0.648916 -0.691245 -0.317945 0.678632 -0.714684 -0.169367 0.122676 -0.579848 -0.805436 0.567467 -0.752264 -0.334784 0.593798 -0.784546 -0.178584 0.061025 -0.538353 -0.840507 0.481589 -0.803842 -0.349157 0.502358 -0.844293 -0.186564 0.018610 -0.493292 -0.869665 0.392242 -0.846085 -0.360951 0.405492 -0.893440 -0.193238 -0.005706 -0.450667 -0.892674 0.300259 -0.879136 -0.370086 0.304401 -0.931621 -0.198550 -0.014698 -0.415762 -0.909355 0.206292 -0.903156 -0.376501 0.200235 -0.958603 -0.202448 -0.012552 -0.392734 -0.919567 0.110891 -0.918248 -0.380163 0.094138 -0.974246 -0.204895 -0.806227 -0.000000 -0.591606 -0.735034 -0.000000 -0.678031 -0.570752 -0.113531 -0.813236 -0.667248 -0.132725 -0.732915 -0.384872 -0.159418 -0.909098 -0.488700 -0.202425 -0.848644 -0.204961 -0.136950 -0.969142 -0.303636 -0.202882 -0.930937 -0.039374 -0.039373 -0.998449 -0.125085 -0.125085 -0.984229 0.079260 0.118621 -0.989771 0.024333 0.036417 -0.999040 0.123195 0.297419 -0.946765 0.099836 0.241025 -0.965370 0.094991 0.477553 -0.873453 0.089496 0.449927 -0.888569 0.000000 0.637252 -0.770656 0.000000 0.634128 -0.773228 -0.149838 0.753288 -0.640395 -0.151796 0.763131 -0.628163 -0.334422 0.807366 -0.486130 -0.338774 0.817873 -0.465097 -0.528042 0.790271 -0.310877 
						-0.531277 0.795112 -0.292476 -0.701933 0.701933 -0.120747 -0.702230 0.702230 -0.117240 -0.829281 0.554108 0.072509 -0.830228 0.554740 0.054630 -0.894574 0.370544 0.249870 -0.901609 0.373458 0.218242 -0.906213 0.180257 0.382472 -0.907842 0.180581 0.378434 -0.916271 -0.000000 0.400558 -0.905023 -0.000000 0.425362 -0.670400 -0.000000 0.742000 -0.593256 -0.000000 0.805014 -0.490491 -0.097566 0.865967 -0.576794 -0.114733 0.808792 -0.332638 -0.137783 0.932935 -0.428560 -0.177516 0.885903 -0.164132 -0.109671 0.980323 -0.257630 -0.172144 0.950785 -0.016420 -0.016421 0.999730 -0.092346 -0.092347 0.991436 0.085479 0.127927 0.988093 0.036736 0.054978 0.997812 0.125201 0.302261 0.944967 0.102843 0.248284 0.963213 0.095535 0.480287 0.871893 0.090157 0.453252 0.886811 0.000000 0.638683 0.769470 0.000000 0.635847 0.771815 -0.150135 0.754777 0.638569 -0.152165 0.764985 0.625814 -0.335082 0.808958 0.483018 -0.339603 0.819875 0.460950 -0.528977 0.791671 0.305680 -0.532422 0.796826 0.285648 -0.702564 0.702564 0.113168 -0.703091 0.703091 0.106419 -0.828858 0.553825 -0.079199 -0.828565 0.553629 -0.083517 -0.888496 0.368027 -0.274100 -0.896200 0.371218 -0.242946 0.956942 0.290280 -0.000000 0.956943 0.290275 -0.000000 0.956942 0.290279 -0.000000 0.956939 0.290288 -0.000000 0.956942 0.290280 -0.000000 0.956942 0.290279 -0.000000 0.956942 0.290278 -0.000000 0.956943 0.290277 -0.000000 0.956942 0.290280 -0.000000 0.956938 0.290293 -0.000000 0.956940 0.290285 -0.000000 0.956942 0.290280 -0.000000 0.956941 0.290281 -0.000000 0.956941 0.290283 -0.000000 0.956940 0.290285 -0.000000 0.956942 0.290281 -0.000000 0.956942 0.290278 -0.000000 0.956941 0.290283 -0.000000 0.956940 0.290287 -0.000000 0.956940 0.290286 -0.000000 0.956941 0.290281 -0.000000 0.956940 0.290286 -0.000000 0.956940 0.290286 -0.000000 
						0.956942 0.290278 -0.000000 0.956940 0.290286 -0.000000 0.956941 0.290282 -0.000000 0.956940 0.290285 -0.000000 0.956941 0.290282 -0.000000 0.956937 0.290295 -0.000000 0.956938 0.290291 -0.000000 0.956937 0.290295 -0.000000 0.956941 0.290283 -0.000000 -0.845679 0.168217 -0.506487 -0.886312 0.176299 -0.428216 -0.016590 0.040051 0.999060 -0.129508 0.193822 0.972451 -0.187209 0.280177 0.941517 -0.054815 0.132336 0.989688 -0.782980 0.622046 -0.000000 -0.781828 0.623494 -0.000000 -0.781939 0.623355 0.000000 -0.783016 0.622001 -0.000000 -0.784396 0.620260 -0.000000 -0.784391 0.620267 -0.000000 -0.783778 0.621041 0.000001 -0.784110 0.620622 0.000001 -0.782050 0.623216 0.000001 -0.782157 0.623081 0.000001 -0.782724 0.622369 0.000001 -0.783096 0.621901 0.000001 -0.778203 0.628013 0.000001 -0.779702 0.626151 0.000001 -0.773590 0.633686 0.000000 -0.774786 0.632224 0.000000 -0.773364 0.633962 0.000000 -0.772701 0.634770 0.000000 -0.778473 0.627678 0.000000 -0.777144 0.629323 0.000000 -0.779402 0.626524 -0.000001 -0.778873 0.627181 -0.000001 -0.782410 0.622763 -0.000000 -0.781941 0.623353 -0.000000 -0.788473 0.615070 0.000001 -0.788172 0.615454 0.000001 -0.798610 0.601849 0.000001 -0.798701 0.601729 0.000001 -0.813038 0.582210 0.000001 -0.813489 0.581581 0.000001 -0.822760 0.568389 0.000000 -0.822800 0.568331 0.000000 -0.792167 0.610305 0.000000 -0.794507 0.607254 0.000000 -0.743592 0.668633 0.000000 -0.747012 0.664810 0.000000 -0.752998 0.658023 0.000000 -0.752509 0.658582 0.000000 -0.764367 0.644781 0.000000 -0.763013 0.646383 0.000000 -0.771397 0.636354 0.000003 -0.770218 0.637781 0.000003 -0.774748 0.632270 0.000003 -0.774045 0.633131 0.000003 -0.775571 0.631260 0.000000 -0.775356 0.631524 0.000000 -0.775311 0.631580 0.000000 -0.776159 0.630538 0.000000 -0.771295 0.636478 0.000000 
						-0.771679 0.636012 0.000000 -0.774878 0.632111 0.000000 -0.774139 0.633016 0.000000 -0.775349 0.631533 0.000001 -0.775202 0.631713 0.000001 -0.776501 0.630116 0.000001 -0.776637 0.629949 0.000001 -0.778561 0.627569 0.000001 -0.779430 0.626489 0.000001 -0.775712 0.631088 0.000002 -0.776085 0.630628 0.000002 -0.778701 0.627395 0.000001 -0.778336 0.627848 0.000001 -0.780927 0.624623 0.000000 -0.781030 0.624494 0.000000 -0.178579 -0.431127 0.884443 -0.105360 -0.529679 0.841629 0.047500 -0.582244 0.811625 -0.031480 -0.517106 0.855342 0.000000 -0.325964 -0.945382 0.028204 -0.141791 -0.989495 0.011930 -0.059976 -0.998128 0.000000 -0.267646 -0.963517 -0.295324 0.295324 0.908607 -0.361864 0.361863 0.859133 -0.016889 0.040775 -0.999026 -0.055361 0.133654 -0.989480 -0.488953 0.326709 0.808818 -0.550916 0.368111 0.748990 -0.130327 0.195048 -0.972096 -0.188832 0.282607 -0.940466 -0.676673 0.280289 0.680847 -0.724411 0.300062 0.620638 -0.953512 0.000000 -0.301355 -0.976108 -0.194161 -0.097542 -0.977085 -0.194355 -0.086786 -0.963135 0.000000 -0.269018 -0.297310 0.297310 -0.907311 -0.365677 0.365677 -0.855897 -0.821845 0.163475 0.545754 -0.856823 0.170433 0.486629 -0.918705 -0.380541 0.105687 -0.919318 -0.380795 0.099240 -0.494065 0.330122 -0.804313 -0.558201 0.372977 -0.741148 -0.896480 -0.000000 0.443083 -0.924511 -0.000000 0.381156 -0.793475 -0.530184 0.298835 -0.797215 -0.532682 0.284073 -0.690076 0.285838 -0.664900 -0.738034 0.305703 -0.601541 -0.993912 -0.000000 0.110173 -0.978792 -0.194694 0.063724 -0.978295 -0.194595 0.071220 -0.991493 -0.000000 0.130160 -0.622212 -0.622212 0.475084 -0.627073 -0.627073 0.462124 -0.852605 0.169594 -0.494269 -0.879599 0.174963 -0.442373 -0.918887 -0.380616 -0.103820 -0.918935 -0.380636 -0.103322 -0.431532 -0.645832 0.629826 -0.433236 -0.648384 0.626023 -0.795210 -0.531343 -0.292089 
						-0.797664 -0.532982 -0.282245 -0.247575 -0.597698 0.762537 -0.243812 -0.588612 0.770773 -0.623720 -0.623720 -0.471112 -0.627995 -0.627995 -0.459613 -0.096427 -0.484773 0.869308 -0.090219 -0.453563 0.886646 -0.431789 -0.646217 -0.629256 -0.433433 -0.648677 -0.625583 0.000000 -0.325965 0.945382 0.000000 -0.267577 0.963537 -0.247498 -0.597512 -0.762709 -0.243742 -0.588444 -0.770924 0.028268 -0.142115 0.989446 0.012034 -0.060497 0.998096 -0.096553 -0.485404 -0.868942 -0.090379 -0.454364 -0.886220 -0.957632 -0.287996 0.000001 -0.958068 -0.286541 -0.000000 -0.958022 -0.286695 -0.000000 -0.957611 -0.288063 0.000001 -0.957020 -0.290022 0.000000 -0.957018 -0.290029 0.000000 -0.956341 -0.292254 -0.000001 -0.956342 -0.292248 -0.000001 -0.956112 -0.293001 0.000001 -0.956039 -0.293239 0.000001 -0.956272 -0.292479 0.000001 -0.956394 -0.292080 0.000001 -0.954427 -0.298445 -0.000001 -0.954590 -0.297922 -0.000001 -0.954755 -0.297395 -0.000001 -0.954626 -0.297806 -0.000001 -0.954898 -0.296933 -0.000001 -0.954795 -0.297266 -0.000001 -0.955215 -0.295912 -0.000001 -0.955119 -0.296222 -0.000001 -0.955530 -0.294894 -0.000000 -0.955474 -0.295077 -0.000000 -0.955715 -0.294293 0.000001 -0.955738 -0.294220 0.000001 -0.955564 -0.294784 0.000001 -0.955677 -0.294416 0.000001 -0.955045 -0.296462 0.000001 -0.955163 -0.296082 0.000001 -0.953283 -0.302079 0.000001 -0.952463 -0.304653 0.000001 -0.953559 -0.301206 -0.000000 -0.950549 -0.310574 -0.000000 -0.965172 -0.261618 -0.000000 -0.964643 -0.263561 -0.000000 -0.959232 -0.282621 0.000000 -0.961256 -0.275659 0.000000 -0.958012 -0.286727 -0.000000 -0.958330 -0.285663 -0.000000 -0.956790 -0.290781 -0.000000 -0.956772 -0.290839 -0.000000 -0.956002 -0.293359 0.000001 -0.956043 -0.293227 0.000001 -0.955412 -0.295275 0.000001 -0.955486 -0.295035 0.000001 -0.955100 -0.296283 -0.000000 -0.955141 -0.296153 -0.000000 -0.955072 -0.296375 -0.000000 
						-0.955050 -0.296445 -0.000000 -0.955313 -0.295595 -0.000000 -0.955233 -0.295855 -0.000000 -0.955761 -0.294143 0.000000 -0.955639 -0.294541 -0.000000 -0.956344 -0.292244 -0.000000 -0.956196 -0.292728 -0.000000 -0.956978 -0.290160 -0.000000 -0.956822 -0.290673 -0.000000 -0.957557 -0.288245 0.000000 -0.957408 -0.288737 -0.000000 -0.958006 -0.286748 -0.000001 -0.957874 -0.287189 -0.000001 -0.958267 -0.285875 -0.000000 -0.958161 -0.286231 -0.000000 -0.958284 -0.285818 0.000000 -0.958209 -0.286070 0.000000 0.100398 -0.019973 0.994747 0.019157 0.000000 0.999817 0.001128 -0.193618 0.981076 0.048394 -0.206279 0.977296 -0.600708 -0.600709 0.527541 -0.446044 -0.667553 0.596169 -0.543724 -0.608363 0.578150 -0.675196 -0.532825 0.510105 0.000000 -0.608914 0.793236 0.150255 -0.630687 0.761352 -0.287266 -0.693522 0.660686 -0.406351 -0.649671 0.642501 0.131250 -0.659841 0.739854 0.272111 -0.653140 0.706657 -0.135264 -0.680017 0.720611 -0.272159 -0.657479 0.702603 0.280485 -0.677151 0.680290 0.405325 -0.643863 0.648962 0.000000 -0.631984 0.774981 -0.149543 -0.635193 0.757738 0.438654 -0.656492 0.613679 0.542022 -0.603425 0.584886 0.110551 -0.555778 0.823947 -0.045867 -0.587043 0.808255 0.593348 -0.593348 0.543945 0.672858 -0.528342 0.517800 0.189800 -0.458218 0.868339 0.033622 -0.521014 0.852886 0.733696 -0.490240 0.470484 0.789343 -0.421458 0.446442 0.234075 -0.350318 0.906910 0.086484 -0.445902 0.890894 0.848833 -0.351598 0.394792 0.883008 -0.286306 0.371921 0.244215 -0.244215 0.938466 0.111183 -0.368754 0.922853 0.929085 -0.184807 0.320386 0.945440 -0.127753 0.299704 0.479365 0.858814 -0.180684 0.483955 0.860757 -0.157750 0.485840 0.864488 -0.128918 0.484784 0.869413 -0.095423 0.480959 0.874783 -0.058587 0.474949 0.879791 -0.019752 0.467654 0.883691 0.019751 0.460151 0.885905 0.058588 0.453557 0.886104 0.095422 
						0.448867 0.884251 0.128915 0.446819 0.880607 0.157749 0.447756 0.875710 0.180684 0.451565 0.870298 0.196649 0.457670 0.865203 0.204846 0.465121 0.861220 0.204846 0.472749 0.858974 0.196649 0.479365 0.858814 0.180685 0.483956 0.860756 0.157750 0.485848 0.864484 0.128916 0.484786 0.869412 0.095423 0.480954 0.874786 0.058588 0.474948 0.879792 0.019751 0.467651 0.883693 -0.019751 0.460152 0.885905 -0.058589 0.453554 0.886106 -0.095423 0.448867 0.884251 -0.128916 0.446821 0.880606 -0.157750 0.447766 0.875705 -0.180685 0.451590 0.870284 -0.196651 0.457668 0.865204 -0.204846 0.465093 0.861235 -0.204848 0.472748 0.858975 -0.196650 0.222424 -0.148619 0.963556 0.108850 -0.297840 0.948390 0.961742 0.000000 0.273956 0.971792 0.045663 0.231375 -0.135993 -0.056330 0.989107 -0.190965 -0.127599 0.973268 -0.105558 -0.295873 0.949377 -0.082833 -0.240880 0.967014 0.171774 -0.071151 0.982563 0.086050 -0.242088 0.966431 -0.959604 -0.000000 0.281353 -0.931991 -0.185385 0.311490 -0.947189 -0.129365 0.293425 -0.969170 0.047707 0.241732 -0.219199 -0.219199 0.950738 -0.107969 -0.365955 0.924348 -0.853526 -0.353542 0.382756 -0.884357 -0.287801 0.367537 -0.216052 -0.323345 0.921287 -0.083571 -0.442280 0.892975 -0.740148 -0.494551 0.455632 -0.791657 -0.424723 0.439193 -0.062795 -0.012488 0.997948 -0.045174 -0.205693 0.977573 -0.001754 -0.390947 0.920412 0.005347 -0.384255 0.923212 -0.017682 -0.924386 0.381049 0.079793 -0.921894 0.379137 0.117981 -0.971558 0.205320 0.008796 -0.978539 0.205873 -0.002673 -0.411673 0.911328 0.182434 -0.908924 0.374934 0.229100 -0.951900 0.203470 0.005187 -0.444852 0.895589 0.279612 -0.886796 0.367982 0.332340 -0.921694 0.200079 0.025672 -0.487910 0.872517 0.376399 -0.854201 0.358697 0.433493 -0.879726 0.195363 0.067643 -0.531383 0.844427 0.468255 -0.812764 0.346629 
						0.526805 -0.828703 0.189018 0.128723 -0.571045 0.810764 0.555651 -0.762310 0.331867 0.613816 -0.768379 0.181173 0.206725 -0.603575 0.770041 0.639541 -0.701276 0.314960 0.695519 -0.697580 0.172149 0.300468 -0.623358 0.721903 0.719485 -0.627997 0.296583 0.770996 -0.615836 0.162208 0.407849 -0.619572 0.670663 0.792608 -0.543303 0.276757 0.835986 -0.527610 0.150846 0.521947 -0.587385 0.618507 0.849480 -0.464503 0.250240 0.885542 -0.444093 0.136370 0.635643 -0.532754 0.558687 0.905168 -0.358666 0.228102 0.935052 -0.331824 0.124784 0.742498 -0.450944 0.495325 0.946343 -0.251926 0.202408 0.967916 -0.225714 0.110414 0.836016 -0.345042 0.426641 0.974381 -0.141853 0.174527 0.988572 -0.116981 0.095084 0.909707 -0.217434 0.353773 0.988923 -0.025815 0.146170 0.996859 -0.007116 0.078876 0.956971 -0.070944 0.281379 0.990790 0.077522 0.111021 0.994343 0.088301 0.059033 0.978444 0.079354 0.190655 0.987865 0.143592 0.059191 0.989319 0.142641 0.030010 -0.958616 -0.074015 0.274914 -0.975206 0.085037 0.204310 -0.988164 0.141821 0.058462 -0.991003 0.075768 0.110330 -0.994492 0.086808 0.058732 -0.989506 0.141394 0.029748 -0.910591 -0.219371 0.350286 -0.989114 -0.033423 0.143304 -0.996877 -0.020249 0.076325 -0.837894 -0.350335 0.418568 -0.974009 -0.146304 0.172921 -0.986807 -0.133186 0.092046 -0.744326 -0.458550 0.485500 -0.945627 -0.255609 0.201132 -0.963699 -0.244620 0.106977 -0.636628 -0.541207 0.549363 -0.904997 -0.359208 0.227924 -0.928031 -0.352243 0.121172 -0.521810 -0.596864 0.609482 -0.853384 -0.455706 0.253117 -0.880511 -0.454529 0.134554 -0.406886 -0.625749 0.665494 -0.792044 -0.544281 0.276451 -0.821859 -0.550399 0.146996 -0.298501 -0.629725 0.717177 -0.721384 -0.625441 0.297368 -0.751995 -0.639901 0.158211 -0.202797 -0.611750 0.764615 -0.643360 -0.697221 0.316181 -0.672906 -0.720301 0.168417 
						-0.122268 -0.580439 0.805072 -0.562397 -0.756612 0.333539 -0.588939 -0.788344 0.177946 -0.059224 -0.540237 0.839426 -0.477867 -0.806363 0.348457 -0.498689 -0.846549 0.186185 -0.018034 -0.493732 0.869427 -0.386885 -0.848867 0.360201 -0.399744 -0.896125 0.192783 0.003536 -0.449520 0.893264 -0.292448 -0.882091 0.369310 -0.296600 -0.934231 0.198095 0.014574 -0.415722 0.909375 -0.199874 -0.904764 0.376101 -0.194578 -0.959814 0.202229 0.014872 -0.393111 0.919371 -0.107796 -0.918652 0.380078 -0.092414 -0.974419 0.204860 
					</float_array>
					<technique_common>
						<accessor count="978" offset="0" source="#meshId3-tangents-array" stride="3">
							<param name="X" type="float" />
							<param name="Y" type="float" />
							<param name="Z" type="float" />
						</accessor>
					</technique_common>
				</source>
				<source id="meshId3-bitangents" name="meshId3-bitangents">
					<float_array id="meshId3-bitangents-array" count="2934"> 
						0.885691 -0.000000 0.464275 0.870683 -0.000000 0.491844 0.752576 -0.149697 0.641265 0.754692 -0.150118 0.638674 0.588681 -0.243840 0.770712 0.576619 -0.238843 0.781322 0.400902 -0.267875 0.876082 0.381682 -0.255032 0.888413 0.215428 -0.215428 0.952461 0.199613 -0.199613 0.959327 0.060427 -0.090436 0.994067 0.055587 -0.083192 0.994982 -0.037735 0.091101 0.995126 -0.031738 0.076623 0.996555 -0.059937 0.301322 0.951637 -0.051220 0.257499 0.964920 0.000000 0.504257 0.863554 0.000000 0.434352 0.900743 0.132027 0.663747 0.736212 0.115770 0.582013 0.804896 0.311819 0.752797 0.579711 0.280878 0.678099 0.679183 0.507790 0.759961 0.405721 0.472429 0.707040 0.526218 0.688883 0.688883 0.225569 0.662295 0.662295 0.350329 0.830416 0.554867 0.050316 0.820788 0.548434 0.159773 0.918725 0.380549 -0.105482 0.923552 0.382548 -0.026632 0.957705 0.190499 -0.215662 0.965628 0.192075 -0.175127 0.967094 -0.000000 -0.254420 0.972238 -0.000000 -0.233995 0.758247 -0.000000 -0.651967 0.758280 -0.000000 -0.651929 0.702780 -0.139792 -0.697538 0.699714 -0.139182 -0.700735 0.565763 -0.234347 -0.790566 0.554618 -0.229730 -0.799764 0.392158 -0.262032 -0.881789 0.374261 -0.250073 -0.892968 0.213018 -0.213018 -0.953544 0.197100 -0.197100 -0.960366 0.060290 -0.090230 -0.994094 0.054634 -0.081765 -0.995153 -0.037370 0.090219 -0.995221 -0.032123 0.077552 -0.996471 -0.059618 0.299719 -0.952163 -0.051319 0.258000 -0.964781 0.000000 0.501777 -0.864997 0.000000 0.434222 -0.900806 0.131406 0.660621 -0.739129 0.115581 0.581064 -0.805609 0.310718 0.750140 -0.583732 0.280362 0.676852 -0.680638 0.506948 0.758702 -0.409115 0.471827 0.706139 -0.527965 0.689088 0.689089 -0.224308 0.662238 0.662238 -0.350545 0.830917 0.555201 -0.036460 0.821653 0.549011 -0.153210 0.913607 0.378428 0.148707 0.922425 0.382081 0.056086 
						-0.881933 0.471374 -0.000000 -0.881925 0.471389 -0.000000 -0.881920 0.471399 -0.000000 -0.881917 0.471404 -0.000000 -0.881923 0.471394 -0.000000 -0.881922 0.471396 -0.000000 -0.881922 0.471396 -0.000000 -0.881922 0.471396 -0.000000 -0.881921 0.471397 -0.000000 -0.881921 0.471397 -0.000000 -0.881921 0.471397 -0.000000 -0.881921 0.471396 -0.000000 -0.881921 0.471397 -0.000000 -0.881921 0.471397 -0.000000 -0.881921 0.471397 -0.000000 -0.881921 0.471397 -0.000000 -0.881921 0.471397 -0.000000 -0.881921 0.471396 -0.000000 -0.881921 0.471398 -0.000000 -0.881921 0.471397 -0.000000 -0.881921 0.471396 -0.000000 -0.881921 0.471398 -0.000000 -0.881921 0.471398 -0.000000 -0.881923 0.471394 -0.000000 -0.881923 0.471394 -0.000000 -0.881921 0.471398 -0.000000 -0.881919 0.471401 -0.000000 -0.881925 0.471391 -0.000000 -0.881933 0.471375 -0.000000 -0.881920 0.471398 -0.000000 -0.881941 0.471359 -0.000000 -0.881923 0.471394 -0.000000 0.927104 0.184412 0.326298 0.945399 0.188052 0.266189 -0.382305 -0.922966 -0.044465 -0.540008 -0.808178 -0.235031 -0.522482 -0.781949 -0.339953 -0.378640 -0.914117 -0.144991 0.882427 0.470449 0.000000 0.883079 0.469225 -0.000000 0.883345 0.468723 -0.000000 0.882673 0.469987 0.000000 0.882076 0.471106 0.000000 0.882284 0.470718 0.000000 0.882088 0.471084 -0.000000 0.882246 0.470789 -0.000000 0.882490 0.470331 -0.000000 0.882593 0.470138 -0.000000 0.883236 0.468929 -0.000000 0.883289 0.468829 -0.000000 0.884203 0.467104 0.000000 0.884215 0.467080 0.000000 0.885191 0.465228 -0.000000 0.885184 0.465242 -0.000000 0.886016 0.463655 -0.000000 0.886030 0.463628 -0.000000 0.886647 0.462446 0.000000 0.886705 0.462335 0.000000 0.887486 0.460835 0.000000 0.887566 0.460680 0.000000 0.888954 0.457997 0.000000 0.888957 0.457990 0.000000 0.891302 0.453410 0.000000 0.891079 0.453849 0.000000 
						0.894293 0.447482 -0.000000 0.893543 0.448978 -0.000000 0.898731 0.438502 -0.000000 0.897668 0.440673 -0.000000 0.900861 0.434108 -0.000000 0.905494 0.424359 -0.000000 0.872531 0.488559 -0.000000 0.877885 0.478872 -0.000000 0.878142 0.478400 -0.000000 0.874737 0.484598 -0.000000 0.881296 0.472565 -0.000000 0.878203 0.478288 -0.000000 0.881374 0.472419 -0.000000 0.880450 0.474138 -0.000000 0.880744 0.473593 0.000000 0.880817 0.473457 0.000000 0.881682 0.471844 0.000000 0.881869 0.471494 0.000000 0.883020 0.469335 0.000000 0.883143 0.469105 0.000000 0.884311 0.466898 0.000000 0.884356 0.466814 0.000000 0.885405 0.464821 0.000000 0.885405 0.464820 0.000000 0.886194 0.463315 0.000000 0.886193 0.463316 0.000000 0.886584 0.462568 0.000000 0.886615 0.462509 0.000000 0.886608 0.462522 0.000000 0.886689 0.462367 0.000000 0.886296 0.463120 0.000000 0.886441 0.462841 0.000000 0.885655 0.464344 0.000000 0.885861 0.463952 0.000000 0.884815 0.465943 0.000000 0.885060 0.465477 0.000000 0.883915 0.467648 -0.000000 0.884180 0.467147 -0.000000 -0.337569 0.814963 -0.471044 -0.163660 0.822774 -0.544295 -0.268315 0.787204 -0.555263 -0.421099 0.766719 -0.484580 0.000000 -0.946489 -0.322736 -0.193120 -0.970877 -0.141783 -0.194759 -0.979117 -0.058294 0.000000 -0.964474 -0.264178 -0.641469 -0.641469 -0.420756 -0.605685 -0.605685 -0.516034 -0.382270 -0.922881 0.046475 -0.378531 -0.913853 0.146926 -0.669609 -0.447419 -0.592823 -0.619160 -0.413709 -0.667447 -0.539815 -0.807890 0.236461 -0.522151 -0.781455 0.341593 -0.622034 -0.257655 -0.739383 -0.565768 -0.234349 -0.790561 -0.301314 -0.000000 0.953525 -0.095889 0.019074 0.995209 -0.084975 0.016903 0.996240 -0.268722 -0.000000 0.963218 -0.641106 -0.641106 0.421861 -0.604692 -0.604692 0.518358 -0.522068 -0.103846 -0.846558 -0.465132 -0.092521 -0.880393 
						0.097317 -0.040310 0.994437 0.091738 -0.037999 0.995058 -0.668186 -0.446468 0.595142 -0.615638 -0.411356 0.672143 -0.432601 0.000000 -0.901586 -0.374632 0.000000 -0.927174 0.248304 -0.165911 0.954368 0.236267 -0.157869 0.958778 -0.613752 -0.254224 0.747448 -0.555172 -0.229960 0.799314 -0.098917 0.000000 -0.995096 -0.050632 0.010071 -0.998667 -0.058826 0.011701 -0.998200 -0.119759 0.000000 -0.992803 0.336242 -0.336242 0.879706 0.327069 -0.327069 0.886596 -0.484439 -0.096361 0.869502 -0.433414 -0.086211 0.897062 0.107985 -0.044729 -0.993146 0.106908 -0.044283 -0.993282 0.350922 -0.525192 0.775260 0.348844 -0.522081 0.778293 0.252048 -0.168413 -0.952947 0.243749 -0.162868 -0.956065 0.292323 -0.705730 0.645362 0.295517 -0.713442 0.635350 0.338672 -0.338672 -0.877840 0.330774 -0.330774 -0.883842 0.169620 -0.852735 0.494037 0.172996 -0.869708 0.462256 0.352524 -0.527590 -0.772901 0.350722 -0.524892 -0.775553 -0.000000 -0.945557 0.325457 -0.000000 -0.963666 0.267111 0.293180 -0.707799 -0.642703 0.296420 -0.715621 -0.632472 -0.193050 -0.970528 0.144250 -0.194729 -0.978970 0.060811 0.169926 -0.854277 -0.491260 0.173302 -0.871246 -0.459236 -0.287455 -0.957794 0.000000 -0.285889 -0.958263 -0.000000 -0.286113 -0.958196 -0.000000 -0.287593 -0.957753 0.000000 -0.289453 -0.957192 0.000000 -0.289519 -0.957172 -0.000000 -0.291614 -0.956536 0.000000 -0.291631 -0.956531 0.000000 -0.293632 -0.955919 0.000000 -0.293633 -0.955918 -0.000000 -0.295223 -0.955428 -0.000000 -0.295247 -0.955421 -0.000000 -0.296151 -0.955141 0.000000 -0.296237 -0.955115 0.000000 -0.296281 -0.955101 0.000000 -0.296464 -0.955044 0.000000 -0.295569 -0.955321 0.000000 -0.295871 -0.955228 0.000000 -0.294137 -0.955763 0.000000 -0.294545 -0.955637 0.000000 -0.292266 -0.956337 -0.000000 -0.292722 -0.956198 -0.000000 -0.290409 -0.956903 -0.000000 -0.290800 -0.956784 -0.000000 
						-0.289286 -0.957243 -0.000000 -0.289508 -0.957176 -0.000000 -0.289726 -0.957110 0.000000 -0.289980 -0.957033 0.000000 -0.291130 -0.956684 0.000000 -0.292839 -0.956162 0.000000 -0.296555 -0.955016 -0.000000 -0.304492 -0.952515 -0.000000 -0.255267 -0.966870 -0.000000 -0.256985 -0.966415 -0.000000 -0.272577 -0.962134 0.000000 -0.265481 -0.964116 0.000000 -0.274098 -0.961702 -0.000000 -0.273142 -0.961974 -0.000000 -0.279277 -0.960211 -0.000000 -0.279370 -0.960184 -0.000000 -0.284593 -0.958648 -0.000000 -0.284416 -0.958701 -0.000000 -0.288611 -0.957447 -0.000000 -0.288290 -0.957543 -0.000000 -0.291107 -0.956691 -0.000000 -0.290870 -0.956763 -0.000000 -0.292221 -0.956351 -0.000000 -0.292167 -0.956367 -0.000000 -0.292191 -0.956360 -0.000000 -0.292322 -0.956320 -0.000000 -0.291297 -0.956633 -0.000000 -0.291579 -0.956547 -0.000000 -0.289837 -0.957076 0.000000 -0.290222 -0.956959 -0.000000 -0.288159 -0.957582 -0.000000 -0.288603 -0.957449 -0.000000 -0.286561 -0.958062 -0.000000 -0.287025 -0.957923 0.000000 -0.285358 -0.958421 -0.000000 -0.285798 -0.958290 -0.000000 -0.284792 -0.958589 0.000000 -0.285177 -0.958475 0.000000 -0.284968 -0.958537 0.000000 -0.285279 -0.958444 0.000000 -0.976017 -0.194142 0.098486 -0.999885 -0.000000 0.015138 -0.999999 -0.000295 -0.001493 -0.980464 -0.178320 0.083023 0.375046 -0.375046 0.847750 0.332716 -0.497945 0.800844 0.199184 -0.578961 0.790652 0.252986 -0.486401 0.836309 0.000000 0.789487 -0.613768 -0.122694 0.773590 -0.621696 0.253799 -0.612725 0.748434 0.116821 -0.663255 0.739219 0.143240 0.720118 -0.678905 0.007679 0.729972 -0.683434 0.141037 -0.709042 0.690918 0.008105 -0.730997 0.682333 0.257743 0.622247 -0.739173 0.116267 0.662371 -0.740099 -0.000000 -0.777656 0.628690 -0.122426 -0.774721 0.620338 0.337684 0.505380 -0.794078 0.198518 0.578218 -0.791363 -0.161345 -0.811134 0.562165 -0.268221 -0.788383 0.553632 
						0.380191 0.380191 -0.843155 0.252097 0.485700 -0.836984 -0.333211 -0.804443 0.491774 -0.421173 -0.767887 0.482663 0.385661 0.257690 -0.885924 0.276830 0.393094 -0.876836 -0.504713 -0.755356 0.417974 -0.572205 -0.711456 0.407935 0.358341 0.148430 -0.921716 0.275244 0.308512 -0.910528 -0.664663 -0.664663 0.341243 -0.711957 -0.619857 0.329991 0.307228 0.061111 -0.949672 0.256728 0.239478 -0.936345 -0.284571 -0.938118 -0.197369 -0.284128 -0.936629 -0.204932 -0.284123 -0.936631 -0.204932 -0.284576 -0.938116 -0.197369 -0.285415 -0.940881 -0.182433 -0.286522 -0.944530 -0.160524 -0.287733 -0.948529 -0.132296 -0.288871 -0.952268 -0.098693 -0.289746 -0.955160 -0.060959 -0.290220 -0.956738 -0.020617 -0.290221 -0.956738 0.020618 -0.289743 -0.955161 0.060960 -0.288869 -0.952268 0.098692 -0.287733 -0.948529 0.132296 -0.286523 -0.944530 0.160523 -0.285414 -0.940881 0.182432 -0.284573 -0.938117 0.197369 -0.284126 -0.936630 0.204932 -0.284122 -0.936631 0.204932 -0.284572 -0.938117 0.197369 -0.285414 -0.940881 0.182432 -0.286521 -0.944530 0.160524 -0.287734 -0.948529 0.132296 -0.288868 -0.952269 0.098692 -0.289739 -0.955162 0.060958 -0.290220 -0.956738 0.020617 -0.290226 -0.956736 -0.020617 -0.289740 -0.955162 -0.060960 -0.288858 -0.952271 -0.098694 -0.287726 -0.948531 -0.132297 -0.286508 -0.944534 -0.160525 -0.285412 -0.940882 -0.182432 -0.802408 -0.536152 0.262073 -0.831496 -0.496383 0.249436 0.266796 -0.000000 -0.963753 0.228824 0.188482 -0.955047 -0.913161 0.378244 -0.151886 -0.808302 0.540090 -0.234416 -0.831190 0.495544 -0.252108 -0.922767 0.345965 -0.169735 -0.908624 -0.376364 0.180979 -0.923018 -0.346675 0.166894 0.286670 -0.000000 0.958030 0.310561 -0.061775 0.948544 0.263880 -0.240449 0.934105 0.255160 -0.187210 0.948602 -0.670989 0.670989 -0.315513 -0.711666 0.618882 -0.332440 0.355976 -0.147450 0.922789 0.280101 -0.310092 0.908508 
						-0.510491 0.764003 -0.394587 -0.571995 0.710362 -0.410130 0.381258 -0.254749 0.888676 0.278647 -0.394068 0.875823 -0.978481 0.194632 -0.068509 -0.980322 0.177699 -0.085972 -0.983639 0.164283 -0.073932 -0.999990 0.001719 0.004131 -0.999894 -0.013461 -0.005549 -0.993836 0.104223 -0.037787 -0.992042 0.125022 -0.014920 -0.999919 0.012476 0.002625 -0.935486 0.319231 -0.151517 -0.972981 0.220127 -0.069654 -0.971278 0.235732 -0.032380 -0.858438 0.459435 -0.228044 -0.937811 0.332150 -0.100931 -0.937996 0.343076 -0.049623 -0.757114 0.578792 -0.302949 -0.889156 0.438330 -0.131408 -0.892752 0.445610 -0.066520 -0.637507 0.672631 -0.375703 -0.828138 0.536942 -0.160874 -0.836263 0.542021 -0.082934 -0.506527 0.738074 -0.445732 -0.756144 0.626474 -0.189145 -0.769416 0.631069 -0.098746 -0.371495 0.774137 -0.512545 -0.674735 0.705733 -0.216039 -0.693204 0.711696 -0.113828 -0.239599 0.781799 -0.575658 -0.585570 0.773849 -0.241383 -0.608709 0.782990 -0.128065 -0.117363 0.763876 -0.634602 -0.490366 0.830243 -0.265022 -0.517107 0.844169 -0.141351 -0.010206 0.724712 -0.688977 -0.390805 0.874650 -0.286810 -0.419602 0.894620 -0.153587 0.077935 0.669835 -0.738409 -0.288505 0.907056 -0.306616 -0.317456 0.933863 -0.164688 0.144697 0.605391 -0.782665 -0.185103 0.927650 -0.324349 -0.212062 0.961534 -0.174593 0.188740 0.537519 -0.821858 -0.082955 0.936737 -0.340063 -0.105582 0.977368 -0.183314 0.211461 0.472933 -0.855347 0.020337 0.935392 -0.353027 0.000625 0.981638 -0.190754 0.220407 0.417869 -0.881366 0.105860 0.924816 -0.365389 0.090991 0.976037 -0.197667 0.199391 0.376545 -0.904686 0.148026 0.914345 -0.376910 0.138510 0.969145 -0.203897 0.228475 -0.418477 0.879020 0.233131 -0.373673 0.897785 0.165741 -0.911743 0.375838 0.119454 -0.923759 0.363868 0.104877 -0.974809 0.196843 0.156653 -0.966495 0.203339 0.217593 -0.474411 0.852988 
						0.023379 -0.935488 0.352584 -0.001489 -0.981605 0.190918 0.189523 -0.537844 0.821465 -0.077059 -0.937620 0.339015 -0.111203 -0.976645 0.183844 0.143266 -0.604513 0.783606 -0.178840 -0.929342 0.323016 -0.220553 -0.959448 0.175545 0.075983 -0.668184 0.740106 -0.280696 -0.910164 0.304651 -0.327700 -0.930078 0.166038 -0.012237 -0.722404 0.691363 -0.381408 -0.879691 0.284027 -0.431185 -0.888786 0.155369 -0.119267 -0.760972 0.637728 -0.479644 -0.837659 0.261284 -0.529632 -0.835984 0.143600 -0.241224 -0.778407 0.579563 -0.573942 -0.783975 0.236590 -0.621720 -0.772240 0.130803 -0.372750 -0.770391 0.517258 -0.662716 -0.718786 0.210130 -0.706176 -0.698293 0.117055 -0.507376 -0.734135 0.451238 -0.744317 -0.642518 0.182109 -0.781808 -0.615045 0.102444 -0.637978 -0.668650 0.381957 -0.817104 -0.555885 0.152754 -0.847545 -0.523533 0.087069 -0.757286 -0.574884 0.309881 -0.879502 -0.459910 0.122304 -0.902432 -0.424936 0.071036 -0.858420 -0.455674 0.235534 -0.930061 -0.355958 0.090996 -0.945651 -0.320591 0.054452 -0.935394 -0.315630 0.159426 -0.967560 -0.245634 0.059085 -0.976575 -0.211896 0.037439 -0.983566 -0.160801 0.082102 -0.991048 -0.130787 0.026823 -0.994749 -0.100351 0.020122 -0.591606 0.000000 0.806227 -0.678031 0.000000 0.735034 -0.797610 -0.158654 0.581934 -0.718833 -0.142984 0.680320 -0.839897 -0.347897 0.416582 -0.784045 -0.324762 0.528965 -0.805812 -0.538426 0.246504 -0.774046 -0.517201 0.365179 -0.706010 -0.706010 0.055683 -0.695955 -0.695955 0.176897 -0.549887 -0.822965 -0.142664 -0.555037 -0.830672 -0.043799 -0.362311 -0.874697 -0.321925 -0.369431 -0.891886 -0.260884 -0.170402 -0.856669 -0.486909 -0.173351 -0.871496 -0.458742 -0.000000 -0.770656 -0.637252 -0.000000 -0.773228 -0.634128 0.124935 -0.628090 -0.768046 0.122549 -0.616093 -0.778081 0.186034 -0.449126 -0.873887 0.177985 -0.429693 -0.885260 0.172714 -0.258485 -0.950450 
						0.162491 -0.243185 -0.956273 0.085381 -0.085381 -0.992683 0.082901 -0.082901 -0.993104 -0.060289 0.040284 -0.997368 -0.045423 0.030351 -0.998507 -0.230850 0.095622 -0.968279 -0.201630 0.083518 -0.975895 -0.375123 0.074616 -0.923967 -0.371163 0.073829 -0.925628 -0.400558 0.000000 -0.916271 -0.425362 0.000000 -0.905023 -0.742000 0.000000 -0.670400 -0.805014 0.000000 -0.593256 -0.849328 -0.168941 -0.500100 -0.793252 -0.157787 -0.588095 -0.861920 -0.357018 -0.360045 -0.818468 -0.339020 -0.463870 -0.815109 -0.544638 -0.197401 -0.790550 -0.528228 -0.309850 -0.706916 -0.706916 -0.023222 -0.701051 -0.701051 -0.130597 -0.548955 -0.821569 0.153857 -0.554355 -0.829650 0.066122 -0.361623 -0.873036 0.327165 -0.368606 -0.889892 0.268741 -0.170098 -0.855140 0.489697 -0.173008 -0.869772 0.462131 -0.000000 -0.769470 0.638683 -0.000000 -0.771815 0.635847 0.124579 -0.626300 0.769564 0.122090 -0.613789 0.779972 0.184843 -0.446250 0.875610 0.176398 -0.425863 0.887426 0.169827 -0.254163 0.952134 0.158698 -0.237507 0.958335 0.080022 -0.080022 0.993576 0.075250 -0.075250 0.994321 -0.065852 0.044000 0.996859 -0.069442 0.046399 0.996506 -0.253236 0.104893 0.961701 -0.224453 0.092971 0.970040 0.290280 -0.956942 0.000000 0.290275 -0.956943 0.000000 0.290279 -0.956942 0.000000 0.290288 -0.956939 0.000000 0.290280 -0.956942 0.000000 0.290279 -0.956942 0.000000 0.290278 -0.956942 0.000000 0.290277 -0.956943 0.000000 0.290280 -0.956942 0.000000 0.290293 -0.956938 0.000000 0.290285 -0.956940 0.000000 0.290280 -0.956942 0.000000 0.290281 -0.956941 0.000000 0.290283 -0.956941 0.000000 0.290285 -0.956940 0.000000 0.290281 -0.956942 0.000000 0.290278 -0.956942 0.000000 0.290283 -0.956941 0.000000 0.290287 -0.956940 0.000000 0.290286 -0.956940 0.000000 0.290281 -0.956941 0.000000 0.290286 -0.956940 0.000000 0.290286 -0.956940 0.000000 
						0.290278 -0.956942 0.000000 0.290286 -0.956940 0.000000 0.290282 -0.956941 0.000000 0.290285 -0.956940 0.000000 0.290282 -0.956941 0.000000 0.290295 -0.956937 0.000000 0.290291 -0.956938 0.000000 0.290295 -0.956937 0.000000 0.290283 -0.956941 0.000000 -0.496756 0.098810 0.862247 -0.419989 0.083540 0.903676 0.382324 -0.923011 0.043351 0.540265 -0.808563 0.233108 0.523078 -0.782843 0.336966 0.378737 -0.914353 0.143239 -0.622046 -0.782980 -0.000000 -0.623494 -0.781828 -0.000000 -0.623355 -0.781939 0.000000 -0.622001 -0.783016 -0.000000 -0.620260 -0.784396 -0.000000 -0.620267 -0.784391 -0.000000 -0.621041 -0.783778 0.000002 -0.620622 -0.784110 0.000002 -0.623216 -0.782050 0.000002 -0.623081 -0.782157 0.000002 -0.622369 -0.782724 0.000001 -0.621901 -0.783096 0.000001 -0.628013 -0.778203 0.000001 -0.626151 -0.779702 0.000001 -0.633686 -0.773590 0.000000 -0.632224 -0.774786 -0.000000 -0.633962 -0.773364 -0.000000 -0.634770 -0.772701 -0.000000 -0.627678 -0.778473 0.000000 -0.629323 -0.777144 -0.000000 -0.626524 -0.779402 -0.000001 -0.627181 -0.778873 -0.000001 -0.622763 -0.782410 -0.000000 -0.623353 -0.781941 -0.000000 -0.615070 -0.788473 0.000001 -0.615454 -0.788172 0.000001 -0.601849 -0.798610 0.000001 -0.601729 -0.798701 0.000001 -0.582210 -0.813038 0.000002 -0.581581 -0.813489 0.000002 -0.568389 -0.822760 0.000002 -0.568331 -0.822800 0.000002 -0.610305 -0.792167 0.000001 -0.607254 -0.794507 0.000001 -0.668633 -0.743592 0.000000 -0.664810 -0.747012 0.000000 -0.658023 -0.752998 0.000000 -0.658582 -0.752509 0.000000 -0.644781 -0.764367 0.000000 -0.646383 -0.763013 -0.000000 -0.636354 -0.771397 0.000002 -0.637781 -0.770218 0.000002 -0.632270 -0.774748 0.000002 -0.633131 -0.774045 0.000002 -0.631260 -0.775571 -0.000000 -0.631524 -0.775356 -0.000000 -0.631580 -0.775311 0.000000 -0.630538 -0.776159 -0.000000 -0.636478 -0.771295 0.000000 
						-0.636012 -0.771679 -0.000000 -0.632111 -0.774878 0.000000 -0.633016 -0.774139 -0.000000 -0.631533 -0.775349 0.000001 -0.631713 -0.775202 0.000001 -0.630116 -0.776501 0.000001 -0.629949 -0.776637 0.000001 -0.627569 -0.778561 0.000001 -0.626489 -0.779430 0.000001 -0.631088 -0.775712 0.000001 -0.630628 -0.776085 0.000001 -0.627395 -0.778701 0.000001 -0.627848 -0.778336 0.000001 -0.624623 -0.780927 0.000000 -0.624494 -0.781030 0.000000 0.338462 0.817118 0.466649 0.164194 0.825457 0.540056 0.268078 0.790163 0.551159 0.421253 0.769184 0.480522 0.000000 -0.945382 0.325964 0.193041 -0.970482 0.144569 0.194725 -0.978950 0.061151 0.000000 -0.963517 0.267646 0.642483 -0.642482 0.417651 0.607499 -0.607499 0.511752 0.382311 -0.922979 -0.044134 0.378658 -0.914161 -0.144666 0.672507 -0.449355 0.588059 0.622763 -0.416116 0.662582 0.540067 -0.808269 -0.234583 0.522494 -0.781969 -0.339888 0.629020 -0.260549 0.732426 0.573395 -0.237508 0.784097 0.301355 -0.000000 -0.953512 0.095668 0.019030 -0.995231 0.085118 0.016931 -0.996227 0.269018 -0.000000 -0.963135 0.641566 -0.641566 -0.420459 0.605211 -0.605211 -0.517146 0.535267 -0.106471 0.837946 0.477278 -0.094937 0.873609 -0.097642 -0.040445 -0.994399 -0.091686 -0.037977 -0.995064 0.668761 -0.446853 -0.594206 0.616242 -0.411760 -0.671342 0.443083 0.000000 0.896480 0.381156 0.000000 0.924511 -0.248472 -0.166024 -0.954305 -0.236198 -0.157823 -0.958803 0.614287 -0.254447 -0.746932 0.555751 -0.230201 -0.798842 0.110173 0.000000 0.993912 0.062500 0.012432 0.997968 0.069852 0.013894 0.997461 0.130160 0.000000 0.991493 -0.335935 -0.335935 -0.879941 -0.326771 -0.326771 -0.886815 0.484772 -0.096427 -0.869309 0.433873 -0.086303 -0.896831 -0.095917 -0.039730 0.994596 -0.095457 -0.039540 0.994648 -0.349913 -0.523681 -0.776736 -0.347800 -0.520519 -0.779805 -0.242863 -0.162276 0.956391 
						-0.234678 -0.156807 0.959342 -0.291811 -0.704493 -0.646944 -0.294962 -0.712101 -0.637110 -0.333127 -0.333127 0.882073 -0.324996 -0.324996 0.888119 -0.169594 -0.852605 -0.494271 -0.172976 -0.869609 -0.462449 -0.349596 -0.523207 0.777198 -0.347555 -0.520153 0.780158 0.000000 -0.945382 -0.325965 0.000000 -0.963537 -0.267577 -0.291876 -0.704651 0.646742 -0.295020 -0.712241 0.636927 0.193031 -0.970434 -0.144899 0.194719 -0.978918 -0.061682 -0.169522 -0.852245 0.494914 -0.172893 -0.869191 0.463265 0.287996 -0.957632 -0.000000 0.286541 -0.958068 -0.000000 0.286695 -0.958022 -0.000000 0.288063 -0.957611 -0.000000 0.290022 -0.957020 0.000000 0.290029 -0.957018 0.000000 0.292254 -0.956341 0.000000 0.292248 -0.956342 0.000000 0.293001 -0.956112 -0.000001 0.293239 -0.956039 -0.000001 0.292479 -0.956272 -0.000001 0.292080 -0.956394 -0.000001 0.298445 -0.954427 0.000000 0.297922 -0.954590 0.000000 0.297395 -0.954755 0.000000 0.297806 -0.954626 0.000000 0.296933 -0.954898 0.000000 0.297266 -0.954795 0.000000 0.295912 -0.955215 0.000000 0.296222 -0.955119 0.000000 0.294894 -0.955530 -0.000000 0.295077 -0.955474 0.000000 0.294293 -0.955715 -0.000000 0.294220 -0.955738 -0.000000 0.294784 -0.955564 -0.000000 0.294416 -0.955677 -0.000000 0.296462 -0.955045 -0.000000 0.296082 -0.955163 -0.000000 0.302079 -0.953283 -0.000001 0.304653 -0.952463 -0.000001 0.301206 -0.953559 0.000000 0.310574 -0.950549 0.000000 0.261618 -0.965172 0.000000 0.263561 -0.964643 0.000000 0.282621 -0.959232 -0.000000 0.275659 -0.961256 -0.000000 0.286727 -0.958012 -0.000000 0.285663 -0.958330 -0.000000 0.290781 -0.956790 -0.000000 0.290839 -0.956772 -0.000000 0.293359 -0.956002 -0.000000 0.293227 -0.956043 -0.000000 0.295275 -0.955412 -0.000000 0.295035 -0.955486 -0.000000 0.296283 -0.955100 0.000000 0.296153 -0.955141 -0.000000 0.296375 -0.955072 0.000000 
						0.296445 -0.955050 0.000000 0.295595 -0.955313 -0.000000 0.295855 -0.955233 -0.000000 0.294143 -0.955761 -0.000000 0.294541 -0.955639 -0.000000 0.292244 -0.956344 -0.000000 0.292728 -0.956196 -0.000000 0.290160 -0.956978 -0.000000 0.290673 -0.956822 0.000000 0.288245 -0.957557 -0.000000 0.288737 -0.957408 -0.000000 0.286748 -0.958006 0.000000 0.287189 -0.957874 0.000000 0.285875 -0.958267 -0.000000 0.286231 -0.958161 -0.000000 0.285818 -0.958284 -0.000000 0.286070 -0.958209 -0.000000 0.975633 -0.194064 -0.102365 0.999817 0.000000 -0.019157 0.999999 0.000218 -0.001107 0.980319 -0.177682 -0.086047 -0.373027 -0.373028 -0.849530 -0.331214 -0.495697 -0.802859 -0.197333 -0.576894 -0.792624 -0.250708 -0.484604 -0.838036 0.000000 0.793236 0.608914 0.122113 0.776037 0.618753 -0.252833 -0.610395 -0.750662 -0.115432 -0.661038 -0.741420 -0.144338 0.725637 0.672768 -0.008793 0.732649 0.680550 -0.140584 -0.706765 -0.693340 -0.007177 -0.728758 -0.684734 -0.260336 0.628506 0.732943 -0.118983 0.666696 0.735771 0.000000 -0.774981 -0.631984 0.122986 -0.772353 -0.623173 -0.340942 0.510255 0.789556 -0.201962 0.582058 0.787667 0.160744 -0.808115 -0.566667 0.268362 -0.786605 -0.556089 -0.384627 0.384627 0.839121 -0.256914 0.489489 0.833304 0.332299 -0.802240 -0.495972 0.421088 -0.766543 -0.484868 -0.391194 0.261387 0.882408 -0.282575 0.396169 0.873614 0.503852 -0.754068 -0.421324 0.571923 -0.709989 -0.410876 -0.364741 0.151080 0.918770 -0.281673 0.310603 0.907847 0.663595 -0.663596 -0.345372 0.711605 -0.618680 -0.332945 -0.314230 0.062504 0.947287 -0.263647 0.240418 0.934178 -0.877615 0.469096 -0.098692 -0.874171 0.467251 -0.132296 -0.870489 0.465275 -0.160522 -0.867123 0.463483 -0.182432 -0.864572 0.462126 -0.197369 -0.863203 0.461394 -0.204931 -0.863204 0.461392 -0.204931 -0.864573 0.462124 -0.197368 -0.867121 0.463486 -0.182431 
						-0.870485 0.465282 -0.160523 -0.874170 0.467252 -0.132295 -0.877617 0.469094 -0.098692 -0.880282 0.470519 -0.060958 -0.881734 0.471296 -0.020616 -0.881734 0.471296 0.020618 -0.880281 0.470520 0.060959 -0.877616 0.469095 0.098693 -0.874170 0.467252 0.132296 -0.870485 0.465283 0.160524 -0.867121 0.463486 0.182433 -0.864574 0.462121 0.197370 -0.863203 0.461392 0.204934 -0.863205 0.461389 0.204932 -0.864573 0.462124 0.197369 -0.867123 0.463483 0.182433 -0.870485 0.465282 0.160524 -0.874169 0.467254 0.132296 -0.877612 0.469104 0.098690 -0.880268 0.470544 0.060953 -0.881735 0.471294 0.020618 -0.881749 0.471269 -0.020610 -0.880282 0.470519 -0.060957 0.801167 -0.535324 -0.267507 0.831303 -0.495851 -0.251133 -0.273956 -0.000000 0.961742 -0.235838 0.188158 0.953403 0.913816 0.378515 0.147197 0.809243 0.540718 0.229671 0.831728 0.497026 0.247375 0.923137 0.347019 0.165516 0.907770 -0.376011 -0.185927 0.922843 -0.346177 -0.168885 -0.281353 -0.000000 -0.959604 -0.305505 -0.060769 -0.950249 -0.257293 -0.239556 -0.936169 -0.246395 -0.187650 -0.950830 0.672274 0.672273 0.309994 0.712101 0.620339 0.328773 -0.353620 -0.146474 -0.923850 -0.277411 -0.309218 -0.909631 0.511840 0.766022 0.388884 0.572356 0.712251 0.406334 -0.378844 -0.253135 -0.890168 -0.276031 -0.392665 -0.877281 0.978773 0.194690 0.064024 0.980472 0.178360 0.082837 0.983644 0.165103 0.072003 0.999986 0.002055 -0.004937 0.999844 -0.016348 0.006739 0.994035 0.101960 0.038718 0.992203 0.123700 0.015200 0.999961 0.008607 -0.001811 0.935506 0.320947 0.147725 0.972341 0.223348 0.068327 0.970209 0.240223 0.031421 0.858424 0.461354 0.224190 0.936476 0.336423 0.099160 0.936198 0.348105 0.048533 0.757080 0.579458 0.301757 0.886398 0.444656 0.128761 0.889320 0.452647 0.064963 0.637310 0.674203 0.373212 0.824818 0.542755 0.158403 
						0.832570 0.547876 0.081603 0.505875 0.741003 0.441594 0.753180 0.630565 0.187369 0.766192 0.635127 0.097791 0.370624 0.776697 0.509294 0.671769 0.709002 0.214576 0.689551 0.715380 0.112923 0.239532 0.781936 0.575499 0.580603 0.778216 0.239333 0.602643 0.787874 0.126788 0.117283 0.763996 0.634472 0.481724 0.836238 0.262009 0.510249 0.848536 0.140115 0.007189 0.728118 0.685414 0.392952 0.873479 0.287442 0.423835 0.892510 0.154240 -0.081843 0.673120 0.734991 0.283301 0.909136 0.305307 0.310442 0.936381 0.163755 -0.150077 0.608670 0.779101 0.178368 0.929469 0.322914 0.204804 0.963255 0.173768 -0.194917 0.540081 0.818730 0.075843 0.937798 0.338797 0.098198 0.978270 0.182608 -0.218197 0.474557 0.852752 -0.027600 0.935607 0.351964 -0.008039 0.981718 0.190173 -0.227524 0.418407 0.879300 -0.113170 0.924270 0.364579 -0.098330 0.975412 0.197236 -0.206510 0.375979 0.903324 -0.155314 0.913311 0.376485 -0.145764 0.968125 0.203683 -0.220489 -0.417876 -0.881342 -0.221300 -0.374734 -0.900334 -0.153398 -0.913588 -0.376599 -0.111289 -0.924415 -0.364791 -0.096807 -0.975546 -0.197327 -0.144490 -0.968308 -0.203721 -0.214479 -0.473663 -0.854191 -0.019556 -0.935366 -0.353141 0.005297 -0.981535 -0.191211 -0.186687 -0.536660 -0.822888 0.080467 -0.937114 -0.339622 0.114576 -0.976195 -0.184160 -0.140741 -0.602959 -0.785260 0.182116 -0.928462 -0.323716 0.223806 -0.958628 -0.175908 -0.073810 -0.666342 -0.741984 0.283839 -0.908922 -0.305445 0.330837 -0.928893 -0.166449 0.014022 -0.720369 -0.693450 0.384398 -0.878101 -0.284915 0.434190 -0.887241 -0.155829 0.120588 -0.758945 -0.639891 0.482650 -0.835602 -0.262333 0.532704 -0.833935 -0.144150 0.241980 -0.776818 -0.581377 0.578239 -0.780271 -0.238361 0.626192 -0.768457 -0.131744 0.372789 -0.770274 -0.517404 0.668110 -0.712990 -0.212778 0.711634 -0.692498 -0.118420 
						0.507475 -0.733667 -0.451887 0.748155 -0.637392 -0.184381 0.785475 -0.610169 -0.103550 0.638148 -0.667129 -0.384327 0.819286 -0.552222 -0.154340 0.849709 -0.519877 -0.087875 0.757301 -0.574507 -0.310544 0.881872 -0.454756 -0.124497 0.904992 -0.419246 -0.072263 0.858432 -0.456809 -0.233280 0.932547 -0.348572 -0.094096 0.948127 -0.312905 -0.056085 0.935396 -0.315684 -0.159307 0.968906 -0.239643 -0.061581 0.977718 -0.206343 -0.038612 0.983534 -0.159875 -0.084270 0.991389 -0.127921 -0.028012 0.994910 -0.098663 -0.020479 
					</float_array>
					<technique_common>
						<accessor count="978" offset="0" source="#meshId3-bitangents-array" stride="3">
							<param name="X" type="float" />
							<param name="Y" type="float" />
							<param name="Z" type="float" />
						</accessor>
					</technique_common>
				</source>
				<source id="meshId3-tex0" name="meshId3-tex0">
					<float_array id="meshId3-tex0-array" count="1956"> 
						0.530931 0.239615 0.562495 0.256887 0.543394 0.285458 0.515804 0.262364 0.519090 0.309755 0.496533 0.281729 0.490522 0.328845 0.473859 0.296967 0.458792 0.342000 0.448658 0.307496 0.425117 0.348722 0.421899 0.312917 0.390790 0.348754 0.394611 0.313026 0.357126 0.342088 0.367842 0.307821 0.325437 0.328965 0.342625 0.297504 0.296991 0.309890 0.319948 0.282485 0.272940 0.285649 0.300684 0.263370 0.254257 0.257294 0.285553 0.240973 0.241659 0.226117 0.275071 0.216252 0.235493 0.193622 0.269540 0.190257 0.235503 0.161329 0.268971 0.163869 0.240588 0.130440 0.273171 0.137556 0.248326 0.101171 0.282338 0.110162 0.282338 0.110162 0.252078 0.085892 0.273684 0.060528 0.299671 0.085989 0.298344 0.038047 0.319791 0.066551 0.326546 0.019826 0.342583 0.051503 0.357822 0.007001 0.367678 0.041174 0.391150 0.000344 0.394288 0.035879 0.425266 0.000267 0.421456 0.035829 0.458829 0.006855 0.448152 0.041060 0.490512 0.019889 0.473347 0.051397 0.519068 0.038885 0.496060 0.066458 0.543376 0.063114 0.515407 0.085672 0.562486 0.091645 0.530634 0.108309 0.575653 0.123371 0.541147 0.133492 0.582367 0.157067 0.546540 0.160251 0.582367 0.191432 0.546602 0.187557 
						0.826824 0.535393 0.815963 0.561614 0.800196 0.585212 0.780127 0.605280 0.756530 0.621047 0.730309 0.631908 0.702473 0.637445 0.674092 0.637445 0.646257 0.631909 0.620036 0.621048 0.596438 0.605280 0.576370 0.585212 0.560602 0.561614 0.549741 0.535393 0.544204 0.507558 0.544205 0.479177 0.549741 0.451341 0.560602 0.425120 0.576370 0.401522 0.596438 0.381454 0.620036 0.365686 0.646257 0.354826 0.674092 0.349289 0.702473 0.349289 0.730309 0.354826 0.756529 0.365686 0.780127 0.381454 0.800196 0.401522 0.815963 0.425120 0.826824 0.451341 0.832361 0.479176 0.832361 0.507558 0.575655 0.225137 0.541330 0.214355 0.543670 0.518436 0.537729 0.548195 0.512562 0.540767 0.517512 0.516066 0.506214 0.254613 0.520015 0.233882 0.530931 0.239615 0.515804 0.262364 0.488638 0.272258 0.496533 0.281729 0.467961 0.286141 0.473859 0.296967 0.444981 0.295732 0.448658 0.307496 0.420582 0.300667 0.421899 0.312917 0.395704 0.300760 0.394611 0.313026 0.371300 0.296015 0.367842 0.307821 0.348312 0.286615 0.342625 0.297504 0.327634 0.272936 0.319948 0.282485 0.310052 0.255519 0.300684 0.263370 0.296199 0.235101 0.285553 0.240973 0.286531 0.212540 0.275071 0.216252 
						0.281379 0.188789 0.269540 0.190257 0.280863 0.164609 0.268971 0.163869 0.285046 0.140523 0.273171 0.137556 0.294564 0.116554 0.282338 0.110162 0.309506 0.094285 0.299671 0.085989 0.327651 0.076177 0.319791 0.066551 0.348385 0.062290 0.342583 0.051503 0.371277 0.052863 0.367678 0.041174 0.395561 0.048060 0.394288 0.035879 0.420342 0.048046 0.421456 0.035829 0.444681 0.052844 0.448152 0.041060 0.467643 0.062289 0.473347 0.051397 0.488337 0.076034 0.496060 0.066458 0.505958 0.093559 0.515407 0.085672 0.519821 0.114200 0.530634 0.108309 0.529388 0.137158 0.541147 0.133492 0.534288 0.161550 0.546540 0.160251 0.534328 0.186437 0.546602 0.187557 0.529508 0.210862 0.541330 0.214355 0.036619 0.144071 0.049366 0.123142 0.059573 0.129925 0.047362 0.149973 0.241339 0.547846 0.235493 0.518140 0.261562 0.515422 0.266359 0.540102 0.526090 0.576178 0.502894 0.564013 0.235555 0.487852 0.261665 0.490268 0.509271 0.601277 0.488890 0.584930 0.241522 0.458149 0.266668 0.465609 0.488100 0.622584 0.471074 0.602783 0.344719 0.355196 0.374451 0.349290 0.377229 0.375386 0.352527 0.380249 0.253166 0.430175 0.276380 0.442392 0.463692 0.639671 0.449866 0.617025 
						0.404767 0.349289 0.402407 0.375428 0.270039 0.405002 0.290430 0.421510 0.437232 0.653258 0.425073 0.627881 0.434506 0.355196 0.427096 0.380377 0.291494 0.383597 0.308280 0.403762 0.427608 0.653508 0.400344 0.656205 0.399247 0.631619 0.425073 0.627881 0.462527 0.366787 0.450349 0.390044 0.316709 0.366780 0.329246 0.389830 0.371916 0.655728 0.374598 0.630905 0.487756 0.383620 0.471274 0.404060 0.343285 0.650087 0.350593 0.625741 0.509222 0.405055 0.489066 0.421891 0.315838 0.638833 0.327849 0.616052 0.526099 0.430272 0.503041 0.442854 0.290906 0.622238 0.307257 0.602070 0.537734 0.458304 0.512659 0.466144 0.269614 0.600944 0.289682 0.584280 0.543670 0.488076 0.517546 0.490867 0.252865 0.575813 0.275860 0.563354 0.378217 0.385135 0.355395 0.389619 0.352527 0.380249 0.377229 0.375386 0.401477 0.385184 0.402407 0.375428 0.424282 0.389765 0.427096 0.380377 0.445758 0.398704 0.450349 0.390044 0.465082 0.411661 0.471274 0.404060 0.481510 0.428139 0.489066 0.421891 0.494409 0.447507 0.503041 0.442854 0.503283 0.469024 0.512659 0.466144 0.507788 0.491861 0.517546 0.490867 0.507751 0.515137 0.517512 0.516066 0.503176 0.537952 0.512562 0.540767 
						0.494244 0.559429 0.502894 0.564013 0.481294 0.578760 0.488890 0.584930 0.464782 0.595247 0.471074 0.602783 0.445028 0.608266 0.449866 0.617025 0.422187 0.617541 0.425073 0.627881 0.398556 0.621870 0.399247 0.631619 0.375679 0.621421 0.374598 0.630905 0.353454 0.616600 0.350593 0.625741 0.332442 0.607564 0.327849 0.616052 0.313438 0.594582 0.307257 0.602070 0.297226 0.578108 0.289682 0.584280 0.284478 0.558755 0.275860 0.563354 0.275719 0.537263 0.266359 0.540102 0.271303 0.514459 0.261562 0.515422 0.271411 0.491221 0.261665 0.490268 0.276043 0.468442 0.266668 0.465609 0.285025 0.446999 0.276380 0.442392 0.298013 0.427713 0.290430 0.421510 0.314510 0.411324 0.308280 0.403762 0.333885 0.398461 0.329246 0.389830 0.001304 0.309552 0.000267 0.285046 0.012534 0.285011 0.013526 0.308486 0.136939 0.532017 0.116700 0.518098 0.124055 0.508259 0.143442 0.521594 0.063826 0.103362 0.073425 0.110978 0.097706 0.502528 0.105861 0.493343 0.079896 0.084870 0.088820 0.093265 0.080090 0.485419 0.088988 0.476953 0.097462 0.067796 0.105647 0.076912 0.063978 0.466891 0.073554 0.459205 0.116399 0.052262 0.123788 0.062033 0.049482 0.447076 0.059670 0.440223 
						0.136574 0.038375 0.143117 0.048735 0.036706 0.426116 0.047432 0.420145 0.157850 0.026225 0.163509 0.037114 0.025739 0.404158 0.036928 0.399111 0.180110 0.015863 0.184874 0.027256 0.016658 0.381359 0.028231 0.377271 0.203324 0.007241 0.207221 0.019135 0.853221 0.642121 0.874041 0.637980 0.895270 0.637980 0.916090 0.642121 0.935702 0.650245 0.953353 0.662039 0.968363 0.677049 0.980157 0.694700 0.988281 0.714312 0.992422 0.735132 0.992422 0.756360 0.988281 0.777181 0.980157 0.796793 0.968363 0.814443 0.953353 0.829454 0.935702 0.841248 0.916090 0.849371 0.895270 0.853513 0.874042 0.853513 0.853221 0.849371 0.833609 0.841248 0.815959 0.829454 0.800948 0.814443 0.789154 0.796793 0.781031 0.777181 0.776889 0.756360 0.776889 0.735132 0.781031 0.714312 0.789154 0.694700 0.800948 0.677049 0.815959 0.662039 0.833609 0.650245 0.009528 0.357880 0.021402 0.354780 0.227494 0.000267 0.230972 0.012662 0.004379 0.236215 0.009498 0.212237 0.021379 0.215268 0.016475 0.238236 0.004398 0.333887 0.016489 0.331797 0.227007 0.570003 0.203561 0.563021 0.207386 0.551386 0.230560 0.558072 0.016613 0.188777 0.028196 0.192796 0.180552 0.554531 0.185237 0.543184 
						0.025675 0.166001 0.036878 0.170979 0.158276 0.544188 0.163883 0.533257 0.001295 0.260542 0.013520 0.261539 0.023873 0.262353 0.022920 0.284952 0.022920 0.284952 0.023873 0.262353 0.034424 0.263248 0.033511 0.284956 0.026722 0.239918 0.026722 0.239918 0.037159 0.241696 0.031447 0.217805 0.031447 0.217805 0.041696 0.220454 0.038013 0.196170 0.038013 0.196170 0.048002 0.199671 0.046375 0.175166 0.046375 0.175166 0.056033 0.179495 0.056472 0.154943 0.056472 0.154943 0.065730 0.160068 0.068232 0.135643 0.068232 0.135643 0.077026 0.141527 0.081572 0.117403 0.081572 0.117403 0.089838 0.124005 0.096396 0.100351 0.096396 0.100351 0.104077 0.107624 0.112600 0.084609 0.112600 0.084609 0.119641 0.092501 0.130068 0.070287 0.130068 0.070287 0.136419 0.078742 0.148679 0.057489 0.148679 0.057489 0.154292 0.066446 0.168311 0.046317 0.168311 0.046317 0.173133 0.055709 0.188886 0.036915 0.188886 0.036915 0.192798 0.046653 0.210413 0.029200 0.210413 0.029200 0.213494 0.039563 0.233339 0.023481 0.233339 0.023481 0.234958 0.034338 0.210541 0.541435 0.233134 0.547505 0.233134 0.547505 0.210541 0.541435 0.213785 0.531162 0.234958 0.536775 0.189175 0.533543 
						0.189175 0.533543 0.193240 0.523709 0.168604 0.523984 0.168604 0.523984 0.173474 0.514553 0.148922 0.512752 0.148922 0.512752 0.154565 0.503769 0.130259 0.499910 0.130259 0.499910 0.136636 0.491435 0.112743 0.485547 0.112743 0.485547 0.119810 0.477640 0.096500 0.469764 0.096500 0.469764 0.104205 0.462480 0.081644 0.452673 0.081644 0.452673 0.089933 0.446064 0.068279 0.434396 0.068279 0.434396 0.077093 0.428508 0.056500 0.415063 0.056500 0.415063 0.065777 0.409937 0.046389 0.394810 0.046389 0.394810 0.056063 0.390483 0.038019 0.373781 0.038019 0.373781 0.048021 0.370284 0.031447 0.352126 0.031447 0.352126 0.041707 0.349482 0.026720 0.329998 0.026720 0.329998 0.037165 0.328226 0.023872 0.307553 0.023872 0.307553 0.034426 0.306667 0.779567 0.049473 0.796951 0.028705 0.815036 0.047026 0.794166 0.063870 0.829117 0.068265 0.805678 0.080756 0.838897 0.091476 0.813837 0.099594 0.845346 0.116642 0.817764 0.119689 0.845346 0.142972 0.818114 0.140212 0.840264 0.168443 0.814240 0.160433 0.830459 0.192372 0.806617 0.179512 0.816177 0.213942 0.795417 0.196730 0.797951 0.232196 0.780997 0.211307 0.776627 0.246445 0.764121 0.222812 0.753117 0.256210 
						0.745420 0.230828 0.728424 0.261238 0.725622 0.235149 0.703591 0.261573 0.705452 0.235763 0.679581 0.257620 0.685537 0.232845 0.657074 0.250232 0.666208 0.226632 0.636001 0.241064 0.646654 0.216575 0.646654 0.216575 0.623290 0.234723 0.608286 0.214186 0.631666 0.199374 0.596007 0.192041 0.620774 0.181010 0.587328 0.168212 0.613388 0.161506 0.582901 0.143162 0.609667 0.141224 0.583144 0.117658 0.609781 0.120723 0.588201 0.092616 0.613782 0.100680 0.597954 0.068981 0.621594 0.081828 0.612119 0.047560 0.632728 0.064718 0.630288 0.029367 0.647152 0.050255 0.651628 0.015147 0.664052 0.038852 0.675235 0.005419 0.682801 0.030954 0.700122 0.000476 0.702707 0.026818 0.725276 0.000267 0.723187 0.026517 0.751062 0.003925 0.743282 0.030578 0.354728 0.656739 0.375699 0.660911 0.395452 0.669093 0.413231 0.680972 0.428349 0.696091 0.440228 0.713869 0.448411 0.733623 0.452582 0.754593 0.452582 0.775975 0.448411 0.796945 0.440229 0.816699 0.428350 0.834477 0.413231 0.849596 0.395453 0.861475 0.375699 0.869657 0.354728 0.873829 0.333347 0.873829 0.312376 0.869658 0.292622 0.861475 0.274844 0.849596 0.259725 0.834477 0.247846 0.816699 0.239664 0.796945 
						0.235493 0.775975 0.235493 0.754594 0.239664 0.733623 0.247846 0.713869 0.259725 0.696091 0.274844 0.680972 0.292622 0.669093 0.312376 0.660911 0.333347 0.656739 0.775418 0.014105 0.762359 0.038168 0.776355 0.765083 0.771924 0.787358 0.753089 0.781848 0.756750 0.763333 0.787108 0.069830 0.773779 0.056721 0.779567 0.049473 0.794166 0.063870 0.797608 0.085244 0.805678 0.080756 0.804928 0.102419 0.813837 0.099594 0.808644 0.120718 0.817764 0.119689 0.808873 0.139461 0.818114 0.140212 0.805425 0.157846 0.814240 0.160433 0.798422 0.175172 0.806617 0.179512 0.788125 0.190853 0.795417 0.196730 0.775022 0.204247 0.780997 0.211307 0.759645 0.214771 0.764121 0.222812 0.742572 0.222114 0.745420 0.230828 0.724450 0.226088 0.725622 0.235149 0.705923 0.226663 0.705452 0.235763 0.687561 0.223944 0.685537 0.232845 0.669806 0.218050 0.666208 0.226632 0.653095 0.208440 0.646654 0.216575 0.639560 0.193533 0.631666 0.199374 0.629323 0.176804 0.620774 0.181010 0.622395 0.158926 0.613388 0.161506 0.618909 0.140348 0.609667 0.141224 0.618977 0.121601 0.609781 0.120723 0.622607 0.103297 0.613782 0.100680 0.629660 0.086101 0.621594 0.081828 0.639948 0.070574 
						0.632728 0.064718 0.653073 0.057323 0.647152 0.050255 0.668476 0.046911 0.664052 0.038852 0.685576 0.039701 0.682801 0.030954 0.703746 0.035957 0.702707 0.026818 0.722361 0.035832 0.723187 0.026517 0.740743 0.039382 0.743282 0.030578 0.758097 0.046426 0.762359 0.038168 0.027106 0.680614 0.036637 0.664790 0.044358 0.669865 0.035227 0.685024 0.548703 0.788136 0.544212 0.765664 0.563932 0.763552 0.567620 0.782210 0.763273 0.808266 0.745926 0.799261 0.544204 0.742746 0.563959 0.744528 0.750826 0.827002 0.735557 0.814927 0.548675 0.720270 0.567699 0.725875 0.735225 0.842955 0.722339 0.828298 0.626551 0.642430 0.648978 0.637980 0.651073 0.657654 0.632446 0.661329 0.557448 0.699105 0.575008 0.708314 0.717255 0.855980 0.706728 0.839226 0.671827 0.637991 0.670048 0.657679 0.570179 0.680065 0.585600 0.692520 0.697513 0.866425 0.688173 0.847491 0.694213 0.642453 0.688639 0.661398 0.586376 0.663882 0.599065 0.679101 0.690309 0.866857 0.669706 0.869130 0.668661 0.850514 0.688173 0.847491 0.715272 0.651179 0.706132 0.668660 0.605411 0.651175 0.614884 0.668570 0.648174 0.869042 0.649972 0.850212 0.734207 0.663804 0.721825 0.679217 0.626415 0.865042 
						0.631735 0.846541 0.750413 0.679841 0.735305 0.692527 0.605514 0.856727 0.614450 0.839389 0.763156 0.698848 0.745804 0.708335 0.586513 0.844297 0.598789 0.828935 0.771904 0.719949 0.753050 0.725852 0.570282 0.828258 0.585411 0.815557 0.776355 0.742317 0.756744 0.744424 0.557508 0.809281 0.574877 0.799774 0.651822 0.665003 0.634614 0.668395 0.632446 0.661329 0.651073 0.657654 0.669351 0.665029 0.670048 0.657679 0.686528 0.668464 0.688639 0.661398 0.702690 0.675164 0.706132 0.668660 0.717195 0.684853 0.721825 0.679217 0.729543 0.697260 0.735305 0.692527 0.739301 0.711848 0.745804 0.708335 0.746003 0.728028 0.753050 0.725852 0.749418 0.745184 0.756744 0.744424 0.749429 0.762655 0.756750 0.763333 0.746055 0.779767 0.753089 0.781848 0.739445 0.795870 0.745926 0.799261 0.729867 0.810366 0.735557 0.814927 0.717669 0.822733 0.722339 0.828298 0.703022 0.832638 0.706728 0.839226 0.685935 0.839700 0.688173 0.847491 0.668058 0.843128 0.668661 0.850514 0.650699 0.843014 0.649972 0.850212 0.633813 0.839600 0.631735 0.846541 0.617862 0.832938 0.614450 0.839389 0.603423 0.823240 0.598789 0.828935 0.591092 0.810857 0.585411 0.815557 0.581381 0.796266 
						0.574877 0.799774 0.574693 0.780037 0.567620 0.782210 0.571297 0.762801 0.563932 0.763552 0.571330 0.745230 0.563959 0.744528 0.574791 0.728002 0.567699 0.725875 0.581546 0.711783 0.575008 0.708314 0.591334 0.697197 0.585600 0.692520 0.603776 0.684805 0.599065 0.679101 0.618390 0.675080 0.614884 0.668570 0.001124 0.805331 0.000267 0.787080 0.009443 0.787017 0.010220 0.804503 0.103500 0.971333 0.088253 0.960924 0.093756 0.953510 0.108360 0.963483 0.047463 0.649820 0.054740 0.655519 0.073937 0.949271 0.080043 0.942347 0.059470 0.635793 0.066268 0.642085 0.060654 0.936457 0.067319 0.930073 0.072622 0.622725 0.078886 0.629589 0.048500 0.922575 0.055667 0.916771 0.086952 0.610786 0.092632 0.618188 0.037555 0.907763 0.045158 0.902586 0.102247 0.600093 0.107291 0.607950 0.027914 0.892130 0.035911 0.887629 0.118393 0.590714 0.122767 0.598980 0.019659 0.875748 0.028009 0.871947 0.135299 0.582691 0.138993 0.591347 0.012815 0.858735 0.021444 0.855643 0.152941 0.575989 0.155978 0.585031 0.986032 0.468934 0.977147 0.482232 0.965839 0.493540 0.952541 0.502425 0.937766 0.508545 0.922081 0.511665 0.906088 0.511665 0.890402 0.508545 0.875627 0.502425 
						0.862329 0.493540 0.851021 0.482232 0.842136 0.468934 0.836016 0.454159 0.832896 0.438473 0.832896 0.422481 0.836016 0.406795 0.842136 0.392020 0.851021 0.378723 0.862329 0.367414 0.875627 0.358529 0.890402 0.352409 0.906088 0.349289 0.922080 0.349289 0.937766 0.352409 0.952541 0.358529 0.965838 0.367414 0.977147 0.378723 0.986032 0.392020 0.992152 0.406795 0.995272 0.422481 0.995272 0.438473 0.992152 0.454159 0.007409 0.841248 0.016241 0.838887 0.171322 0.570538 0.174042 0.579964 0.003142 0.750317 0.006921 0.732176 0.015912 0.734423 0.012284 0.751801 0.003495 0.823417 0.012478 0.821819 0.171504 0.999733 0.153639 0.994485 0.156509 0.985734 0.174124 0.990581 0.012212 0.714419 0.020981 0.717402 0.136334 0.988145 0.139831 0.979606 0.018938 0.697188 0.027407 0.700889 0.119567 0.980426 0.123754 0.972197 0.000908 0.768701 0.010106 0.769409 0.017892 0.770008 0.017222 0.786966 0.017222 0.786966 0.017892 0.770008 0.025950 0.770700 0.025040 0.787002 0.020032 0.753041 0.020032 0.753041 0.027941 0.754351 0.023531 0.736305 0.023531 0.736305 0.031291 0.738269 0.028415 0.719946 0.028415 0.719946 0.035971 0.722531 0.034564 0.704035 0.034564 0.704035 
						0.041881 0.707249 0.042113 0.688737 0.042113 0.688737 0.049112 0.692564 0.050907 0.674145 0.050907 0.674145 0.057556 0.678546 0.060897 0.660372 0.060897 0.660372 0.067140 0.665290 0.071980 0.647475 0.071980 0.647475 0.077729 0.652887 0.084156 0.635417 0.084156 0.635417 0.089609 0.641484 0.097455 0.624445 0.097455 0.624445 0.102351 0.630866 0.111578 0.614591 0.111578 0.614591 0.115908 0.621388 0.126478 0.605967 0.126478 0.605967 0.130206 0.613097 0.142106 0.598685 0.142106 0.598685 0.145142 0.606084 0.158468 0.592684 0.158468 0.592684 0.160875 0.600564 0.175908 0.588196 0.175908 0.588196 0.177203 0.596461 0.158886 0.978225 0.175934 0.982565 0.175934 0.982565 0.158886 0.978225 0.161259 0.970478 0.177203 0.974493 0.142768 0.972346 0.142768 0.972346 0.145794 0.964943 0.127279 0.965215 0.127279 0.965215 0.130914 0.958113 0.112457 0.956823 0.112457 0.956823 0.116675 0.950057 0.098397 0.947219 0.098397 0.947219 0.103168 0.940834 0.085196 0.936469 0.085196 0.936469 0.090486 0.930508 0.072948 0.924650 0.072948 0.924650 0.078718 0.919155 0.061756 0.911856 0.061756 0.911856 0.067941 0.906861 0.051625 0.898245 0.051625 0.898245 0.058192 0.893777 
						0.042684 0.883837 0.042684 0.883837 0.049606 0.879957 0.035069 0.868709 0.035069 0.868709 0.042286 0.865446 0.028769 0.853031 0.028769 0.853031 0.036211 0.850376 0.023733 0.836937 0.023733 0.836937 0.031360 0.834902 0.020077 0.820486 0.020077 0.820486 0.027843 0.819120 0.017913 0.803789 0.017913 0.803789 0.025746 0.803109 
					</float_array>
					<technique_common>
						<accessor count="978" offset="0" source="#meshId3-tex0-array" stride="2">
							<param name="S" type="float" />
							<param name="T" type="float" />
						</accessor>
					</technique_common>
				</source>
				<vertices id="meshId3-vertices">
					<input semantic="POSITION" source="#meshId3-positions" />
				</vertices>
				<polylist count="1016" material="defaultMaterial">
					<input offset="0" semantic="VERTEX" source="#meshId3-vertices" />
					<input offset="0" semantic="NORMAL" source="#meshId3-normals" />
					<input offset="0" semantic="TANGENT" source="#meshId3-tangents" />
					<input offset="0" semantic="BINORMAL" source="#meshId3-bitangents" />
					<input offset="0" semantic="TEXCOORD" source="#meshId3-tex0" set="0" />
					<vcount>
						3 3 3 3 3 3 3 3 3 3 3 3 3 3 3 3 3 3 3 3 3 3 3 3 3 3 3 3 3 3 3 3 3 3 3 3 3 3 3 3 3 3 3 3 3 3 3 3 3 3 3 3 3 3 3 3 3 3 3 3 3 3 3 3 
						3 3 3 3 3 3 3 3 3 3 3 3 3 3 3 3 3 3 3 3 3 3 3 3 3 3 3 3 3 3 3 3 3 3 3 3 3 3 3 3 3 3 3 3 3 3 3 3 3 3 3 3 3 3 3 3 3 3 3 3 3 3 3 3 
						3 3 3 3 3 3 3 3 3 3 3 3 3 3 3 3 3 3 3 3 3 3 3 3 3 3 3 3 3 3 3 3 3 3 3 3 3 3 3 3 3 3 3 3 3 3 3 3 3 3 3 3 3 3 3 3 3 3 3 3 3 3 3 3 
						3 3 3 3 3 3 3 3 3 3 3 3 3 3 3 3 3 3 3 3 3 3 3 3 3 3 3 3 3 3 3 3 3 3 3 3 3 3 3 3 3 3 3 3 3 3 3 3 3 3 3 3 3 3 3 3 3 3 3 3 3 3 3 3 
						3 3 3 3 3 3 3 3 3 3 3 3 3 3 3 3 3 3 3 3 3 3 3 3 3 3 3 3 3 3 3 3 3 3 3 3 3 3 3 3 3 3 3 3 3 3 3 3 3 3 3 3 3 3 3 3 3 3 3 3 3 3 3 3 
						3 3 3 3 3 3 3 3 3 3 3 3 3 3 3 3 3 3 3 3 3 3 3 3 3 3 3 3 3 3 3 3 3 3 3 3 3 3 3 3 3 3 3 3 3 3 3 3 3 3 3 3 3 3 3 3 3 3 3 3 3 3 3 3 
						3 3 3 3 3 3 3 3 3 3 3 3 3 3 3 3 3 3 3 3 3 3 3 3 3 3 3 3 3 3 3 3 3 3 3 3 3 3 3 3 3 3 3 3 3 3 3 3 3 3 3 3 3 3 3 3 3 3 3 3 3 3 3 3 
						3 3 3 3 3 3 3 3 3 3 3 3 3 3 3 3 3 3 3 3 3 3 3 3 3 3 3 3 3 3 3 3 3 3 3 3 3 3 3 3 3 3 3 3 3 3 3 3 3 3 3 3 3 3 3 3 3 3 3 3 3 3 3 3 
						3 3 3 3 3 3 3 3 3 3 3 3 3 3 3 3 3 3 3 3 3 3 3 3 3 3 3 3 3 3 3 3 3 3 3 3 3 3 3 3 3 3 3 3 3 3 3 3 3 3 3 3 3 3 3 3 3 3 3 3 3 3 3 3 
						3 3 3 3 3 3 3 3 3 3 3 3 3 3 3 3 3 3 3 3 3 3 3 3 3 3 3 3 3 3 3 3 3 3 3 3 3 3 3 3 3 3 3 3 3 3 3 3 3 3 3 3 3 3 3 3 3 3 3 3 3 3 3 3 
						3 3 3 3 3 3 3 3 3 3 3 3 3 3 3 3 3 3 3 3 3 3 3 3 3 3 3 3 3 3 3 3 3 3 3 3 3 3 3 3 3 3 3 3 3 3 3 3 3 3 3 3 3 3 3 3 3 3 3 3 3 3 3 3 
						3 3 3 3 3 3 3 3 3 3 3 3 3 3 3 3 3 3 3 3 3 3 3 3 3 3 3 3 3 3 3 3 3 3 3 3 3 3 3 3 3 3 3 3 3 3 3 3 3 3 3 3 3 3 3 3 3 3 3 3 3 3 3 3 
						3 3 3 3 3 3 3 3 3 3 3 3 3 3 3 3 3 3 3 3 3 3 3 3 3 3 3 3 3 3 3 3 3 3 3 3 3 3 3 3 3 3 3 3 3 3 3 3 3 3 3 3 3 3 3 3 3 3 3 3 3 3 3 3 
						3 3 3 3 3 3 3 3 3 3 3 3 3 3 3 3 3 3 3 3 3 3 3 3 3 3 3 3 3 3 3 3 3 3 3 3 3 3 3 3 3 3 3 3 3 3 3 3 3 3 3 3 3 3 3 3 3 3 3 3 3 3 3 3 
						3 3 3 3 3 3 3 3 3 3 3 3 3 3 3 3 3 3 3 3 3 3 3 3 3 3 3 3 3 3 3 3 3 3 3 3 3 3 3 3 3 3 3 3 3 3 3 3 3 3 3 3 3 3 3 3 3 3 3 3 3 3 3 3 
						3 3 3 3 3 3 3 3 3 3 3 3 3 3 3 3 3 3 3 3 3 3 3 3 3 3 3 3 3 3 3 3 3 3 3 3 3 3 3 3 3 3 3 3 3 3 3 3 3 3 3 3 3 3 3 3 
					</vcount>
					<p>
						3 0 1 1 2 3 5 3 2 2 4 5 7 5 4 4 6 7 9 7 6 6 8 9 11 9 8 8 10 11 13 11 10 10 12 13 15 13 12 12 14 15 17 15 14 14 16 17 19 17 16 16 18 19 21 19 18 18 20 21 23 21 20 20 22 23 25 23 22 22 24 25 27 25 24 24 26 27 29 27 26 26 28 29 31 29 28 28 30 31 33 31 30 30 32 33 37 34 35 35 36 37 39 37 36 36 38 39 41 39 38 38 40 41 43 41 40 40 42 43 45 43 42 42 44 45 47 45 44 44 46 47 49 47 46 46 48 49 51 49 48 48 50 51 53 51 50 50 52 53 55 53 52 52 54 55 57 55 54 54 56 57 59 57 56 56 58 59 61 59 58 58 60 61 63 61 60 60 62 63 95 64 65 95 65 66 95 66 67 95 67 68 
						95 68 69 95 69 70 95 70 71 95 71 72 95 72 73 95 73 74 95 74 75 95 75 76 95 76 77 95 77 78 95 78 79 95 79 80 95 80 81 95 81 82 95 82 83 95 83 84 95 84 85 95 85 86 95 86 87 95 87 88 95 88 89 95 89 90 95 90 91 95 91 92 95 92 93 93 94 95 97 63 62 62 96 97 0 97 96 96 1 0 101 98 99 99 100 101 105 102 103 103 104 105 107 106 102 102 105 107 109 108 106 106 107 109 111 110 108 108 109 111 113 112 110 110 111 113 115 114 112 112 113 115 117 116 114 114 115 117 119 118 116 116 117 119 121 120 118 118 119 121 123 122 120 120 121 123 125 124 122 122 123 125 127 126 124 124 125 127 129 128 126 126 127 129 131 130 128 128 129 131 133 132 130 130 131 133 135 134 132 132 133 135 
						137 136 134 134 135 137 139 138 136 136 137 139 141 140 138 138 139 141 143 142 140 140 141 143 145 144 142 142 143 145 147 146 144 144 145 147 149 148 146 146 147 149 151 150 148 148 149 151 153 152 150 150 151 153 155 154 152 152 153 155 157 156 154 154 155 157 159 158 156 156 157 159 161 160 158 158 159 161 163 162 160 160 161 163 165 164 162 162 163 165 104 103 164 164 165 104 169 166 167 167 168 169 173 170 171 171 172 173 100 99 174 174 175 100 172 171 176 176 177 172 175 174 178 178 179 175 177 176 180 180 181 177 179 178 182 182 183 179 187 184 185 185 186 187 181 180 188 188 189 181 183 182 190 190 191 183 186 185 192 192 193 186 189 188 194 194 195 189 191 190 196 196 197 191 193 192 198 198 199 193 195 194 200 200 201 195 205 202 203 203 204 205 
						199 198 206 206 207 199 201 200 208 208 209 201 204 203 210 210 211 204 207 206 212 212 213 207 209 208 184 184 187 209 211 210 214 214 215 211 213 212 216 216 217 213 215 214 218 218 219 215 217 216 220 220 221 217 219 218 222 222 223 219 221 220 224 224 225 221 223 222 226 226 227 223 225 224 228 228 229 225 227 226 230 230 231 227 229 228 98 98 101 229 231 230 170 170 173 231 235 232 233 233 234 235 237 236 232 232 235 237 239 238 236 236 237 239 241 240 238 238 239 241 243 242 240 240 241 243 245 244 242 242 243 245 247 246 244 244 245 247 249 248 246 246 247 249 251 250 248 248 249 251 253 252 250 250 251 253 255 254 252 252 253 255 257 256 254 254 255 257 259 258 256 256 257 259 261 260 258 258 259 261 263 262 260 260 261 263 265 264 262 262 263 265 
						267 266 264 264 265 267 269 268 266 266 267 269 271 270 268 268 269 271 273 272 270 270 271 273 275 274 272 272 273 275 277 276 274 274 275 277 279 278 276 276 277 279 281 280 278 278 279 281 283 282 280 280 281 283 285 284 282 282 283 285 287 286 284 284 285 287 289 288 286 286 287 289 291 290 288 288 289 291 293 292 290 290 291 293 295 294 292 292 293 295 234 233 294 294 295 234 299 296 297 297 298 299 303 300 301 301 302 303 168 167 304 304 305 168 302 301 306 306 307 302 305 304 308 308 309 305 307 306 310 310 311 307 309 308 312 312 313 309 311 310 314 314 315 311 313 312 316 316 317 313 315 314 318 318 319 315 317 316 320 320 321 317 319 318 322 322 323 319 321 320 324 324 325 321 323 322 326 326 327 323 325 324 328 328 329 325 327 326 330 330 331 327 
						329 328 332 332 333 329 365 334 335 365 335 336 365 336 337 365 337 338 365 338 339 365 339 340 365 340 341 365 341 342 365 342 343 365 343 344 365 344 345 365 345 346 365 346 347 365 347 348 365 348 349 365 349 350 365 350 351 365 351 352 365 352 353 365 353 354 365 354 355 365 355 356 365 356 357 365 357 358 365 358 359 365 359 360 365 360 361 365 361 362 365 362 363 363 364 365 331 330 366 366 367 331 333 332 368 368 369 333 373 370 371 371 372 373 367 366 374 374 375 367 379 376 377 377 378 379 372 371 380 380 381 372 375 374 296 296 299 375 378 377 382 382 383 378 381 380 384 384 385 381 383 382 386 386 387 383 385 384 166 166 169 385 389 388 370 370 373 389 387 386 300 300 303 387 391 298 389 389 390 391 395 392 393 393 394 395 390 389 373 373 396 390 
						394 393 397 397 398 394 396 373 372 372 399 396 398 397 400 400 401 398 399 372 381 381 402 399 401 400 403 403 404 401 402 381 385 385 405 402 404 403 406 406 407 404 405 385 169 169 408 405 407 406 409 409 410 407 408 169 168 168 411 408 410 409 412 412 413 410 411 168 305 305 414 411 413 412 415 415 416 413 414 305 309 309 417 414 416 415 418 418 419 416 417 309 313 313 420 417 419 418 421 421 422 419 420 313 317 317 423 420 422 421 424 424 425 422 423 317 321 321 426 423 425 424 427 427 428 425 426 321 325 325 429 426 428 427 430 430 431 428 429 325 329 329 432 429 431 430 433 433 434 431 432 329 333 333 435 432 434 433 436 436 437 434 435 333 369 369 438 435 437 436 439 439 440 437 442 379 378 378 441 442 446 443 444 444 445 446 441 378 383 383 447 441 
						445 444 448 448 449 445 447 383 387 387 450 447 449 448 451 451 452 449 450 387 303 303 453 450 452 451 454 454 455 452 453 303 302 302 456 453 455 454 457 457 458 455 456 302 307 307 459 456 458 457 460 460 461 458 459 307 311 311 462 459 461 460 463 463 464 461 462 311 315 315 465 462 464 463 466 466 467 464 465 315 319 319 468 465 467 466 469 469 470 467 468 319 323 323 471 468 470 469 472 472 473 470 471 323 327 327 474 471 473 472 475 475 476 473 474 327 331 331 477 474 476 475 478 478 479 476 477 331 367 367 480 477 479 478 481 481 482 479 480 367 375 375 483 480 482 481 484 484 485 482 483 375 299 299 486 483 485 484 487 487 488 485 486 299 298 298 391 486 488 487 392 392 395 488 298 297 388 388 389 298 492 489 490 490 491 492 494 492 491 491 493 494 
						496 494 493 493 495 496 498 496 495 495 497 498 500 498 497 497 499 500 502 500 499 499 501 502 504 502 501 501 503 504 506 504 503 503 505 506 508 506 505 505 507 508 510 508 507 507 509 510 512 510 509 509 511 512 514 512 511 511 513 514 516 514 513 513 515 516 518 516 515 515 517 518 520 518 517 517 519 520 522 520 519 519 521 522 526 523 524 524 525 526 528 526 525 525 527 528 530 528 527 527 529 530 532 530 529 529 531 532 534 532 531 531 533 534 536 534 533 533 535 536 538 536 535 535 537 538 540 538 537 537 539 540 542 540 539 539 541 542 544 542 541 541 543 544 546 544 543 543 545 546 548 546 545 545 547 548 550 548 547 547 549 550 552 550 549 549 551 552 584 553 554 584 554 555 584 555 556 584 556 557 584 557 558 584 558 559 584 559 560 584 560 561 
						584 561 562 584 562 563 584 563 564 584 564 565 584 565 566 584 566 567 584 567 568 584 568 569 584 569 570 584 570 571 584 571 572 584 572 573 584 573 574 584 574 575 584 575 576 584 576 577 584 577 578 584 578 579 584 579 580 584 580 581 584 581 582 582 583 584 586 552 551 551 585 586 489 586 585 585 490 489 590 587 588 588 589 590 594 591 592 592 593 594 596 595 591 591 594 596 598 597 595 595 596 598 600 599 597 597 598 600 602 601 599 599 600 602 604 603 601 601 602 604 606 605 603 603 604 606 608 607 605 605 606 608 610 609 607 607 608 610 612 611 609 609 610 612 614 613 611 611 612 614 616 615 613 613 614 616 618 617 615 615 616 618 620 619 617 617 618 620 622 621 619 619 620 622 624 623 621 621 622 624 626 625 623 623 624 626 628 627 625 625 626 628 
						630 629 627 627 628 630 632 631 629 629 630 632 634 633 631 631 632 634 636 635 633 633 634 636 638 637 635 635 636 638 640 639 637 637 638 640 642 641 639 639 640 642 644 643 641 641 642 644 646 645 643 643 644 646 648 647 645 645 646 648 650 649 647 647 648 650 652 651 649 649 650 652 654 653 651 651 652 654 593 592 653 653 654 593 658 655 656 656 657 658 662 659 660 660 661 662 589 588 663 663 664 589 661 660 665 665 666 661 664 663 667 667 668 664 666 665 669 669 670 666 668 667 671 671 672 668 676 673 674 674 675 676 670 669 677 677 678 670 672 671 679 679 680 672 675 674 681 681 682 675 678 677 683 683 684 678 680 679 685 685 686 680 682 681 687 687 688 682 684 683 689 689 690 684 694 691 692 692 693 694 688 687 695 695 696 688 690 689 697 697 698 690 
						693 692 699 699 700 693 696 695 701 701 702 696 698 697 673 673 676 698 700 699 703 703 704 700 702 701 705 705 706 702 704 703 707 707 708 704 706 705 709 709 710 706 708 707 711 711 712 708 710 709 713 713 714 710 712 711 715 715 716 712 714 713 717 717 718 714 716 715 719 719 720 716 718 717 587 587 590 718 720 719 659 659 662 720 724 721 722 722 723 724 726 725 721 721 724 726 728 727 725 725 726 728 730 729 727 727 728 730 732 731 729 729 730 732 734 733 731 731 732 734 736 735 733 733 734 736 738 737 735 735 736 738 740 739 737 737 738 740 742 741 739 739 740 742 744 743 741 741 742 744 746 745 743 743 744 746 748 747 745 745 746 748 750 749 747 747 748 750 752 751 749 749 750 752 754 753 751 751 752 754 756 755 753 753 754 756 758 757 755 755 756 758 
						760 759 757 757 758 760 762 761 759 759 760 762 764 763 761 761 762 764 766 765 763 763 764 766 768 767 765 765 766 768 770 769 767 767 768 770 772 771 769 769 770 772 774 773 771 771 772 774 776 775 773 773 774 776 778 777 775 775 776 778 780 779 777 777 778 780 782 781 779 779 780 782 784 783 781 781 782 784 723 722 783 783 784 723 788 785 786 786 787 788 792 789 790 790 791 792 657 656 793 793 794 657 791 790 795 795 796 791 794 793 797 797 798 794 796 795 799 799 800 796 798 797 801 801 802 798 800 799 803 803 804 800 802 801 805 805 806 802 804 803 807 807 808 804 806 805 809 809 810 806 808 807 811 811 812 808 810 809 813 813 814 810 812 811 815 815 816 812 814 813 817 817 818 814 816 815 819 819 820 816 818 817 821 821 822 818 854 823 824 854 824 825 
						854 825 826 854 826 827 854 827 828 854 828 829 854 829 830 854 830 831 854 831 832 854 832 833 854 833 834 854 834 835 854 835 836 854 836 837 854 837 838 854 838 839 854 839 840 854 840 841 854 841 842 854 842 843 854 843 844 854 844 845 854 845 846 854 846 847 854 847 848 854 848 849 854 849 850 854 850 851 854 851 852 852 853 854 820 819 855 855 856 820 822 821 857 857 858 822 862 859 860 860 861 862 856 855 863 863 864 856 868 865 866 866 867 868 861 860 869 869 870 861 864 863 785 785 788 864 867 866 871 871 872 867 870 869 873 873 874 870 872 871 875 875 876 872 874 873 655 655 658 874 878 877 859 859 862 878 876 875 789 789 792 876 880 787 878 878 879 880 884 881 882 882 883 884 879 878 862 862 885 879 883 882 886 886 887 883 885 862 861 861 888 885 
						887 886 889 889 890 887 888 861 870 870 891 888 890 889 892 892 893 890 891 870 874 874 894 891 893 892 895 895 896 893 894 874 658 658 897 894 896 895 898 898 899 896 897 658 657 657 900 897 899 898 901 901 902 899 900 657 794 794 903 900 902 901 904 904 905 902 903 794 798 798 906 903 905 904 907 907 908 905 906 798 802 802 909 906 908 907 910 910 911 908 909 802 806 806 912 909 911 910 913 913 914 911 912 806 810 810 915 912 914 913 916 916 917 914 915 810 814 814 918 915 917 916 919 919 920 917 918 814 818 818 921 918 920 919 922 922 923 920 921 818 822 822 924 921 923 922 925 925 926 923 924 822 858 858 927 924 926 925 928 928 929 926 931 868 867 867 930 931 935 932 933 933 934 935 930 867 872 872 936 930 934 933 937 937 938 934 936 872 876 876 939 936 
						938 937 940 940 941 938 939 876 792 792 942 939 941 940 943 943 944 941 942 792 791 791 945 942 944 943 946 946 947 944 945 791 796 796 948 945 947 946 949 949 950 947 948 796 800 800 951 948 950 949 952 952 953 950 951 800 804 804 954 951 953 952 955 955 956 953 954 804 808 808 957 954 956 955 958 958 959 956 957 808 812 812 960 957 959 958 961 961 962 959 960 812 816 816 963 960 962 961 964 964 965 962 963 816 820 820 966 963 965 964 967 967 968 965 966 820 856 856 969 966 968 967 970 970 971 968 969 856 864 864 972 969 971 970 973 973 974 971 972 864 788 788 975 972 974 973 976 976 977 974 975 788 787 787 880 975 977 976 881 881 884 977 787 786 877 877 878 787 
					</p>
				</polylist>
			</mesh>
		</geometry>
		<geometry id="meshId4" name="meshId4_name" >
			<mesh>
				<source id="meshId4-positions" name="meshId4-positions">
					<float_array id="meshId4-positions-array" count="294"> 
						1.370670 -0.666036 0.781384 0.887062 -0.666036 0.781384 0.887062 -0.666037 1.624850 1.370670 -0.666037 1.624850 1.370670 -0.686036 0.781384 1.370670 -0.686036 1.624850 0.887062 -0.686036 1.624850 0.887062 -0.686036 0.781384 1.370670 -0.666037 1.624850 0.887062 -0.666037 1.624850 0.887062 -0.686036 1.624850 1.370670 -0.686036 1.624850 1.370670 -0.666036 0.781384 1.370670 -0.666037 1.624850 1.370670 -0.686036 1.624850 1.370670 -0.686036 0.781384 0.887062 -0.666036 0.781384 1.370670 -0.666036 0.781384 1.370670 -0.686036 0.781384 0.887062 -0.686036 0.781384 0.887062 -0.666037 1.624850 0.887062 -0.666036 0.781384 0.887062 -0.686036 0.781384 0.887062 -0.686036 1.624850 -1.420471 -0.649162 1.273000 -1.420471 -0.649162 1.581494 -1.420470 -0.701221 1.581494 -1.420471 -0.701221 1.272884 -0.688701 -0.649162 1.581494 -0.688701 -0.649162 1.273000 -0.688701 -0.701221 1.272884 -0.688701 -0.701221 1.581494 -0.744447 -0.649162 1.217254 -1.364725 -0.649162 1.217254 -1.364725 -0.701221 1.217138 -0.744447 -0.701221 1.217138 -0.744447 -0.701221 1.637240 -0.744447 -0.649162 1.637241 -0.705028 -0.649162 1.620912 -0.705028 -0.701221 1.620912 -0.705028 -0.701221 1.620912 -0.705028 -0.649162 1.620912 -0.705028 -0.701221 1.233466 -0.705028 -0.649162 1.233582 -1.404143 -0.701221 1.233466 -1.404143 -0.649162 1.233582 -1.364725 -0.649162 1.637241 -1.364724 -0.701221 1.637240 -1.404143 -0.701221 1.620912 -1.404143 -0.649162 1.620912 -1.364725 -0.649162 1.637241 -1.404143 -0.649162 1.620912 -1.420471 -0.649162 1.581494 -1.420471 -0.649162 1.273000 -1.404143 -0.649162 1.233582 -1.364725 -0.649162 1.217254 -0.744447 -0.649162 1.217254 -0.705028 -0.649162 1.233582 -0.688701 -0.649162 1.273000 -0.688701 -0.649162 1.581494 -0.705028 -0.649162 1.620912 -0.744447 -0.649162 1.637241 -1.420470 -0.701221 1.581494 -1.404143 -0.701221 1.620912 
						-1.364724 -0.701221 1.637240 -0.744447 -0.701221 1.637240 -0.705028 -0.701221 1.620912 -0.688701 -0.701221 1.581494 -0.688701 -0.701221 1.272884 -0.705028 -0.701221 1.233466 -0.744447 -0.701221 1.217138 -1.364725 -0.701221 1.217138 -1.404143 -0.701221 1.233466 -1.420471 -0.701221 1.272884 -0.807814 -3.431862 1.631127 -1.294809 -3.431862 1.631127 -1.315312 -3.373508 1.638408 -0.787311 -3.373508 1.638408 -0.807814 -3.431862 1.238314 -0.807814 -3.431862 1.631127 -0.787311 -3.373508 1.638408 -0.787311 -3.373508 1.225565 -1.294809 -3.431862 1.631127 -1.294809 -3.431862 1.238314 -1.315312 -3.373508 1.225565 -1.315312 -3.373508 1.638408 -1.294809 -3.431862 1.238314 -0.807814 -3.431862 1.238314 -0.787311 -3.373508 1.225565 -1.315312 -3.373508 1.225565 -1.294809 -3.431862 1.631127 -0.807814 -3.431862 1.631127 -0.807814 -3.431862 1.238314 -1.294809 -3.431862 1.238314 -1.315312 -3.373508 1.638408 -1.315312 -3.373508 1.225565 -0.787311 -3.373508 1.225565 -0.787311 -3.373508 1.638408 
					</float_array>
					<technique_common>
						<accessor count="98" offset="0" source="#meshId4-positions-array" stride="3">
							<param name="X" type="float" />
							<param name="Y" type="float" />
							<param name="Z" type="float" />
						</accessor>
					</technique_common>
				</source>
				<source id="meshId4-normals" name="meshId4-normals">
					<float_array id="meshId4-normals-array" count="294"> 
						0.000000 1.000000 -0.000000 0.000000 1.000000 -0.000000 0.000000 1.000000 -0.000000 0.000000 1.000000 -0.000000 0.000000 -1.000000 0.000000 0.000000 -1.000000 0.000000 0.000000 -1.000000 0.000000 0.000000 -1.000000 0.000000 0.000000 0.000000 1.000000 0.000000 0.000000 1.000000 0.000000 0.000000 1.000000 0.000000 0.000000 1.000000 1.000000 0.000000 0.000000 1.000000 0.000000 0.000000 1.000000 0.000000 0.000000 1.000000 0.000000 0.000000 0.000000 -0.000000 -1.000000 0.000000 -0.000000 -1.000000 0.000000 -0.000000 -1.000000 0.000000 -0.000000 -1.000000 -1.000000 0.000000 0.000000 -1.000000 0.000000 0.000000 -1.000000 0.000000 0.000000 -1.000000 0.000000 0.000000 0.980838 -0.000432 0.194826 0.980785 0.000001 -0.195091 0.980785 0.000001 -0.195091 0.980732 -0.000433 0.195357 -0.980785 0.000000 -0.195091 -0.980838 -0.000433 0.194824 -0.980732 -0.000434 0.195356 -0.980785 0.000000 -0.195090 -0.195143 -0.002180 0.980772 0.195144 -0.002180 0.980772 0.195039 -0.002180 0.980793 -0.195038 -0.002180 0.980793 -0.195090 0.000001 -0.980785 -0.195090 0.000001 -0.980785 -0.707106 0.000000 -0.707107 -0.707106 0.000000 -0.707108 -0.707106 0.000000 -0.707108 -0.707106 0.000000 -0.707107 -0.706837 -0.001572 0.707375 -0.707377 -0.001570 0.706835 0.706836 -0.001572 0.707376 0.707376 -0.001571 0.706835 0.195090 0.000002 -0.980785 0.195090 0.000002 -0.980785 0.707106 0.000001 -0.707108 0.707106 0.000001 -0.707108 0.000000 -1.000000 0.000000 0.000000 -1.000000 0.000000 0.000000 -1.000000 0.000000 0.000000 -1.000000 0.000000 0.000000 -1.000000 0.000000 0.000000 -1.000000 0.000000 0.000000 -1.000000 0.000000 0.000000 -1.000000 0.000000 0.000000 -1.000000 0.000000 0.000000 -1.000000 0.000000 0.000000 -1.000000 0.000000 0.000000 -1.000000 0.000000 0.000000 1.000000 -0.000000 0.000000 1.000000 -0.000000 
						0.000000 1.000000 -0.000000 0.000000 1.000000 -0.000000 0.000000 1.000000 -0.000000 0.000000 1.000000 -0.000000 0.000000 1.000000 -0.000000 0.000000 1.000000 -0.000000 0.000000 1.000000 -0.000000 0.000000 1.000000 -0.000000 0.000000 1.000000 -0.000000 0.000000 1.000000 -0.000000 0.000000 0.123821 -0.992305 0.000000 0.123821 -0.992305 0.000000 0.123821 -0.992305 0.000000 0.123821 -0.992305 -0.943453 0.331507 -0.000000 -0.943453 0.331507 -0.000000 -0.943453 0.331507 -0.000000 -0.943453 0.331507 -0.000000 0.943454 0.331504 0.000000 0.943454 0.331504 0.000000 0.943454 0.331504 0.000000 0.943454 0.331504 0.000000 0.000000 0.213448 0.976954 0.000000 0.213448 0.976954 0.000000 0.213448 0.976954 0.000000 0.213448 0.976954 0.000000 1.000000 -0.000000 0.000000 1.000000 -0.000000 0.000000 1.000000 -0.000000 0.000000 1.000000 -0.000000 0.000000 -1.000000 0.000000 0.000000 -1.000000 0.000000 0.000000 -1.000000 0.000000 0.000000 -1.000000 0.000000 
					</float_array>
					<technique_common>
						<accessor count="98" offset="0" source="#meshId4-normals-array" stride="3">
							<param name="X" type="float" />
							<param name="Y" type="float" />
							<param name="Z" type="float" />
						</accessor>
					</technique_common>
				</source>
				<source id="meshId4-tangents" name="meshId4-tangents">
					<float_array id="meshId4-tangents-array" count="294"> 
						-0.000001 0.000000 -1.000000 -0.000001 -0.000000 -1.000000 -0.000001 0.000000 -1.000000 -0.000001 -0.000000 -1.000000 0.000000 0.000000 1.000000 0.000001 0.000000 1.000000 0.000001 0.000000 1.000000 0.000000 0.000000 1.000000 0.000009 1.000000 0.000000 0.000000 1.000000 -0.000000 0.000000 1.000000 0.000000 0.000008 1.000000 -0.000000 0.000000 1.000000 0.000000 0.000000 1.000000 -0.000008 0.000000 1.000000 -0.000009 0.000000 1.000000 0.000000 0.000000 -1.000000 0.000000 0.000008 -1.000000 0.000000 0.000009 -1.000000 0.000000 0.000000 -1.000000 0.000000 0.000000 1.000000 0.000000 0.000000 1.000000 0.000000 0.000000 1.000000 0.000000 0.000000 1.000000 0.000000 0.000136 0.999999 0.001533 0.000287 0.999999 0.001448 0.000287 0.999999 0.001448 0.000136 0.999999 0.001536 -0.000561 0.999996 0.002822 0.000136 0.999996 0.002908 0.000136 0.999996 0.002907 -0.000561 0.999996 0.002823 0.000685 0.999997 0.002359 0.000686 0.999998 0.002086 0.000689 0.999998 0.002086 0.000686 0.999997 0.002359 0.001443 0.999999 -0.000286 0.001446 0.999999 -0.000287 0.000985 0.999999 -0.000985 0.000981 0.999999 -0.000981 -0.001918 0.999996 0.001919 -0.001917 0.999996 0.001917 0.000467 0.999996 0.002688 0.000467 0.999996 0.002689 0.000463 0.999998 0.001759 0.000463 0.999998 0.001759 0.001448 0.999999 0.000290 0.001448 0.999999 0.000290 0.000981 0.999999 0.000983 0.000984 0.999999 0.000985 -0.000005 -0.000000 -1.000000 -0.000004 -0.000000 -1.000000 -0.000001 -0.000000 -1.000000 0.000002 -0.000000 -1.000000 0.000002 -0.000000 -1.000000 0.000001 -0.000000 -1.000000 0.000000 -0.000000 -1.000000 -0.000000 -0.000000 -1.000000 -0.000001 -0.000000 -1.000000 0.000001 -0.000000 -1.000000 0.000005 -0.000000 -1.000000 0.000001 -0.000000 -1.000000 0.000001 0.000000 1.000000 0.000000 0.000000 1.000000 
						0.000000 0.000000 1.000000 0.000006 0.000000 1.000000 -0.000000 0.000000 1.000000 -0.000002 0.000000 1.000000 0.000002 0.000000 1.000000 0.000001 0.000000 1.000000 -0.000013 0.000000 1.000000 0.000001 0.000000 1.000000 -0.000007 0.000000 1.000000 -0.000000 0.000000 1.000000 0.000004 0.992305 0.123821 0.000003 0.992305 0.123821 0.000003 0.992305 0.123821 0.000004 0.992305 0.123821 -0.285363 -0.812127 0.508939 -0.285363 -0.812127 0.508938 -0.285363 -0.812127 0.508938 -0.285363 -0.812127 0.508939 0.285360 -0.812128 0.508938 0.285360 -0.812128 0.508938 0.285360 -0.812128 0.508938 0.285360 -0.812128 0.508938 0.000000 -0.976954 0.213448 -0.000001 -0.976954 0.213448 -0.000001 -0.976954 0.213448 0.000000 -0.976954 0.213448 0.000000 0.000000 1.000000 0.000000 0.000000 1.000000 0.000000 0.000000 1.000000 0.000000 0.000000 1.000000 0.000000 0.000000 -1.000000 0.000000 0.000000 -1.000000 0.000000 0.000000 -1.000000 0.000000 0.000000 -1.000000 
					</float_array>
					<technique_common>
						<accessor count="98" offset="0" source="#meshId4-tangents-array" stride="3">
							<param name="X" type="float" />
							<param name="Y" type="float" />
							<param name="Z" type="float" />
						</accessor>
					</technique_common>
				</source>
				<source id="meshId4-bitangents" name="meshId4-bitangents">
					<float_array id="meshId4-bitangents-array" count="294"> 
						-1.000000 0.000000 0.000001 -1.000000 0.000000 0.000001 -1.000000 0.000000 0.000001 -1.000000 0.000000 0.000001 -1.000000 0.000000 0.000000 -1.000000 0.000000 0.000001 -1.000000 0.000000 0.000001 -1.000000 0.000000 0.000000 -1.000000 0.000009 -0.000000 -1.000000 0.000000 -0.000000 -1.000000 0.000000 0.000000 -1.000000 0.000008 -0.000000 0.000000 -0.000000 1.000000 0.000000 0.000008 1.000000 0.000000 0.000009 1.000000 0.000000 -0.000000 1.000000 -1.000000 -0.000000 0.000000 -1.000000 -0.000008 0.000000 -1.000000 -0.000009 0.000000 -1.000000 -0.000000 0.000000 0.000000 0.000000 -1.000000 0.000000 0.000000 -1.000000 0.000000 0.000000 -1.000000 0.000000 0.000000 -1.000000 -0.194827 -0.001477 0.980837 0.195091 -0.001476 0.980784 0.195091 -0.001476 0.980784 -0.195358 -0.001480 0.980731 0.195090 0.002877 -0.980781 -0.194825 0.002879 -0.980834 -0.195356 0.002878 -0.980728 0.195090 0.002878 -0.980781 -0.980774 0.001132 -0.195141 -0.980774 0.000266 0.195145 -0.980795 0.000269 0.195040 -0.980795 0.001133 -0.195036 0.980784 -0.001472 -0.195089 0.980784 -0.001474 -0.195089 0.707107 -0.001393 -0.707106 0.707107 -0.001387 -0.707105 0.707105 0.002713 -0.707103 0.707105 0.002711 -0.707104 -0.707377 0.002231 -0.706833 -0.706836 0.002232 -0.707374 -0.707377 -0.000916 0.706835 -0.706837 -0.000917 0.707376 0.980784 -0.001477 0.195090 0.980784 -0.001477 0.195089 0.707107 -0.001389 0.707105 0.707107 -0.001392 0.707105 1.000000 -0.000000 -0.000005 1.000000 -0.000000 -0.000004 1.000000 -0.000000 -0.000001 1.000000 0.000000 0.000002 1.000000 0.000000 0.000002 1.000000 0.000000 0.000001 1.000000 0.000000 0.000000 1.000000 -0.000000 -0.000000 1.000000 -0.000000 -0.000001 1.000000 0.000000 0.000001 1.000000 0.000000 0.000005 1.000000 0.000000 0.000001 1.000000 -0.000000 -0.000001 1.000000 -0.000000 -0.000000 
						1.000000 -0.000000 -0.000000 1.000000 -0.000000 -0.000006 1.000000 0.000000 0.000000 1.000000 0.000000 0.000002 1.000000 -0.000000 -0.000002 1.000000 -0.000000 -0.000001 1.000000 0.000000 0.000013 1.000000 -0.000000 -0.000001 1.000000 0.000000 0.000007 1.000000 0.000000 0.000000 1.000000 -0.000004 -0.000001 1.000000 -0.000003 -0.000000 1.000000 -0.000003 -0.000000 1.000000 -0.000004 -0.000000 0.168717 0.480159 0.860803 0.168717 0.480159 0.860803 0.168717 0.480159 0.860803 0.168717 0.480159 0.860803 0.168715 -0.480159 -0.860803 0.168715 -0.480160 -0.860803 0.168715 -0.480160 -0.860803 0.168715 -0.480159 -0.860803 1.000000 0.000000 -0.000000 1.000000 -0.000001 0.000000 1.000000 -0.000001 0.000000 1.000000 0.000000 -0.000000 1.000000 -0.000000 -0.000000 1.000000 -0.000000 -0.000000 1.000000 0.000000 0.000000 1.000000 -0.000000 -0.000000 1.000000 0.000000 0.000000 1.000000 0.000000 0.000000 1.000000 0.000000 0.000000 1.000000 0.000000 0.000000 
					</float_array>
					<technique_common>
						<accessor count="98" offset="0" source="#meshId4-bitangents-array" stride="3">
							<param name="X" type="float" />
							<param name="Y" type="float" />
							<param name="Z" type="float" />
						</accessor>
					</technique_common>
				</source>
				<source id="meshId4-tex0" name="meshId4-tex0">
					<float_array id="meshId4-tex0-array" count="196"> 
						0.290257 0.290250 0.290257 0.456581 0.000157 0.456582 0.000157 0.290250 0.297136 0.290250 0.587236 0.290250 0.587236 0.456582 0.297136 0.456581 0.594115 0.290250 0.594115 0.456582 0.587236 0.456582 0.587236 0.290250 0.594115 0.000157 0.594115 0.290250 0.587236 0.290250 0.587236 0.000157 0.290257 0.456581 0.290257 0.290250 0.297136 0.290250 0.297136 0.456581 0.594115 0.456582 0.594114 0.746696 0.587235 0.746696 0.587236 0.456582 0.999294 0.393021 0.999454 0.499124 0.981549 0.499151 0.981389 0.393008 0.999800 0.014884 0.999488 0.120986 0.981583 0.120973 0.981895 0.014831 0.999425 0.150334 0.999273 0.363672 0.981368 0.363659 0.981520 0.150321 0.981916 0.741837 0.999821 0.741810 0.999843 0.756485 0.981938 0.756512 0.981938 0.000157 0.999843 0.000210 0.981543 0.135647 0.999448 0.135660 0.981370 0.378333 0.999275 0.378346 0.999499 0.528473 0.981593 0.528500 0.981571 0.513825 0.999476 0.513798 0.739232 0.445698 0.744848 0.432141 0.758406 0.426525 0.864509 0.426525 0.878066 0.432141 0.883682 0.445698 0.883682 0.659035 0.878066 0.672593 0.864509 0.678209 0.758406 0.678209 0.744848 0.672593 0.739232 0.659035 0.719745 0.426525 0.733302 0.432141 
						0.738918 0.445698 0.738918 0.659035 0.733302 0.672593 0.719745 0.678209 0.613602 0.678209 0.600045 0.672593 0.594429 0.659035 0.594429 0.445698 0.600045 0.432141 0.613602 0.426525 0.729532 0.296932 0.729532 0.129436 0.749758 0.122384 0.749758 0.303984 0.912293 0.296932 0.981053 0.413229 0.964016 0.426211 0.891750 0.303984 0.981053 0.013139 0.912293 0.129436 0.891750 0.122384 0.964016 0.000157 0.912293 0.129436 0.912293 0.296932 0.891750 0.303984 0.891750 0.122384 0.729532 0.129436 0.729532 0.296932 0.594429 0.296932 0.594429 0.129437 0.749758 0.122384 0.891750 0.122384 0.891750 0.303984 0.749758 0.303984 
					</float_array>
					<technique_common>
						<accessor count="98" offset="0" source="#meshId4-tex0-array" stride="2">
							<param name="S" type="float" />
							<param name="T" type="float" />
						</accessor>
					</technique_common>
				</source>
				<vertices id="meshId4-vertices">
					<input semantic="POSITION" source="#meshId4-positions" />
				</vertices>
				<polylist count="68" material="defaultMaterial">
					<input offset="0" semantic="VERTEX" source="#meshId4-vertices" />
					<input offset="0" semantic="NORMAL" source="#meshId4-normals" />
					<input offset="0" semantic="TANGENT" source="#meshId4-tangents" />
					<input offset="0" semantic="BINORMAL" source="#meshId4-bitangents" />
					<input offset="0" semantic="TEXCOORD" source="#meshId4-tex0" set="0" />
					<vcount>
						3 3 3 3 3 3 3 3 3 3 3 3 3 3 3 3 3 3 3 3 3 3 3 3 3 3 3 3 3 3 3 3 3 3 3 3 3 3 3 3 3 3 3 3 3 3 3 3 3 3 3 3 3 3 3 3 3 3 3 3 3 3 3 3 
						3 3 3 3 
					</vcount>
					<p>
						3 0 1 1 2 3 7 4 5 5 6 7 11 8 9 9 10 11 15 12 13 13 14 15 19 16 17 17 18 19 23 20 21 21 22 23 27 24 25 25 26 27 31 28 29 29 30 31 35 32 33 33 34 35 39 36 37 37 38 39 31 40 41 41 28 31 43 32 35 35 42 43 29 43 42 42 30 29 45 24 27 27 44 45 33 45 44 44 34 33 49 46 47 47 48 49 25 49 48 48 26 25 47 46 37 37 36 47 61 50 51 61 51 52 61 52 53 61 53 54 61 54 55 61 55 56 61 56 57 61 57 58 61 58 59 59 60 61 73 62 63 73 63 64 73 64 65 73 65 66 73 66 67 73 67 68 73 68 69 73 69 70 73 70 71 71 72 73 77 74 75 75 76 77 81 78 79 79 80 81 85 82 83 83 84 85 89 86 87 87 88 89 
						93 90 91 91 92 93 97 94 95 95 96 97 
					</p>
				</polylist>
			</mesh>
		</geometry>
		<geometry id="meshId5" name="meshId5_name" >
			<mesh>
				<source id="meshId5-positions" name="meshId5-positions">
					<float_array id="meshId5-positions-array" count="693"> 
						-0.912485 -1.000000 0.000000 -1.000000 -1.000000 0.000000 -1.000000 -1.000000 -0.030000 -0.912485 -1.000000 -0.030000 -1.000000 0.472720 -0.030000 -1.000000 1.000000 -0.030000 -0.912485 1.000000 -0.030000 -0.912485 0.472720 -0.030000 -1.000000 0.472720 0.000000 -1.000000 1.000000 0.000000 -1.000000 1.000000 -0.030000 -1.000000 0.472720 -0.030000 -1.000000 1.000000 0.000000 -0.912485 1.000000 0.000000 -0.912485 1.000000 -0.030000 -1.000000 1.000000 -0.030000 1.000000 -0.907360 0.000000 1.000000 -1.000000 0.000000 1.000000 -1.000000 -0.030000 1.000000 -0.907360 -0.030000 0.912486 0.472720 -0.030000 0.912486 1.000000 -0.030000 1.000000 1.000000 -0.030000 1.000000 0.472720 -0.030000 0.912486 1.000000 0.000000 1.000000 1.000000 0.000000 1.000000 1.000000 -0.030000 0.912486 1.000000 -0.030000 -1.000000 0.472720 0.000000 -0.912485 0.472720 0.000000 -0.912485 1.000000 0.000000 -1.000000 1.000000 0.000000 0.912486 -1.000000 0.000000 0.912486 -0.907360 0.000000 -0.912485 -0.907360 0.000000 -0.912485 -1.000000 0.000000 0.912486 0.472720 0.000000 1.000000 0.472720 0.000000 1.000000 1.000000 0.000000 0.912486 1.000000 0.000000 0.912486 -1.000000 -0.030000 0.912486 -1.000000 0.000000 0.912486 -0.907360 -0.030000 0.912486 -1.000000 -0.030000 -0.912485 -1.000000 -0.030000 -0.912485 -0.907360 -0.030000 1.000000 -1.000000 0.000000 1.000000 -1.000000 -0.030000 1.000000 -1.000000 0.000000 1.000000 -0.907360 0.000000 -1.000000 -1.000000 0.000000 -1.000000 -0.907360 0.000000 1.000000 -0.907360 -0.030000 1.000000 -1.000000 -0.030000 1.000000 0.472720 0.000000 1.000000 0.472720 -0.030000 -1.000000 -1.000000 0.000000 -1.000000 -0.907360 0.000000 -1.000000 -0.907360 -0.030000 -1.000000 -1.000000 -0.030000 -1.000000 -1.000000 -0.030000 -1.000000 -0.907360 -0.030000 1.000000 1.000000 0.000000 1.000000 1.000000 -0.030000 
						0.912486 -0.907360 0.000000 0.912486 0.472720 0.000000 -0.912485 0.472720 0.000000 -0.912485 -0.907360 0.000000 1.797153 0.713806 -0.270615 1.724613 0.756449 -0.270615 1.724613 0.756449 -0.300615 1.797153 0.713806 -0.300615 2.670449 1.977170 -0.300615 3.009088 2.414226 -0.300615 3.081627 2.371583 -0.300615 2.742989 1.934527 -0.300615 2.670449 1.977170 -0.270615 3.009088 2.414226 -0.270615 3.009088 2.414226 -0.300615 2.670449 1.977170 -0.300615 3.009088 2.414226 -0.270615 3.081627 2.371583 -0.270615 3.081627 2.371583 -0.300615 3.009088 2.414226 -0.300615 3.441886 -0.141306 -0.270615 3.382390 -0.218094 -0.270615 3.382390 -0.218094 -0.300615 3.441886 -0.141306 -0.300615 4.255686 1.045270 -0.300615 4.594325 1.482326 -0.300615 4.666864 1.439683 -0.300615 4.328226 1.002626 -0.300615 4.594325 1.482326 -0.270615 4.666864 1.439683 -0.270615 4.666864 1.439683 -0.300615 4.594325 1.482326 -0.300615 2.670449 1.977170 -0.270615 2.742989 1.934527 -0.270615 3.081627 2.371583 -0.270615 3.009088 2.414226 -0.270615 3.309850 -0.175451 -0.270615 3.369347 -0.098663 -0.270615 1.856650 0.790594 -0.270615 1.797153 0.713806 -0.270615 4.255686 1.045270 -0.270615 4.328226 1.002626 -0.270615 4.666864 1.439683 -0.270615 4.594325 1.482326 -0.270615 4.594325 1.482326 -0.300615 3.081627 2.371583 -0.270615 1.797153 0.713806 -0.300615 3.309850 -0.175451 -0.300615 3.309850 -0.175451 -0.270615 3.369347 -0.098663 -0.300615 3.309850 -0.175451 -0.300615 1.797153 0.713806 -0.300615 1.856650 0.790594 -0.300615 4.255686 1.045270 -0.270615 4.594325 1.482326 -0.270615 3.081627 2.371583 -0.270615 2.742989 1.934527 -0.270615 3.382390 -0.218094 -0.270615 3.309850 -0.175451 -0.270615 3.309850 -0.175451 -0.300615 3.382390 -0.218094 -0.300615 3.369347 -0.098663 -0.300615 1.856650 0.790594 -0.300615 3.309850 -0.175451 -0.270615 
						3.382390 -0.218094 -0.270615 3.441886 -0.141306 -0.270615 3.369347 -0.098663 -0.270615 1.724613 0.756449 -0.270615 1.797153 0.713806 -0.270615 1.856650 0.790594 -0.270615 1.784110 0.833237 -0.270615 3.309850 -0.175451 -0.300615 3.369347 -0.098663 -0.300615 3.441886 -0.141306 -0.300615 3.382390 -0.218094 -0.300615 4.328226 1.002626 -0.270615 4.328226 1.002626 -0.300615 1.724613 0.756449 -0.270615 1.784110 0.833237 -0.270615 1.784110 0.833237 -0.300615 1.724613 0.756449 -0.300615 1.724613 0.756449 -0.300615 1.784110 0.833237 -0.300615 1.797153 0.713806 -0.300615 4.666864 1.439683 -0.270615 4.666864 1.439683 -0.300615 3.369347 -0.098663 -0.270615 4.255686 1.045270 -0.270615 2.742989 1.934527 -0.270615 1.856650 0.790594 -0.270615 3.369347 -0.098663 -0.270615 3.441886 -0.141306 -0.270615 4.328226 1.002626 -0.270615 4.255686 1.045270 -0.270615 1.784110 0.833237 -0.270615 1.856650 0.790594 -0.270615 2.742989 1.934527 -0.270615 2.670449 1.977170 -0.270615 3.441886 -0.141306 -0.300615 1.177237 1.662206 -0.233061 1.136703 1.729766 -0.233061 1.136703 1.729766 -0.263061 1.177237 1.662206 -0.263061 2.635178 2.411877 -0.263061 3.171679 2.656095 -0.263061 3.212212 2.588536 -0.263061 2.675712 2.344318 -0.263061 2.635178 2.411877 -0.233061 3.171679 2.656095 -0.233061 3.171679 2.656095 -0.263061 2.635178 2.411877 -0.263061 3.171679 2.656095 -0.233061 3.212212 2.588536 -0.233061 3.212212 2.588536 -0.263061 3.171679 2.656095 -0.263061 2.157292 0.228716 -0.233061 2.063032 0.185809 -0.233061 2.063032 0.185809 -0.263061 2.157292 0.228716 -0.263061 3.520973 0.935480 -0.263061 4.057474 1.179698 -0.263061 4.098008 1.112139 -0.263061 3.561507 0.867921 -0.263061 4.057474 1.179698 -0.233060 4.098008 1.112139 -0.233061 4.098008 1.112139 -0.263061 4.057474 1.179698 -0.263061 2.635178 2.411877 -0.233061 
						2.675712 2.344318 -0.233061 3.212212 2.588536 -0.233061 3.171679 2.656095 -0.233061 2.022499 0.253368 -0.233061 2.116758 0.296276 -0.233061 1.271496 1.705114 -0.233061 1.177237 1.662206 -0.233061 3.520973 0.935480 -0.233061 3.561507 0.867921 -0.233061 4.098008 1.112139 -0.233061 4.057474 1.179698 -0.233060 2.022499 0.253368 -0.263061 2.022499 0.253368 -0.233061 2.116758 0.296276 -0.263061 2.022499 0.253368 -0.263061 1.177237 1.662206 -0.263061 1.271496 1.705114 -0.263061 2.063032 0.185809 -0.233061 2.063032 0.185809 -0.263061 2.063032 0.185809 -0.233061 2.157292 0.228716 -0.233061 1.136703 1.729766 -0.233061 1.230963 1.772673 -0.233061 2.157292 0.228716 -0.263061 2.063032 0.185809 -0.263061 3.561507 0.867921 -0.233061 3.561507 0.867921 -0.263061 1.136703 1.729766 -0.233061 1.230963 1.772673 -0.233061 1.230963 1.772673 -0.263061 1.136703 1.729766 -0.263061 1.136703 1.729766 -0.263061 1.230963 1.772673 -0.263061 4.098008 1.112139 -0.233061 4.098008 1.112139 -0.263061 2.116758 0.296276 -0.233061 3.520973 0.935480 -0.233061 2.675712 2.344318 -0.233061 1.271496 1.705114 -0.233061 
					</float_array>
					<technique_common>
						<accessor count="231" offset="0" source="#meshId5-positions-array" stride="3">
							<param name="X" type="float" />
							<param name="Y" type="float" />
							<param name="Z" type="float" />
						</accessor>
					</technique_common>
				</source>
				<source id="meshId5-normals" name="meshId5-normals">
					<float_array id="meshId5-normals-array" count="693"> 
						0.000000 -1.000000 0.000000 0.000000 -1.000000 0.000000 0.000000 -1.000000 0.000000 0.000000 -1.000000 0.000000 0.000000 -0.000000 -1.000000 0.000000 -0.000000 -1.000000 0.000000 -0.000000 -1.000000 0.000000 -0.000000 -1.000000 -1.000000 0.000000 0.000000 -1.000000 0.000000 0.000000 -1.000000 0.000000 0.000000 -1.000000 0.000000 0.000000 0.000000 1.000000 0.000000 0.000000 1.000000 0.000000 0.000000 1.000000 0.000000 0.000000 1.000000 0.000000 1.000000 0.000000 0.000000 1.000000 0.000000 0.000000 1.000000 0.000000 0.000000 1.000000 0.000000 0.000000 0.000000 -0.000000 -1.000000 0.000000 -0.000000 -1.000000 0.000000 -0.000000 -1.000000 0.000000 -0.000000 -1.000000 0.000000 1.000000 0.000000 0.000000 1.000000 0.000000 0.000000 1.000000 0.000000 0.000000 1.000000 0.000000 0.000000 0.000000 1.000000 0.000000 0.000000 1.000000 0.000000 0.000000 1.000000 0.000000 0.000000 1.000000 0.000000 0.000000 1.000000 0.000000 0.000000 1.000000 0.000000 0.000000 1.000000 0.000000 0.000000 1.000000 0.000000 0.000000 1.000000 0.000000 0.000000 1.000000 0.000000 0.000000 1.000000 0.000000 0.000000 1.000000 0.000000 -1.000000 0.000000 0.000000 -1.000000 0.000000 0.000000 -0.000000 -1.000000 0.000000 -0.000000 -1.000000 0.000000 -0.000000 -1.000000 0.000000 -0.000000 -1.000000 0.000000 -1.000000 0.000000 0.000000 -1.000000 0.000000 0.000000 0.000000 1.000000 0.000000 0.000000 1.000000 0.000000 0.000000 1.000000 0.000000 0.000000 1.000000 0.000000 -0.000000 -1.000000 0.000000 -0.000000 -1.000000 1.000000 0.000000 0.000000 1.000000 0.000000 0.000000 -1.000000 0.000000 0.000000 -1.000000 0.000000 0.000000 -1.000000 0.000000 0.000000 -1.000000 0.000000 0.000000 0.000000 -0.000000 -1.000000 0.000000 -0.000000 -1.000000 1.000000 0.000000 0.000000 1.000000 0.000000 0.000000 
						0.000000 0.000000 1.000000 0.000000 0.000000 1.000000 0.000000 0.000000 1.000000 0.000000 0.000000 1.000000 -0.506780 -0.862075 0.000000 -0.506780 -0.862075 0.000000 -0.506780 -0.862075 0.000000 -0.506780 -0.862075 0.000000 0.000000 -0.000000 -1.000000 0.000000 -0.000000 -1.000000 0.000000 -0.000000 -1.000000 0.000000 -0.000000 -1.000000 -0.790485 0.612481 0.000000 -0.790485 0.612481 0.000000 -0.790485 0.612481 0.000000 -0.790485 0.612481 0.000000 0.506781 0.862075 0.000000 0.506781 0.862075 0.000000 0.506781 0.862075 0.000000 0.506781 0.862075 0.000000 0.790486 -0.612481 -0.000000 0.790486 -0.612481 -0.000000 0.790486 -0.612481 -0.000000 0.790486 -0.612481 -0.000000 0.000000 -0.000000 -1.000000 0.000000 -0.000000 -1.000000 0.000000 -0.000000 -1.000000 0.000000 -0.000000 -1.000000 0.506780 0.862075 -0.000000 0.506780 0.862075 -0.000000 0.506780 0.862075 -0.000000 0.506780 0.862075 -0.000000 -0.000000 0.000000 1.000000 -0.000000 0.000000 1.000000 -0.000000 0.000000 1.000000 -0.000000 0.000000 1.000000 0.000000 0.000000 1.000000 0.000000 0.000000 1.000000 0.000000 0.000000 1.000000 0.000000 0.000000 1.000000 -0.000000 0.000000 1.000000 -0.000000 0.000000 1.000000 -0.000000 0.000000 1.000000 -0.000000 0.000000 1.000000 0.506781 0.862075 0.000000 0.506781 0.862075 0.000000 -0.506781 -0.862075 0.000000 -0.506781 -0.862075 0.000000 -0.506781 -0.862075 0.000000 -0.000000 -0.000000 -1.000000 -0.000000 -0.000000 -1.000000 -0.000000 -0.000000 -1.000000 -0.000000 -0.000000 -1.000000 0.000000 0.000000 1.000000 0.000000 0.000000 1.000000 0.000000 0.000000 1.000000 0.000000 0.000000 1.000000 -0.506781 -0.862075 -0.000000 -0.506781 -0.862075 -0.000000 -0.506781 -0.862075 -0.000000 -0.506781 -0.862075 -0.000000 0.000000 -0.000000 -1.000000 0.000000 -0.000000 -1.000000 -0.000000 0.000000 1.000000 
						-0.000000 0.000000 1.000000 -0.000000 0.000000 1.000000 -0.000000 0.000000 1.000000 0.000000 0.000000 1.000000 0.000000 0.000000 1.000000 0.000000 0.000000 1.000000 0.000000 0.000000 1.000000 0.000000 -0.000000 -1.000000 0.000000 -0.000000 -1.000000 0.000000 -0.000000 -1.000000 0.000000 -0.000000 -1.000000 0.790485 -0.612482 0.000000 0.790485 -0.612482 0.000000 -0.790484 0.612482 0.000000 -0.790484 0.612482 0.000000 -0.790484 0.612482 0.000000 -0.790484 0.612482 0.000000 0.000000 -0.000000 -1.000000 0.000000 -0.000000 -1.000000 0.000000 -0.000000 -1.000000 0.790485 -0.612481 0.000000 0.790485 -0.612481 0.000000 0.000000 0.000000 1.000000 0.000000 0.000000 1.000000 0.000000 0.000000 1.000000 0.000000 0.000000 1.000000 -0.000000 0.000000 1.000000 -0.000000 0.000000 1.000000 -0.000000 0.000000 1.000000 -0.000000 0.000000 1.000000 -0.000000 0.000000 1.000000 -0.000000 0.000000 1.000000 -0.000000 0.000000 1.000000 -0.000000 0.000000 1.000000 0.000000 -0.000000 -1.000000 -0.857504 -0.514477 0.000000 -0.857504 -0.514477 0.000000 -0.857504 -0.514477 0.000000 -0.857504 -0.514477 0.000000 0.000000 -0.000000 -1.000000 0.000000 -0.000000 -1.000000 0.000000 -0.000000 -1.000000 0.000000 -0.000000 -1.000000 -0.414300 0.910141 -0.000000 -0.414300 0.910141 -0.000000 -0.414300 0.910141 -0.000000 -0.414300 0.910141 -0.000000 0.857504 0.514478 0.000000 0.857504 0.514478 0.000000 0.857504 0.514478 0.000000 0.857504 0.514478 0.000000 0.414300 -0.910140 0.000000 0.414300 -0.910140 0.000000 0.414300 -0.910140 0.000000 0.414300 -0.910140 0.000000 0.000000 -0.000000 -1.000000 0.000000 -0.000000 -1.000000 0.000000 -0.000000 -1.000000 0.000000 -0.000000 -1.000000 0.857504 0.514478 0.000000 0.857504 0.514478 0.000000 0.857504 0.514478 0.000000 0.857504 0.514478 0.000000 -0.000000 0.000000 1.000000 
						-0.000000 0.000000 1.000000 -0.000000 0.000000 1.000000 -0.000000 0.000000 1.000000 -0.000000 0.000000 1.000000 -0.000000 0.000000 1.000000 -0.000000 0.000000 1.000000 -0.000000 0.000000 1.000000 -0.000000 0.000000 1.000000 -0.000000 0.000000 1.000000 -0.000000 0.000000 1.000000 -0.000000 0.000000 1.000000 -0.857504 -0.514478 -0.000000 -0.857504 -0.514478 -0.000000 -0.000000 -0.000000 -1.000000 -0.000000 -0.000000 -1.000000 -0.000000 -0.000000 -1.000000 -0.000000 -0.000000 -1.000000 -0.857504 -0.514477 0.000000 -0.857504 -0.514477 0.000000 0.000000 0.000000 1.000000 0.000000 0.000000 1.000000 0.000000 0.000000 1.000000 0.000000 0.000000 1.000000 0.000000 -0.000000 -1.000000 0.000000 -0.000000 -1.000000 0.414300 -0.910141 0.000000 0.414300 -0.910141 0.000000 -0.414299 0.910141 0.000000 -0.414299 0.910141 0.000000 -0.414299 0.910141 0.000000 -0.414299 0.910141 0.000000 0.000000 -0.000000 -1.000000 0.000000 -0.000000 -1.000000 0.414300 -0.910141 0.000000 0.414300 -0.910141 0.000000 0.000000 0.000000 1.000000 0.000000 0.000000 1.000000 0.000000 0.000000 1.000000 0.000000 0.000000 1.000000 
					</float_array>
					<technique_common>
						<accessor count="231" offset="0" source="#meshId5-normals-array" stride="3">
							<param name="X" type="float" />
							<param name="Y" type="float" />
							<param name="Z" type="float" />
						</accessor>
					</technique_common>
				</source>
				<source id="meshId5-tangents" name="meshId5-tangents">
					<float_array id="meshId5-tangents-array" count="693"> 
						-0.000084 0.000000 -1.000000 -0.003014 0.000000 -0.999995 -0.003797 0.000000 -0.999993 -0.000487 0.000000 -1.000000 0.000940 1.000000 -0.000000 -0.000587 1.000000 -0.000000 -0.000285 1.000000 -0.000000 0.000525 1.000000 -0.000000 0.000000 0.005033 -0.999987 0.000000 0.005006 -0.999987 0.000000 0.005005 -0.999987 0.000000 0.005032 -0.999987 0.001465 -0.000000 0.999999 -0.000316 -0.000000 1.000000 -0.000523 -0.000000 1.000000 0.001047 0.000000 0.999999 0.000000 0.005368 -0.999986 0.000000 0.005346 -0.999986 0.000000 0.005342 -0.999986 0.000000 0.005366 -0.999986 0.001884 0.999998 -0.000000 0.002819 0.999996 -0.000000 0.002087 0.999998 -0.000000 0.002086 0.999998 -0.000000 -0.000877 -0.000000 1.000000 0.000811 -0.000000 1.000000 0.001259 -0.000000 0.999999 -0.000651 -0.000000 1.000000 0.001492 -0.999999 0.000000 0.001813 -0.999998 0.000000 0.003372 -0.999994 0.000000 0.003196 -0.999995 0.000000 -0.000218 -1.000000 0.000000 -0.000377 -1.000000 0.000000 0.000634 -1.000000 0.000000 0.000383 -1.000000 0.000000 -0.001508 -0.999999 0.000000 -0.001208 -0.999999 0.000000 -0.000435 -1.000000 0.000000 -0.000722 -1.000000 0.000000 -0.002266 0.000000 -0.999997 -0.001591 0.000000 -0.999999 0.000432 1.000000 -0.000000 -0.002145 0.999998 -0.000000 0.001425 0.999999 -0.000000 0.002314 0.999997 -0.000000 0.004053 0.000000 -0.999992 0.002727 0.000000 -0.999996 -0.000211 -1.000000 0.000000 -0.000463 -1.000000 0.000000 0.000331 -1.000000 0.000000 0.000720 -1.000000 0.000000 0.003314 0.999994 -0.000000 0.001364 0.999999 -0.000000 0.000000 0.005343 -0.999986 0.000000 0.005342 -0.999986 0.000000 0.004992 -0.999988 0.000000 0.005041 -0.999987 0.000000 0.005046 -0.999987 0.000000 0.005002 -0.999988 -0.003956 0.999992 -0.000000 0.000653 1.000000 -0.000000 0.000000 0.005423 -0.999985 0.000000 0.005420 -0.999985 
						-1.000000 -0.000000 0.000000 -1.000000 -0.000000 0.000000 -1.000000 -0.000000 0.000000 -1.000000 -0.000000 0.000000 -0.000340 0.000264 -1.000000 -0.001267 0.000981 -0.999999 -0.001514 0.001173 -0.999998 -0.000588 0.000455 -1.000000 0.407102 0.913383 -0.000000 0.406820 0.913508 -0.000000 0.406664 0.913578 -0.000000 0.406846 0.913497 -0.000000 0.001074 0.001827 -0.999998 0.001073 0.001825 -0.999998 0.001073 0.001825 -0.999998 0.001074 0.001827 -0.999998 0.000009 -0.000007 1.000000 -0.000398 0.000309 1.000000 -0.000507 0.000393 1.000000 -0.000100 0.000077 1.000000 0.000642 0.001093 -0.999999 0.000658 0.001119 -0.999999 0.000661 0.001125 -0.999999 0.000646 0.001098 -0.999999 0.407391 0.913254 -0.000000 0.407834 0.913056 -0.000000 0.407945 0.913006 -0.000000 0.407622 0.913151 -0.000000 -0.000602 0.000466 1.000000 -0.000148 0.000115 1.000000 -0.000027 0.000021 1.000000 -0.000480 0.000372 1.000000 -0.406819 -0.913509 -0.000000 -0.406812 -0.913512 -0.000000 -0.406738 -0.913545 -0.000000 -0.406745 -0.913542 -0.000000 -0.407430 -0.913236 0.000000 -0.407422 -0.913240 0.000000 -0.407210 -0.913334 0.000000 -0.407218 -0.913331 0.000000 -0.408258 -0.912867 -0.000000 -0.408250 -0.912870 -0.000000 -0.408171 -0.912905 -0.000000 -0.408179 -0.912902 -0.000000 -0.000602 0.000467 1.000000 -0.000511 0.000396 1.000000 -0.000351 0.000272 -1.000000 -0.000969 0.000751 -0.999999 -0.000963 0.000746 -0.999999 0.405669 0.914020 -0.000000 0.405748 0.913985 -0.000000 0.407797 0.913073 -0.000000 0.407718 0.913108 -0.000000 -0.408092 -0.912941 0.000000 -0.407674 -0.913127 0.000000 -0.406043 -0.913854 0.000000 -0.406461 -0.913668 0.000000 0.000931 -0.000721 -0.999999 -0.000560 0.000434 -1.000000 -0.000959 0.000743 -0.999999 0.000533 -0.000413 -1.000000 0.407147 0.913363 -0.000000 0.407566 0.913176 -0.000000 -0.407449 -0.913228 -0.000000 
						-0.407453 -0.913226 -0.000000 -0.407457 -0.913224 -0.000000 -0.407454 -0.913226 -0.000000 -0.407237 -0.913323 0.000000 -0.407235 -0.913324 0.000000 -0.407232 -0.913325 0.000000 -0.407234 -0.913324 0.000000 0.406551 0.913628 0.000000 0.407958 0.913001 0.000000 0.409055 0.912510 0.000000 0.407649 0.913139 0.000000 0.000649 0.001104 -0.999999 0.000649 0.001103 -0.999999 0.001075 0.001828 -0.999998 0.001075 0.001828 -0.999998 0.001075 0.001828 -0.999998 0.001075 0.001828 -0.999998 0.405689 0.914011 -0.000000 0.407265 0.913310 -0.000000 0.406807 0.913514 0.000000 0.000649 0.001103 -0.999999 0.000649 0.001103 -0.999999 -0.407337 -0.913278 0.000000 -0.407337 -0.913278 0.000000 -0.407337 -0.913278 0.000000 -0.407337 -0.913278 0.000000 -0.407672 -0.913129 -0.000000 -0.407673 -0.913128 -0.000000 -0.407713 -0.913110 -0.000000 -0.407712 -0.913111 -0.000000 -0.407034 -0.913413 -0.000000 -0.407036 -0.913412 -0.000000 -0.407079 -0.913393 -0.000000 -0.407078 -0.913393 -0.000000 0.407320 0.913286 -0.000000 0.414299 -0.910141 -0.000000 0.414299 -0.910141 -0.000000 0.414299 -0.910141 -0.000000 0.414299 -0.910141 -0.000000 0.414306 -0.910138 0.000000 0.414308 -0.910137 0.000000 0.414305 -0.910138 0.000000 0.414304 -0.910138 0.000000 -0.857504 -0.514477 -0.000000 -0.857504 -0.514477 0.000001 -0.857504 -0.514477 0.000001 -0.857504 -0.514477 -0.000000 0.414300 -0.910140 -0.000000 0.414300 -0.910140 0.000006 0.414300 -0.910140 0.000008 0.414300 -0.910140 0.000002 0.857504 0.514478 -0.000011 0.857504 0.514478 -0.000002 0.857504 0.514478 0.000000 0.857504 0.514478 -0.000009 0.414304 -0.910139 0.000000 0.414305 -0.910138 0.000000 0.414304 -0.910139 0.000000 0.414304 -0.910139 0.000000 0.414300 -0.910140 0.000010 0.414300 -0.910140 0.000004 0.414300 -0.910140 0.000003 0.414300 -0.910140 0.000008 0.414295 -0.910143 0.000000 
						0.414295 -0.910143 0.000000 0.414300 -0.910140 0.000000 0.414300 -0.910140 0.000000 0.414288 -0.910146 0.000000 0.414288 -0.910146 0.000000 0.414288 -0.910146 0.000000 0.414288 -0.910146 0.000000 0.414289 -0.910145 0.000000 0.414289 -0.910145 0.000000 0.414291 -0.910145 0.000000 0.414291 -0.910145 0.000000 0.414300 -0.910141 0.000001 0.414300 -0.910140 0.000001 0.414299 -0.910141 -0.000000 0.414299 -0.910141 -0.000000 0.414299 -0.910141 -0.000000 0.414299 -0.910141 -0.000000 0.414299 -0.910141 -0.000000 0.414299 -0.910141 -0.000000 0.414290 -0.910145 0.000000 0.414288 -0.910146 0.000000 0.414291 -0.910145 0.000000 0.414291 -0.910144 0.000000 0.414306 -0.910138 0.000000 0.414302 -0.910139 0.000000 0.857504 0.514477 -0.000001 0.857504 0.514477 -0.000001 -0.857504 -0.514477 -0.000000 -0.857504 -0.514477 -0.000000 -0.857504 -0.514477 -0.000000 -0.857504 -0.514477 -0.000000 0.414299 -0.910141 0.000000 0.414304 -0.910139 0.000000 0.857504 0.514477 -0.000001 0.857504 0.514477 -0.000001 -0.784385 -0.620274 0.000000 -0.784385 -0.620274 0.000000 -0.784385 -0.620274 0.000000 -0.784385 -0.620274 0.000000 
					</float_array>
					<technique_common>
						<accessor count="231" offset="0" source="#meshId5-tangents-array" stride="3">
							<param name="X" type="float" />
							<param name="Y" type="float" />
							<param name="Z" type="float" />
						</accessor>
					</technique_common>
				</source>
				<source id="meshId5-bitangents" name="meshId5-bitangents">
					<float_array id="meshId5-bitangents-array" count="693"> 
						1.000000 0.000000 -0.000085 0.999995 0.000000 -0.003031 0.999993 0.000000 -0.003819 1.000000 0.000000 -0.000490 0.999999 -0.001239 0.000000 1.000000 0.000774 -0.000000 1.000000 0.000376 -0.000000 1.000000 -0.000692 0.000000 0.000000 -0.999993 -0.003840 0.000000 -0.999993 -0.003820 0.000000 -0.999993 -0.003819 0.000000 -0.999993 -0.003840 0.999999 0.000000 -0.001473 1.000000 0.000000 0.000318 1.000000 -0.000000 0.000526 0.999999 0.000000 -0.001053 0.000000 0.999992 0.004096 0.000000 0.999992 0.004080 0.000000 0.999992 0.004076 0.000000 0.999992 0.004095 0.999997 -0.002483 0.000000 0.999993 -0.003716 0.000000 0.999996 -0.002751 0.000000 0.999996 -0.002749 0.000000 1.000000 -0.000000 0.000882 1.000000 0.000000 -0.000815 0.999999 0.000000 -0.001266 1.000000 0.000000 0.000655 0.999998 0.001967 -0.000000 0.999997 0.002390 -0.000000 0.999990 0.004444 -0.000000 0.999991 0.004213 -0.000000 1.000000 -0.000287 0.000000 1.000000 -0.000497 0.000000 1.000000 0.000836 -0.000000 1.000000 0.000505 -0.000000 0.999998 -0.001988 0.000000 0.999999 -0.001592 0.000000 1.000000 -0.000573 0.000000 1.000000 -0.000951 0.000000 0.999997 0.000000 -0.002279 0.999999 0.000000 -0.001600 1.000000 -0.000570 0.000000 0.999996 0.002828 -0.000000 0.999998 -0.001878 0.000000 0.999995 -0.003050 0.000000 0.999992 0.000000 0.004076 0.999996 -0.000000 0.002743 1.000000 -0.000278 0.000000 1.000000 -0.000610 0.000000 1.000000 0.000437 -0.000000 1.000000 0.000949 -0.000000 0.999990 -0.004369 0.000000 0.999998 -0.001797 0.000000 0.000000 0.999992 0.004077 0.000000 0.999992 0.004076 0.000000 -0.999993 -0.003809 0.000000 -0.999993 -0.003847 0.000000 -0.999993 -0.003850 0.000000 -0.999993 -0.003817 0.999986 0.005214 -0.000000 1.000000 -0.000861 0.000000 0.000000 0.999991 0.004138 0.000000 0.999991 0.004136 
						0.000000 -1.000000 0.000000 0.000000 -1.000000 0.000000 0.000000 -1.000000 0.000000 0.000000 -1.000000 0.000000 0.790486 -0.612481 -0.000394 0.790485 -0.612480 -0.001466 0.790484 -0.612480 -0.001752 0.790486 -0.612480 -0.000680 0.862228 -0.506520 0.000000 0.862412 -0.506208 0.000000 0.862514 -0.506034 0.000000 0.862395 -0.506236 0.000000 -0.506780 -0.862074 -0.001749 -0.506780 -0.862074 -0.001747 -0.506780 -0.862074 -0.001747 -0.506780 -0.862074 -0.001749 0.790485 -0.612482 -0.000010 0.790485 -0.612482 0.000461 0.790484 -0.612482 0.000587 0.790485 -0.612482 0.000115 0.506780 0.862075 0.001046 0.506780 0.862075 0.001072 0.506780 0.862075 0.001077 0.506780 0.862075 0.001052 0.862040 -0.506840 0.000000 0.861751 -0.507332 0.000000 0.861678 -0.507455 0.000000 0.861890 -0.507096 0.000000 0.790485 -0.612480 0.000696 0.790486 -0.612481 0.000171 0.790486 -0.612481 0.000031 0.790486 -0.612480 0.000556 0.862412 -0.506207 0.000000 0.862417 -0.506198 0.000000 0.862465 -0.506116 0.000000 0.862460 -0.506124 0.000000 0.862014 -0.506884 -0.000000 0.862019 -0.506875 -0.000000 0.862158 -0.506640 -0.000000 0.862152 -0.506649 -0.000000 0.861475 -0.507801 0.000000 0.861480 -0.507792 0.000000 0.861531 -0.507705 0.000000 0.861526 -0.507714 0.000000 0.790485 -0.612481 0.000697 0.790485 -0.612481 0.000592 0.790485 -0.612481 -0.000406 0.790485 -0.612481 -0.001121 0.790485 -0.612481 -0.001114 0.863160 -0.504930 -0.000000 0.863109 -0.505018 -0.000000 0.861775 -0.507290 -0.000000 0.861827 -0.507203 -0.000000 0.861582 -0.507618 0.000000 0.861855 -0.507155 0.000000 0.862917 -0.505345 0.000000 0.862646 -0.505809 0.000000 0.790484 -0.612481 0.001077 0.790484 -0.612482 -0.000648 0.790484 -0.612481 -0.001109 0.790484 -0.612482 0.000616 0.862199 -0.506570 0.000000 0.861926 -0.507034 0.000000 0.862002 -0.506905 0.000000 
						0.862000 -0.506909 0.000000 0.861996 -0.506914 0.000000 0.861999 -0.506910 0.000000 0.862140 -0.506669 -0.000000 0.862142 -0.506667 -0.000000 0.862143 -0.506665 -0.000000 0.862142 -0.506667 -0.000000 0.862587 -0.505909 0.000000 0.861670 -0.507469 0.000000 0.860953 -0.508684 0.000000 0.861872 -0.507126 0.000000 0.506781 0.862074 0.001057 0.506781 0.862074 0.001056 -0.506781 -0.862073 -0.001750 -0.506781 -0.862073 -0.001750 -0.506781 -0.862073 -0.001750 -0.506781 -0.862073 -0.001750 0.863147 -0.504953 0.000000 0.862122 -0.506700 0.000000 0.862420 -0.506193 0.000000 0.506780 0.862075 0.001056 0.506780 0.862074 0.001056 0.862075 -0.506780 0.000000 0.862075 -0.506780 0.000000 0.862075 -0.506781 0.000000 0.862075 -0.506781 0.000000 0.861857 -0.507152 0.000000 0.861856 -0.507153 0.000000 0.861830 -0.507198 0.000000 0.861831 -0.507196 0.000000 0.862272 -0.506445 0.000000 0.862271 -0.506446 0.000000 0.862243 -0.506495 0.000000 0.862244 -0.506493 0.000000 0.862086 -0.506762 0.000000 0.000000 -0.000000 1.000000 0.000000 -0.000000 1.000000 0.000000 -0.000000 1.000000 0.000000 -0.000000 1.000000 -0.857500 -0.514484 0.000000 -0.857498 -0.514487 0.000000 -0.857500 -0.514484 0.000000 -0.857501 -0.514483 0.000000 -0.000000 -0.000000 1.000000 0.000001 0.000001 1.000000 0.000001 0.000001 1.000000 -0.000000 -0.000000 1.000000 -0.000000 0.000000 -1.000000 0.000003 -0.000007 -1.000000 0.000004 -0.000009 -1.000000 0.000001 -0.000002 -1.000000 0.000010 0.000006 1.000000 0.000002 0.000001 1.000000 -0.000000 -0.000000 1.000000 0.000009 0.000005 1.000000 -0.857501 -0.514482 0.000000 -0.857501 -0.514483 0.000000 -0.857501 -0.514482 0.000000 -0.857501 -0.514482 0.000000 0.000005 -0.000011 -1.000000 0.000002 -0.000005 -1.000000 0.000002 -0.000004 -1.000000 0.000004 -0.000009 -1.000000 0.857507 0.514472 0.000000 
						0.857507 0.514472 0.000000 0.857503 0.514478 0.000000 0.857504 0.514478 0.000000 0.857511 0.514465 0.000000 0.857512 0.514465 0.000000 0.857511 0.514465 0.000000 0.857511 0.514465 0.000000 0.857511 0.514466 0.000000 0.857511 0.514466 0.000000 0.857510 0.514468 0.000000 0.857510 0.514468 0.000000 -0.000001 0.000001 1.000000 -0.000001 0.000001 1.000000 -0.857504 -0.514477 0.000000 -0.857504 -0.514477 0.000000 -0.857505 -0.514476 0.000000 -0.857505 -0.514476 0.000000 0.000000 -0.000000 1.000000 0.000000 -0.000000 1.000000 0.857510 0.514467 -0.000000 0.857512 0.514464 -0.000000 0.857510 0.514468 -0.000000 0.857510 0.514468 -0.000000 -0.857500 -0.514484 0.000000 -0.857502 -0.514480 0.000000 0.000001 0.000000 1.000000 0.000001 0.000000 1.000000 -0.000000 -0.000000 1.000000 -0.000000 -0.000000 1.000000 -0.000000 -0.000000 1.000000 -0.000000 -0.000000 1.000000 -0.857504 -0.514477 0.000000 -0.857501 -0.514482 0.000000 0.000001 0.000001 1.000000 0.000001 0.000001 1.000000 0.514478 -0.857504 0.000000 0.514477 -0.857504 0.000000 0.514477 -0.857504 0.000000 0.514477 -0.857504 0.000000 
					</float_array>
					<technique_common>
						<accessor count="231" offset="0" source="#meshId5-bitangents-array" stride="3">
							<param name="X" type="float" />
							<param name="Y" type="float" />
							<param name="Z" type="float" />
						</accessor>
					</technique_common>
				</source>
				<source id="meshId5-tex0" name="meshId5-tex0">
					<float_array id="meshId5-tex0-array" count="462"> 
						0.000192 0.627017 0.000220 0.618583 0.003115 0.618594 0.003129 0.627017 0.142598 0.618454 0.192591 0.618418 0.192580 0.626792 0.142606 0.626745 0.000765 0.476467 0.000960 0.425585 0.003855 0.425596 0.003660 0.476478 0.195468 0.618414 0.195508 0.626794 0.192580 0.626792 0.192591 0.618418 0.000312 0.815717 0.000275 0.806775 0.003171 0.806764 0.003207 0.815705 0.142661 0.798247 0.192650 0.798023 0.192687 0.806401 0.142678 0.806540 0.195578 0.798026 0.195563 0.806398 0.192687 0.806401 0.192650 0.798023 0.245455 0.618295 0.245473 0.626572 0.195508 0.626794 0.195468 0.618414 0.384400 0.798282 0.375670 0.798279 0.375669 0.626366 0.384400 0.626362 0.245510 0.798154 0.245502 0.806427 0.195563 0.806398 0.195578 0.798026 0.003181 0.798335 0.000241 0.798329 0.011972 0.798361 0.003181 0.798335 0.003129 0.627017 0.011927 0.626976 0.000275 0.806775 0.003171 0.806764 0.384398 0.806532 0.375665 0.806530 0.384396 0.618110 0.375662 0.618114 0.012007 0.806694 0.003171 0.806764 0.000858 0.948919 0.003753 0.948908 0.000220 0.618583 0.000255 0.609644 0.003149 0.609655 0.003115 0.618594 0.003115 0.618594 0.011934 0.618641 0.001066 0.999808 0.003962 0.999796 
						0.384784 0.727734 0.384784 0.597482 0.557024 0.597482 0.557024 0.727734 0.592568 0.207737 0.592581 0.199734 0.595435 0.199739 0.595437 0.207738 0.740138 0.218371 0.791965 0.225057 0.791958 0.233036 0.740135 0.226321 0.592840 0.052801 0.592932 0.000192 0.595787 0.000197 0.595694 0.052806 0.794813 0.225057 0.794822 0.233037 0.791958 0.233036 0.791965 0.225057 0.592555 0.390308 0.592545 0.381067 0.595399 0.381064 0.595409 0.390305 0.740104 0.391703 0.791938 0.398313 0.791946 0.406294 0.740104 0.399654 0.794802 0.398315 0.794793 0.406294 0.791946 0.406294 0.791938 0.398313 0.846634 0.218370 0.846639 0.226317 0.794822 0.233037 0.794813 0.225057 0.991162 0.373222 0.982072 0.374388 0.982072 0.208861 0.991162 0.207692 0.846626 0.391725 0.846621 0.399670 0.794793 0.406294 0.794802 0.398315 0.791938 0.398313 0.794822 0.233037 0.595437 0.207738 0.595406 0.373065 0.592537 0.373062 0.604519 0.374251 0.595406 0.373065 0.595437 0.207738 0.604550 0.208898 0.846626 0.391725 0.794802 0.398315 0.794822 0.233037 0.846639 0.226317 0.592545 0.381067 0.592537 0.373062 0.595406 0.373065 0.595399 0.381064 0.604519 0.374251 0.604550 0.208898 0.991162 0.373222 
						0.991161 0.381161 0.982070 0.382327 0.982072 0.374388 0.991161 0.199753 0.991162 0.207692 0.982072 0.208861 0.982070 0.200922 0.595406 0.373065 0.604519 0.374251 0.604526 0.382215 0.595399 0.381064 0.592702 0.527977 0.595557 0.527974 0.592581 0.199734 0.592597 0.190491 0.595452 0.190497 0.595435 0.199739 0.595435 0.199739 0.604557 0.200935 0.595437 0.207738 0.592758 0.580590 0.595613 0.580587 0.728004 0.746583 0.592537 0.763984 0.592537 0.598374 0.728004 0.580973 0.982072 0.374388 0.982070 0.382327 0.846621 0.399670 0.846626 0.391725 0.982070 0.200922 0.982072 0.208861 0.846639 0.226317 0.846634 0.218370 0.604526 0.382215 0.218642 0.425202 0.211207 0.425202 0.211207 0.422370 0.218642 0.422370 0.228764 0.267975 0.235050 0.212697 0.242486 0.212697 0.236200 0.267975 0.055823 0.425202 0.000192 0.425202 0.000192 0.422370 0.055823 0.422370 0.235050 0.209865 0.242486 0.209865 0.242486 0.212697 0.235050 0.212697 0.390915 0.425202 0.381140 0.425201 0.381140 0.422370 0.390915 0.422370 0.391261 0.267976 0.397547 0.212698 0.404983 0.212698 0.398697 0.267976 0.397547 0.209867 0.404983 0.209867 0.404983 0.212698 0.397547 0.212698 0.228765 0.154587 
						0.236200 0.154587 0.242486 0.209865 0.235050 0.209865 0.373708 0.000194 0.374812 0.009906 0.219750 0.009904 0.218646 0.000192 0.391262 0.154589 0.398698 0.154589 0.404983 0.209867 0.397547 0.209867 0.373705 0.422370 0.373705 0.425201 0.374809 0.412658 0.373705 0.422370 0.218642 0.422370 0.219747 0.412658 0.381140 0.425201 0.381140 0.422370 0.381144 0.000194 0.382248 0.009906 0.211210 0.000192 0.212314 0.009904 0.382245 0.412658 0.381140 0.422370 0.536527 0.425202 0.536527 0.422371 0.211207 0.425202 0.201432 0.425202 0.201432 0.422370 0.211207 0.422370 0.211207 0.422370 0.212311 0.412658 0.592153 0.425202 0.592153 0.422371 0.529466 0.580647 0.384784 0.597099 0.384784 0.442037 0.529466 0.425585 
					</float_array>
					<technique_common>
						<accessor count="231" offset="0" source="#meshId5-tex0-array" stride="2">
							<param name="S" type="float" />
							<param name="T" type="float" />
						</accessor>
					</technique_common>
				</source>
				<vertices id="meshId5-vertices">
					<input semantic="POSITION" source="#meshId5-positions" />
				</vertices>
				<polylist count="180" material="defaultMaterial">
					<input offset="0" semantic="VERTEX" source="#meshId5-vertices" />
					<input offset="0" semantic="NORMAL" source="#meshId5-normals" />
					<input offset="0" semantic="TANGENT" source="#meshId5-tangents" />
					<input offset="0" semantic="BINORMAL" source="#meshId5-bitangents" />
					<input offset="0" semantic="TEXCOORD" source="#meshId5-tex0" set="0" />
					<vcount>
						3 3 3 3 3 3 3 3 3 3 3 3 3 3 3 3 3 3 3 3 3 3 3 3 3 3 3 3 3 3 3 3 3 3 3 3 3 3 3 3 3 3 3 3 3 3 3 3 3 3 3 3 3 3 3 3 3 3 3 3 3 3 3 3 
						3 3 3 3 3 3 3 3 3 3 3 3 3 3 3 3 3 3 3 3 3 3 3 3 3 3 3 3 3 3 3 3 3 3 3 3 3 3 3 3 3 3 3 3 3 3 3 3 3 3 3 3 3 3 3 3 3 3 3 3 3 3 3 3 
						3 3 3 3 3 3 3 3 3 3 3 3 3 3 3 3 3 3 3 3 3 3 3 3 3 3 3 3 3 3 3 3 3 3 3 3 3 3 3 3 3 3 3 3 3 3 3 3 3 3 3 3 
					</vcount>
					<p>
						3 0 1 1 2 3 7 4 5 5 6 7 11 8 9 9 10 11 15 12 13 13 14 15 19 16 17 17 18 19 23 20 21 21 22 23 27 24 25 25 26 27 31 28 29 29 30 31 35 32 33 33 34 35 39 36 37 37 38 39 13 24 27 27 14 13 41 0 3 3 40 41 45 42 43 43 44 45 29 36 39 39 30 29 47 46 41 41 40 47 7 20 42 42 45 7 33 32 48 48 49 33 51 50 35 35 34 51 53 43 42 42 52 53 55 54 16 16 19 55 59 56 57 57 58 59 44 60 61 61 45 44 63 62 54 54 55 63 6 21 20 20 7 6 67 64 65 65 66 67 36 33 49 49 37 36 28 51 34 34 29 28 52 42 20 20 23 52 58 57 8 8 11 58 45 61 4 4 7 45 71 68 69 69 70 71 75 72 73 73 74 75 
						79 76 77 77 78 79 83 80 81 81 82 83 87 84 85 85 86 87 91 88 89 89 90 91 95 92 93 93 94 95 99 96 97 97 98 99 103 100 101 101 102 103 107 104 105 105 106 107 109 92 108 108 82 109 112 68 110 110 111 112 116 113 114 114 115 116 120 117 118 118 119 120 124 121 122 122 123 124 75 88 125 125 126 75 130 127 128 128 129 130 134 131 132 132 133 134 138 135 136 136 137 138 140 139 84 84 87 140 144 141 142 142 143 144 147 145 146 146 126 147 149 148 139 139 140 149 74 89 88 88 75 74 153 150 151 151 152 153 157 154 155 155 156 157 161 158 159 159 160 161 162 125 88 88 91 162 143 142 76 76 79 143 126 146 72 72 75 126 166 163 164 164 165 166 170 167 168 168 169 170 174 171 172 172 173 174 178 175 176 176 177 178 
						182 179 180 180 181 182 186 183 184 184 185 186 190 187 188 188 189 190 194 191 192 192 193 194 198 195 196 196 197 198 202 199 200 200 201 202 176 187 190 190 177 176 204 163 166 166 203 204 208 205 206 206 207 208 192 199 202 202 193 192 210 209 204 204 203 210 170 183 205 205 208 170 196 195 211 211 212 196 214 213 198 198 197 214 216 206 205 205 215 216 218 217 179 179 182 218 222 219 220 220 221 222 207 223 224 224 208 207 226 225 217 217 218 226 169 184 183 183 170 169 230 227 228 228 229 230 199 196 212 212 200 199 191 214 197 197 192 191 215 205 183 183 186 215 221 220 171 171 174 221 208 224 167 167 170 208 
					</p>
				</polylist>
			</mesh>
		</geometry>
	</library_geometries>
	<library_visual_scenes>
		<visual_scene id="RootNode" name="RootNode">
			<node id="Cube" name="Cube">
				<matrix>100.000000 0.000000 0.000000 0.000000 0.000000 -0.000016 100.000000 161.312027 0.000000 -100.000000 -0.000016 0.000000 0.000000 0.000000 0.000000 1.000000</matrix>
				<instance_geometry url="#meshId0">
					<bind_material>
						<technique_common>
							<instance_material symbol="defaultMaterial" target="#base" />
						</technique_common>
					</bind_material>
				</instance_geometry>
			</node>
			<node id="Cube.001" name="Cube.001">
				<matrix>100.000000 0.000000 0.000000 0.000000 0.000000 -0.000016 100.000000 204.473328 0.000000 -100.000000 -0.000016 -135.141678 0.000000 0.000000 0.000000 1.000000</matrix>
				<instance_geometry url="#meshId1">
					<bind_material>
						<technique_common>
							<instance_material symbol="defaultMaterial" target="#body" />
						</technique_common>
					</bind_material>
				</instance_geometry>
			</node>
			<node id="Cylinder" name="Cylinder">
				<matrix>59.217262 0.000000 0.000000 -3.750170 0.000000 59.217262 -0.000001 307.749664 0.000000 0.000003 11.854595 -93.198013 0.000000 0.000000 0.000000 1.000000</matrix>
				<instance_geometry url="#meshId2">
					<bind_material>
						<technique_common>
							<instance_material symbol="defaultMaterial" target="#lens" />
						</technique_common>
					</bind_material>
				</instance_geometry>
			</node>
			<node id="Cylinder.001" name="Cylinder.001">
				<matrix>100.000000 0.000000 0.000000 125.159203 0.000000 100.000000 -0.000004 245.701935 0.000000 0.000004 100.000000 -84.003654 0.000000 0.000000 0.000000 1.000000</matrix>
				<instance_geometry url="#meshId3">
					<bind_material>
						<technique_common>
							<instance_material symbol="defaultMaterial" target="#buton" />
						</technique_common>
					</bind_material>
				</instance_geometry>
			</node>
			<node id="Cube.004" name="Cube.004">
				<matrix>100.000000 0.000000 0.000000 0.000000 0.000000 -0.000016 100.000000 204.473328 0.000000 -100.000000 -0.000016 -139.903824 0.000000 0.000000 0.000000 1.000000</matrix>
				<instance_geometry url="#meshId4">
					<bind_material>
						<technique_common>
							<instance_material symbol="defaultMaterial" target="#glass" />
						</technique_common>
					</bind_material>
				</instance_geometry>
			</node>
			<node id="Plane" name="Plane">
				<matrix>99.715866 0.000000 0.000000 0.000000 0.000000 -0.000019 100.000000 161.312027 0.000000 -114.479134 -0.000016 -313.439484 0.000000 0.000000 0.000000 1.000000</matrix>
				<instance_geometry url="#meshId5">
					<bind_material>
						<technique_common>
							<instance_material symbol="defaultMaterial" target="#foto" />
						</technique_common>
					</bind_material>
				</instance_geometry>
			</node>
		</visual_scene>
	</library_visual_scenes>
	<scene>
		<instance_visual_scene url="#RootNode" />
	</scene>
</COLLADA>
